시도,시군구,지식산업센터명,입지구분,회사명,등록구분,단지명,관할기관,산단구분,상태,지목,용지면적(제곱미터),건축면적(제곱미터),제조면적(제곱미터),부대면적(제곱미터),공장대표주소(도로명),공장대표주소(지번),분양형태,건축상태,용도지역1,용도지역2,설치자
강원특별자치도,강릉시,강릉 공공임대형 지식산업센터,지식산업센터,강릉시청,승인,강릉과학일반산업단지,강원특별자치도 강릉시,지방산업단지,[신설변경]승인,주차장,7964.00 ,8586.96 ,4344.24 ,4242.72 ,,강원특별자치도 강릉시 사천면 방동리 805-3,,,도시지역,상업지역,공공
강원특별자치도,동해시,동해지식산업센터,지식산업센터,동해시,승인,북평국가산업단지,한국산업단지공단 강원지역본부 동해지사,국가산업단지,[신설]승인,공장용지,37830.70 ,0.00 ,0.00 ,0.00 ,강원특별자치도 동해시 공단12로 13 (구호동),강원특별자치도 동해시 구호동 216,,미착공,도시지역,공업지역,공공
강원특별자치도,동해시,표준공장1동,지식산업센터,(국 산업통상자원부),승인,동해자유무역지역,산업통상자원부 동해자유무역지역관리원,자유무역지역,[신설]승인,공장용지,2272.60 ,4273.83 ,3101.58 ,1172.25 ,강원특별자치도 동해시 공단1로 177 (구호동),강원특별자치도 동해시 구호동 247번지,,건축완료,도시지역,공업지역,공공
강원특별자치도,동해시,표준공장2동,지식산업센터,(국 산업통상자원부),승인,동해자유무역지역,산업통상자원부 동해자유무역지역관리원,자유무역지역,[신설]승인,공장용지,3389.65 ,7046.54 ,4913.97 ,2132.57 ,강원특별자치도 동해시 공단1로 177 (구호동),강원특별자치도 동해시 구호동 247번지,임대,건축완료,도시지역,공업지역,공공
강원특별자치도,동해시,표준공장3동,지식산업센터,(국)산업통상자원부,등록,동해자유무역지역,산업통상자원부 동해자유무역지역관리원,자유무역지역,[완료신고],공장용지,9468.00 ,12207.54 ,12207.54 ,0.00 ,강원특별자치도 동해시 공단1로 177 (구호동),강원특별자치도 동해시 구호동 247번지,임대,건축완료,도시지역,공업지역,공공
강원특별자치도,양양군,"양양군 현남면 북분리 425-7, 460-2",지식산업센터,풍림건설 주식회사,승인,,강원특별자치도 양양군,개별,[신설]승인,"대, 대",9684.00 ,21737.11 ,7302.99 ,14434.12 ,,강원특별자치도 양양군 현남면 북분리 425-7 외 1필지,,미착공,관리지역,계획관리지역,민간
강원특별자치도,양양군,"양양읍 연창리 180-106, 180-14",지식산업센터,(주)스마트라이프 외 1,승인,,강원특별자치도 양양군,개별,[신설]승인,"잡종지, 잡종지",2384.00 ,22078.92 ,7732.44 ,14346.48 ,강원특별자치도 양양군 양양읍 동해대로 2662 외 1필지,강원특별자치도 양양군 양양읍 연창리 180-106 외 1필지,,미착공,도시지역,주거지역,민간
강원특별자치도,원주시,B&I지식산업센터원주,지식산업센터,한국투자부동산신탁 주식회사,등록,,강원특별자치도 원주시,개별,[완료신고],대,10480.30 ,58215.83 ,45559.24 ,12656.59 ,,강원특별자치도 원주시 지정면 가곡리 1335,,미착공,도시지역,공업지역,민간
강원특별자치도,원주시,H타워,지식산업센터,(주)해피룸,등록,,강원특별자치도 원주시,개별,[변경완료신고],대,3212.10 ,19190.45 ,13507.30 ,5683.15 ,강원특별자치도 원주시 혁신로 19,강원특별자치도 원주시 반곡동 1860-5번지,분양/임대,건축완료,도시지역,주거지역,민간
강원특별자치도,원주시,강원혁신지식산업센터,지식산업센터,강원도청,등록,,강원특별자치도 원주시,개별,[완료신고],대,4843.80 ,13804.19 ,11096.54 ,2707.65 ,강원특별자치도 원주시 세계로 9,강원특별자치도 원주시 반곡동 1913-12번지,임대,건축완료,도시지역,주거지역,공공
강원특별자치도,원주시,엔터비즈타워,지식산업센터,더씨티케이(주) (주)엘파트너스,등록,,강원특별자치도 원주시,개별,[완료신고],대,16252.10 ,78590.93 ,61576.38 ,17014.55 ,강원특별자치도 원주시 반곡동 1809-11번지,강원특별자치도 원주시 반곡동 1809-11번지,,건축완료,도시지역,주거지역,민간
강원특별자치도,원주시,원주혁신도시 클러스터용지 8,지식산업센터,정도산업(주),승인,,강원특별자치도 원주시,개별,[신설]승인,대,13063.00 ,35324.45 ,24758.80 ,10565.65 ,강원특별자치도 원주시 반곡동 1922-1번지,강원특별자치도 원주시 반곡동 1922-1번지,,,도시지역,주거지역,민간
강원특별자치도,원주시,의료기기종합지원센터,지식산업센터,(재)원주의료기기 테크노밸리,등록,,강원특별자치도 원주시,개별,[완료신고],대,37117.00 ,31968.65 ,15138.89 ,16829.76 ,강원특별자치도 원주시 지정면 가곡리 0번지 원주기업도시내 기업 1-1,강원특별자치도 원주시 지정면 가곡리 0번지 원주기업도시내 기업 1-1,임대,건축완료,도시지역,공업지역,민간
강원특별자치도,원주시,친환경 디지털 헬스케어 산업 지원센터,지식산업센터,원주시청,승인,,강원특별자치도 원주시,개별,[신설]승인,대,9155.00 ,7232.56 ,4213.13 ,3019.44 ,,강원특별자치도 원주시 지정면 가곡리 1325,임대,미착공,도시지역,공업지역,공공
강원특별자치도,춘천시,산학연 혁신허브,지식산업센터,한국토지주택공사,승인,강원대 캠퍼스 혁신파크 도시첨단산업단지,한국산업단지공단 강원지역본부 춘천지사,도시첨단산업단지,[신설]승인,"학교용지, 학교용지",14765.00 ,22284.86 ,16523.78 ,5761.08 ,강원특별자치도 춘천시 강원대학길 1 (효자동) 외 1필지,강원특별자치도 춘천시 효자동 192-1 외 1필지,,건축중,도시지역,공업지역,공공
강원특별자치도,춘천시,B&I지식산업센터,지식산업센터,신한자산신탁주식회사,등록,춘천후평일반산업단지,한국산업단지공단 강원지역본부 춘천지사,지방산업단지,[완료신고],공장용지,8084.00 ,40330.33 ,23804.68 ,16525.65 ,강원특별자치도 춘천시 소양강로 10,강원특별자치도 춘천시 후평동 623-4,,건축완료,도시지역,공업지역,민간
강원특별자치도,춘천시,바이오융복합산업화지원센터,지식산업센터,춘천시장(전략산업과),승인,춘천후평일반산업단지,한국산업단지공단 강원지역본부 춘천지사,지방산업단지,[신설]승인,공장용지,6183.00 ,11492.15 ,4564.43 ,6927.72 ,,강원특별자치도 춘천시 후평동 623-60,,건축중,도시지역,공업지역,공공
강원특별자치도,춘천시,센트로비즈 춘천 지식산업센터,지식산업센터,코리아신탁(주),승인,춘천후평일반산업단지,한국산업단지공단 강원지역본부 춘천지사,지방산업단지,[신설]승인,공장용지,6166.00 ,29961.26 ,20978.40 ,8982.86 ,"강원특별자치도 춘천시 후석로440번길 29, 센트로비즈 춘천 지식산업센터(후평동)",강원특별자치도 춘천시 후평동 244-36 센트로비즈 춘천 지식산업센터,,,도시지역,공업지역,민간
강원특별자치도,춘천시,춘천 하이테크타워,지식산업센터,춘천하이테크타워 관리단,등록,춘천후평일반산업단지,한국산업단지공단 강원지역본부 춘천지사,지방산업단지,[변경완료신고],"공장용지, 공장용지, 공장용지",14182.00 ,58013.54 ,49253.21 ,8760.34 ,"강원특별자치도 춘천시 후석로420번길 7, 춘천하이테크지식산업센터 (후평동) 외 2필지",강원특별자치도 춘천시 후평동 558-1번지 춘천하이테크지식산업센터 외 2필지,분양,건축완료,도시지역,공업지역,민간
강원특별자치도,춘천시,춘천ICT벤처센터,지식산업센터,춘천시장,등록,춘천후평일반산업단지,한국산업단지공단 강원지역본부 춘천지사,지방산업단지,[변경완료신고],공장용지,4834.00 ,12856.79 ,9058.09 ,3798.70 ,,강원특별자치도 춘천시 후평동 623-58,임대,건축완료,도시지역,공업지역,공공
강원특별자치도,춘천시,춘천바이오벤처프라자,지식산업센터,춘천시청,등록,춘천후평일반산업단지,한국산업단지공단 강원지역본부 춘천지사,지방산업단지,[변경완료신고],대,12962.00 ,8783.55 ,8783.55 ,0.00 ,"강원특별자치도 춘천시 소양강로 56 (후평동, 춘천바이오벤처프라자)",강원특별자치도 춘천시 후평동  198-60번지,임대,건축완료,도시지역,공업지역,공공
강원특별자치도,횡성군,이모빌리티 지식산업센터,지식산업센터,횡성군수,등록,횡성우천일반산업단지,강원특별자치도 횡성군,지방산업단지,[완료신고],공장용지,3903.60 ,3171.06 ,1661.07 ,1509.99 ,,강원특별자치도 횡성군 우천면 상하가리 442,임대,건축완료,도시지역,공업지역,공공
경기도,고양시 덕양구,DMC 마스터원,지식산업센터,신한자산신탁 주식회사,등록,,경기도 고양시,개별,[완료신고],"대, 대",9489.50 ,74094.23 ,34420.54 ,39673.69 ,경기도 고양시 덕양구 향기로 180  (향동동) 외 1필지,경기도 고양시 덕양구 향동동 411 외 1필지,분양,건축완료,도시지역,주거지역,민간
경기도,고양시 덕양구,DMC 아미,지식산업센터,주식회사 하나자산신탁,등록,,경기도 고양시,개별,[완료신고],대,1599.89 ,11983.26 ,5000.68 ,6982.58 ,,경기도 고양시 덕양구 향동동 427,분양,건축완료,도시지역,주거지역,민간
경기도,고양시 덕양구,DMC 플렉스데시앙,지식산업센터,신한자산신탁 주식회사,등록,,경기도 고양시,개별,[완료신고],대,21776.10 ,143457.52 ,63703.28 ,79754.24 ,경기도 고양시 덕양구 향동로 217  (향동동),경기도 고양시 덕양구 향동동 391 동 층 호,분양,건축완료,도시지역,주거지역,민간
경기도,고양시 덕양구,DMC시티워크,지식산업센터,(주)무궁화신탁,승인,,경기도 고양시,개별,[신설]승인,대,18747.80 ,94778.35 ,42815.77 ,51962.58 ,,경기도 고양시 덕양구 향동동 580 도시지원시설 1BL,분양,건축중,도시지역,주거지역,민간
경기도,고양시 덕양구,GL메트로시티 한강,지식산업센터,주식회사 하나자산신탁,등록,,경기도 고양시,개별,[완료신고],대,9479.55 ,131784.05 ,63395.57 ,68388.48 ,경기도 고양시 덕양구 청초로 10 (덕은동),경기도 고양시 덕양구 덕은동 692,분양,건축중,도시지역,상업지역,민간
경기도,고양시 덕양구,GL메트로시티 향동,지식산업센터,케이비부동산신탁주식회사,등록,,경기도 고양시,개별,[완료신고],대,24444.40 ,194813.00 ,93551.91 ,101261.09 ,경기도 고양시 덕양구 향동로 201 (향동동),경기도 고양시 덕양구 향동동 394,분양,건축완료,도시지역,주거지역,민간
경기도,고양시 덕양구,MBN STUDIO 지식산업센터,지식산업센터,(주)매일방송,등록,,경기도 고양시,개별,[완료신고],대,10682.08 ,71842.98 ,26424.40 ,45418.58 ,"경기도 고양시 덕양구 동송로 30(동산동, 삼송 더샵 미디어시티)",경기도 고양시 덕양구 동산동 372 삼송 더샵 미디어시티,임대,건축완료,도시지역,주거지역,민간
경기도,고양시 덕양구,고양 덕은 아이에스비즈타워,지식산업센터,아이에스동서(주),승인,,경기도 고양시,개별,[신설]승인,대,4381.50 ,39003.42 ,20734.95 ,18268.47 ,,경기도 고양시 덕양구 덕은동 319-5 고양덕은지구 업무용지 1BL,분양,미착공,도시지역,상업지역,민간
경기도,고양시 덕양구,고양삼송 한강듀클래스,지식산업센터,신한자산신탁(주),등록,,경기도 고양시,개별,[완료신고],대,9996.40 ,65773.95 ,30091.74 ,35682.21 ,"경기도 고양시 덕양구 삼막3길 5(오금동, 고양삼송 한강듀클래스)",경기도 고양시 덕양구 오금동 686 고양삼송 한강듀클래스,분양,건축완료,도시지역,주거지역,민간
경기도,고양시 덕양구,고양아크비즈,지식산업센터,케이비부동산신탁(주),등록,,경기도 고양시,개별,[완료신고],대,5971.70 ,20820.22 ,1509.19 ,19311.03 ,경기도 고양시 덕양구 원흥동 704번지,경기도 고양시 덕양구 원흥동 704번지,분양,건축완료,도시지역,주거지역,민간
경기도,고양시 덕양구,고양지축 B2-1BL 지식산업센터(가칭),지식산업센터,한국자산신탁 주식회사,승인,,경기도 고양시,개별,[신설]승인,대,34082.50 ,184653.24 ,82282.51 ,102370.73 ,,경기도 고양시 덕양구 지축동 1165,분양,미착공,도시지역,주거지역,민간
경기도,고양시 덕양구,광양프런티어밸리6차,지식산업센터,케이비부동산신탁(주),등록,,경기도 고양시,개별,[완료신고],"대, 대",7217.10 ,46033.59 ,21096.97 ,24936.62 ,경기도 고양시 덕양구 삼원로 83 외 1필지,경기도 고양시 덕양구 원흥동 706번지 외 1필지,분양,건축완료,도시지역,주거지역,민간
경기도,고양시 덕양구,덕은 DMC 아이에스비즈타워 센트럴 1차,지식산업센터,아이에스동서(주),등록,,경기도 고양시,개별,[완료신고],대,6379.00 ,44509.07 ,29562.90 ,14946.17 ,경기도 고양시 덕양구 으뜸로 8 (덕은동),경기도 고양시 덕양구 덕은동 691,분양,건축완료,도시지역,상업지역,민간
경기도,고양시 덕양구,덕은 DMC 아이에스비즈타워 센트럴 2차,지식산업센터,아이에스동서(주),등록,,경기도 고양시,개별,[완료신고],대,15241.00 ,108849.90 ,48828.22 ,60021.68 ,경기도 고양시 덕양구 청초로 19 (덕은동),경기도 고양시 덕양구 덕은동 694,분양,건축완료,도시지역,상업지역,민간
경기도,고양시 덕양구,덕은 DMC 아이에스비즈타워 한강,지식산업센터,아이에스동서(주),승인,,경기도 고양시,개별,[신설]승인,대,17271.46 ,122917.82 ,78798.48 ,44119.34 ,,"경기도 고양시 덕양구 덕은동 425-50 고양 덕은지구 업무시설6,7BL",분양,건축중,도시지역,상업지역,민간
경기도,고양시 덕양구,덕은리버워크,지식산업센터,코리아신탁 주식회사,등록,,경기도 고양시,개별,[완료신고],대,8187.00 ,87620.14 ,37913.89 ,49706.25 ,경기도 고양시 덕양구 청초로 66 (덕은동),경기도 고양시 덕양구 덕은동 0,분양,건축완료,도시지역,상업지역,민간
경기도,고양시 덕양구,루트로닉 센터,지식산업센터,(주)루트로닉,등록,,경기도 고양시,개별,[변경완료신고],대,5556.30 ,7955.97 ,4596.83 ,3359.14 ,경기도 고양시 덕양구 소원로 219 (행신동),경기도 고양시 덕양구 행신동 1098번지,분양,건축완료,도시지역,주거지역,민간
경기도,고양시 덕양구,삼송테크노밸리,지식산업센터,미래삼송프로젝트(주),등록,,경기도 고양시,개별,[변경완료신고],대,47636.00 ,188136.57 ,175096.94 ,13039.63 ,경기도 고양시 덕양구 통일로 140 (동산동),경기도 고양시 덕양구 동산동 376번지,분양,건축완료,도시지역,주거지역,민간
경기도,고양시 덕양구,에이스하이엔드타워 지축역,지식산업센터,신한자산신탁 주식회사,등록,,경기도 고양시,개별,[완료신고],대,6066.90 ,46307.28 ,20496.21 ,25811.08 ,,경기도 고양시 덕양구 동산동 379,분양,건축완료,도시지역,주거지역,민간
경기도,고양시 덕양구,원흥줌하이필드,지식산업센터,(주)케이비부동산신탁,등록,,경기도 고양시,개별,[완료신고],대,3048.80 ,16240.99 ,6926.73 ,9314.26 ,경기도 고양시 덕양구 삼원로 51 (원흥동),경기도 고양시 덕양구 원흥동 702,분양,미착공,도시지역,주거지역,민간
경기도,고양시 덕양구,원흥한일윈스타,지식산업센터,주식회사 무궁화신탁,등록,,경기도 고양시,개별,[완료신고],대,6047.60 ,38904.76 ,17805.46 ,21099.31 ,경기도 고양시 덕양구 삼원로 73,경기도 고양시 덕양구 원흥동 705번지,분양,건축완료,도시지역,주거지역,민간
경기도,고양시 덕양구,지벤컴퍼니타워,지식산업센터,지벤컴퍼니타워,등록,,경기도 고양시,개별,[변경완료신고],대,2886.80 ,12581.53 ,7676.01 ,4905.52 ,경기도 고양시 덕양구 삼원로 55,경기도 고양시 덕양구 원흥동 703번지,임대,건축완료,도시지역,주거지역,민간
경기도,고양시 덕양구,포스콤타워,지식산업센터,(주)포스콤,등록,,경기도 고양시,개별,[변경완료신고],대,3060.80 ,11785.46 ,9100.69 ,2684.77 ,경기도 고양시 덕양구 소원로 227 (행신동),경기도 고양시 덕양구 행신동 1099번지,임대,건축완료,도시지역,주거지역,민간
경기도,고양시 덕양구,현대테라타워 DMC,지식산업센터,한국자산신탁(주),등록,,경기도 고양시,개별,[완료신고],대,21099.50 ,138515.68 ,59972.11 ,78543.57 ,경기도 고양시 덕양구 향동로 218  (향동동),경기도 고양시 덕양구 향동동 396 동 층 호,분양,건축완료,도시지역,주거지역,민간
경기도,고양시 덕양구,현대테라타워 향동,지식산업센터,신한자산신탁 주식회사,등록,,경기도 고양시,개별,[완료신고],대,11462.00 ,48779.19 ,24393.87 ,24385.33 ,경기도 고양시 덕양구 향기로 182  (향동동),경기도 고양시 덕양구 향동동 410 동 층 호,분양,건축완료,도시지역,주거지역,민간
경기도,고양시 덕양구,현대프리미어캠퍼스 지축역,지식산업센터,주식회사 하나자산신탁,등록,,경기도 고양시,개별,[완료신고],대,19380.10 ,130991.20 ,45110.18 ,85881.02 ,,경기도 고양시 덕양구 동산동 380,분양,건축중,도시지역,주거지역,민간
경기도,고양시 일산동구,GH Biz & 고양,지식산업센터,경기주택도시공사,승인,,경기도 고양시,개별,[신설]승인,대,16234.72 ,201103.66 ,141593.41 ,59510.25 ,,"경기도 고양시 일산동구 장항동 1818, 1819(고양관광문화단지 O5, O6블럭)",분양/임대,,도시지역,상업지역,공공
경기도,고양시 일산동구,KT그룹 통합미디어,지식산업센터,주식회사 케이티,등록,,경기도 고양시,개별,[변경완료신고],대,32999.70 ,17499.00 ,7463.78 ,10035.22 ,"경기도 고양시 일산동구 경의로 235 (백석동, (주)KT)",경기도 고양시 일산동구 백석동 1141번지 (주)KT,임대,건축완료,도시지역,주거지역,민간
경기도,고양시 일산동구,대방 트리플라온 비즈니스센터1,지식산업센터,대방건설주식회사,등록,,경기도 고양시,개별,[변경완료신고],대,3925.36 ,14207.24 ,12235.28 ,1971.96 ,경기도 고양시 일산동구 하늘마을로 170 (중산동),경기도 고양시 일산동구 중산동  1681번지,분양,건축완료,도시지역,주거지역,민간
경기도,고양시 일산동구,대방 트리플라온 비즈니스센터2,지식산업센터,대방건설주식회사,등록,,경기도 고양시,개별,[완료신고],대,8720.47 ,35661.36 ,30169.48 ,5491.88 ,경기도 고양시 일산동구 하늘마을로 158,경기도 고양시일산동구 중산동 1682번지,분양,건축완료,도시지역,주거지역,민간
경기도,고양시 일산동구,유니테크빌,지식산업센터,풍산종합건설(주),등록,,경기도 고양시,개별,[완료신고],대,0.00 ,94849.55 ,80699.67 ,14149.88 ,"경기도 고양시 일산동구 일산로 142 (백석동, 유니테크빌)",경기도 고양시일산동구 백석동 1141-2번지,분양,건축완료,도시지역,주거지역,민간
경기도,고양시 일산동구,일산 슈프림 더 브릭스타워,지식산업센터,주식회사 진성홀딩스,승인,,경기도 고양시,개별,[신설]승인,공장용지,9885.40 ,60205.15 ,26316.56 ,33888.59 ,,경기도 고양시 일산동구 풍동 1282,분양,미착공,도시지역,주거지역,민간
경기도,고양시 일산동구,일산테크노타운,지식산업센터,중소기업진흥공단,등록,,경기도 고양시,개별,[완료신고],대,19834.40 ,52845.00 ,46461.87 ,6383.13 ,"경기도 고양시 일산동구 일산로 138 (백석동, 일산테크노타운)",경기도 고양시 일산동구 백석동  1141-1번지,분양,건축완료,도시지역,주거지역,공공
경기도,과천시,(주)과천상상PFV,지식산업센터,과천상상PFV,승인,,경기도 과천시,개별,[신설]승인,공장용지,49250.10 ,60872.40 ,0.00 ,60872.40 ,"경기도 과천시 과천대로7길 65(갈현동, 과천상상자이타워)",경기도 과천시 갈현동 456 과천상상자이타워,분양/임대,건축완료,도시지역,주거지역,민간
경기도,과천시,디테크타워,지식산업센터,과천지산옥타피에프브이 주식회사,승인,,경기도 과천시,개별,[신설]승인,답,21506.00 ,81478.89 ,74166.20 ,7312.69 ,"경기도 과천시 과천대로7길 33(갈현동, 디테크타워)",경기도 과천시 갈현동 554 디테크타워,,,도시지역,주거지역,민간
경기도,광명시,GIDC 광명역,지식산업센터,한국자산신탁 주식회사,등록,,경기도 광명시,개별,[완료신고],대,32864.30 ,269190.25 ,208644.41 ,60545.84 ,경기도 광명시 일직로 43(일직동),경기도 광명시 일직동 514,분양/임대,건축완료,도시지역,주거지역,민간
경기도,광명시,광명 티아모 IT타워,지식산업센터,신한자산신탁 주식회사,등록,,경기도 광명시,개별,[완료신고],"대, 대",4882.00 ,56787.33 ,46156.56 ,10630.77 ,경기도 광명시 범안로996번길 6(하안동) 외 1필지,경기도 광명시 하안동 304 외 1필지,분양,건축완료,도시지역,상업지역,민간
경기도,광명시,광명G타워,지식산업센터,(주)하나자산신탁,등록,,경기도 광명시,개별,[완료신고],공장용지,17254.80 ,156427.43 ,112020.20 ,44407.23 ,"경기도 광명시 소하로 190 (소하동, 광명G타워)",경기도 광명시 소하동 1344 광명G타워 동 층 호,분양,건축완료,도시지역,주거지역,민간
경기도,광명시,광명아파트형공장,지식산업센터,광명시범공단,등록,,경기도 광명시,개별,[완료신고],"공장용지, 공장용지",19835.00 ,41769.00 ,39257.00 ,2512.00 ,"경기도 광명시 하안로 228, 광명시범공단 (하안동) 외 1필지",경기도 광명시 하안동 201번지 광명시범공단 외 1필지,분양,건축완료,도시지역,상업지역,공공
경기도,광명시,광명역 엠클러스터,지식산업센터,(주)하나자산신탁,등록,,경기도 광명시,개별,[완료신고],대,11155.90 ,97384.25 ,68493.05 ,28891.20 ,경기도 광명시 덕안로104번길 17 (일직동),경기도 광명시 일직동 501-4,분양,건축완료,도시지역,주거지역,민간
경기도,광명시,광명역자이타워,지식산업센터,(주)하나자산신탁,승인,,경기도 광명시,개별,[신설]승인,대,17448.40 ,120056.47 ,102627.12 ,17429.35 ,경기도 광명시 새빛공원로 67(일직동),경기도 광명시 일직동 515-1,분양,건축완료,도시지역,주거지역,민간
경기도,광명시,광명테크노타운,지식산업센터,대한주택공사,등록,,경기도 광명시,개별,[완료신고],대,2425.00 ,13236.93 ,7879.23 ,5357.70 ,"경기도 광명시 안양천로502번길 15 (철산동, 광명조명타운)",경기도 광명시 철산동  626-3번지,분양,건축완료,도시지역,주거지역,공공
경기도,광명시,광명테크노파크,지식산업센터,에스케이건설(주),등록,,경기도 광명시,개별,[완료신고],"대, 대",36443.00 ,256370.24 ,231684.61 ,24685.63 ,"경기도 광명시 하안로 60 (소하동, 광명테크노파크) 외 1필지",경기도 광명시 소하동 1345 번지 외 1필지,분양,건축완료,도시지역,주거지역,민간
경기도,광명시,에이스광명타워,지식산업센터,하이엔드타워십차 유한회사,등록,,경기도 광명시,개별,[완료신고],대,9190.40 ,69876.66 ,56218.42 ,13658.24 ,"경기도 광명시 하안로 108, 에이스광명타워 (소하동)",경기도 광명시 소하동 1365번지 에이스광명타워,분양,건축완료,도시지역,주거지역,민간
경기도,광명시,현대테라타워광명,지식산업센터,우리자산신탁 주식회사,등록,,경기도 광명시,개별,[완료신고],"대, 대",8267.90 ,99814.87 ,83246.47 ,16568.40 ,경기도 광명시 오리로651번길 10 (하안동) 외 1필지,경기도 광명시 하안동 303번지 외 1필지,분양,건축완료,도시지역,상업지역,민간
경기도,광주시,경기주택도시공사,지식산업센터,경기주택공사,승인,,경기도 광주시,개별,[신설]승인,대,0.00 ,0.00 ,0.00 ,0.00 ,,경기도 광주시 역동 417-2,,건축중,도시지역,주거지역,공공
경기도,구리시,구리 스마트벤처타워,지식산업센터,케이비부동산신탁(주),등록,,경기도 구리시,개별,[완료신고],대,2726.00 ,16552.55 ,13845.26 ,2707.29 ,경기도 구리시 갈매동 13-20번지,경기도 구리시 갈매동 13-20번지,분양,건축완료,도시지역,상업지역,민간
경기도,구리시,구리갈매 금강펜테리움 IX타워,지식산업센터,신한자산신탁 주식회사,등록,,경기도 구리시,개별,[완료신고],"대, 대",31106.00 ,173420.59 ,124079.89 ,49340.70 ,"경기도 구리시 갈매순환로166번길 46, 외1(갈매동) 외 1필지",경기도 구리시 갈매동 552-12 외1 외 1필지,분양,미착공,도시지역,주거지역,민간
경기도,구리시,구리갈매 휴벨라인,지식산업센터,갈매피에 프브이 주식회사,승인,,경기도 구리시,개별,[신설]승인,대,19124.00 ,149627.29 ,105863.75 ,43763.54 ,,경기도 구리시 갈매동 545,분양,,도시지역,주거지역,민간
경기도,구리시,구리갈매아너시티,지식산업센터,(주)서영건설플러스,등록,,경기도 구리시,개별,[완료신고],대,15594.70 ,105150.93 ,80835.30 ,24315.63 ,"경기도 구리시 갈매동 552-6번지 외 2필지(자족유통2용지 2-1, 2-2, 2-3)","경기도 구리시 갈매동 552-6번지 외 2필지(자족유통2용지 2-1, 2-2, 2-3)",분양,건축완료,도시지역,주거지역,민간
경기도,구리시,현대 테라타워구리갈매,지식산업센터,한국자산신탁(주),승인,,경기도 구리시,개별,[분양공고안]승인,"대, 대",17003.00 ,103805.78 ,96176.02 ,7629.76 ,,경기도 구리시 갈매동 552-17 (갈매동) 외 1필지,분양,,도시지역,주거지역,민간
경기도,구리시,힐스테이트 갈매역 스칸센 알토 현대클러스터 A그룹,지식산업센터,주식회사 투게더홀딩스,등록,,경기도 구리시,개별,[완료신고],대,10207.10 ,30887.94 ,22708.19 ,8179.75 ,,경기도 구리시 갈매동 552-1,분양,건축완료,도시지역,주거지역,민간
경기도,구리시,힐스테이트 갈매역 스칸센 알토 현대클러스터 B그룹,지식산업센터,주식회사 투게더홀딩스,등록,,경기도 구리시,개별,[완료신고],대,9928.80 ,27436.21 ,23736.21 ,3700.01 ,,경기도 구리시 갈매동 552-4,,,도시지역,주거지역,민간
경기도,군포시,PK 벤처타워,지식산업센터,PK 벤처타워,등록,,경기도 군포시,개별,[완료신고],대,1531.12 ,7093.42 ,4232.46 ,2860.96 ,"경기도 군포시 산본로54번안길 13 (당정동, PK벤처타워) (총 3 필지) 외 2필지",경기도 군포시 당정동 150-20번지 외 2필지,임대,건축완료,도시지역,공업지역,민간
경기도,군포시,TRIARTS(트리아츠),지식산업센터,(주)군포복합개발피에프브이,승인,,경기도 군포시,개별,[분양공고안]승인,"대, 대, 대",28734.90 ,244267.00 ,109667.40 ,134599.60 ,,경기도 군포시 당동 150-1 외 2필지,,,도시지역,공업지역,민간
경기도,군포시,군포 당정지구 I BL 지식산업센터,지식산업센터,코리아신탁 주식회사,승인,,경기도 군포시,개별,[신설변경]승인,"공장용지, 공장용지",10602.00 ,99979.59 ,44331.68 ,55647.91 ,,경기도 군포시 당정동 59-5 외 1필지,,,도시지역,공업지역,민간
경기도,군포시,군포IT밸리,지식산업센터,아시아신탁주식회사,등록,,경기도 군포시,개별,[완료신고],공장용지,17658.00 ,137032.96 ,63287.41 ,73745.55 ,경기도 군포시 고산로148번길 17 (당정동),경기도 군포시 당정동 1045번지,분양,건축완료,도시지역,공업지역,민간
경기도,군포시,군포LS 지식산업센터,지식산업센터,엘에스전선(주),등록,,경기도 군포시,개별,[완료신고],대,12594.00 ,30771.77 ,10453.37 ,20318.40 ,경기도 군포시 공단로140번길 27 (당정동),경기도 군포시 당정동 181번지,분양/임대,건축완료,도시지역,공업지역,민간
경기도,군포시,군포SK벤티움,지식산업센터,(주)옵토매직,등록,,경기도 군포시,개별,[완료신고],공장용지,28591.52 ,122317.18 ,94098.29 ,28218.89 ,경기도 군포시 고산로 166,경기도 군포시 당정동 522번지 외2필지,분양,건축완료,도시지역,공업지역,민간
경기도,군포시,군포제일공단,지식산업센터,군포제일공단,등록,,경기도 군포시,개별,[완료신고],공장용지,4177.00 ,16355.13 ,12908.80 ,3446.33 ,"경기도 군포시 당정로75번길 23 (당정동, 군포제일공단)",경기도 군포시 당정동 323-1 군포제일공단,,건축완료,도시지역,공업지역,민간
경기도,군포시,군포현대아이밸리,지식산업센터,아이밸리군포,등록,,경기도 군포시,개별,[완료신고],공장용지,6546.00 ,36867.41 ,21555.13 ,15312.28 ,"경기도 군포시 공단로 149, 외 6필지 (당동)",경기도 군포시 당동 14-1번지,분양,건축중,도시지역,공업지역,민간
경기도,군포시,금봉테크노밸리(Ⅱ),지식산업센터,금봉산업개발(주),등록,,경기도 군포시,개별,[완료신고],대,2173.00 ,8989.67 ,5746.40 ,3243.27 ,"경기도 군포시 고래들길 56 (당정동, 금봉테크노벨리아파트형공장)",경기도 군포시 당정동 92-4번지,분양,건축완료,도시지역,공업지역,민간
경기도,군포시,금봉테크노벨리,지식산업센터,금봉산업개발(주),등록,,경기도 군포시,개별,[완료신고],공장용지,1535.71 ,6165.62 ,4104.00 ,2061.62 ,"경기도 군포시 산본로48번길 32 (당정동, 금봉아파트형공장)",경기도 군포시 당정동 59-3번지,분양,건축완료,도시지역,공업지역,민간
경기도,군포시,대영tower,지식산업센터,박정화,등록,,경기도 군포시,개별,[완료신고],공장용지,372.20 ,960.94 ,661.22 ,299.72 ,"경기도 군포시 공단로 356-51 (산본동, 대영타워)",경기도 군포시 산본동 1026-51번지,임대,,도시지역,공업지역,민간
경기도,군포시,동영벤처스텔,지식산업센터,동영종합건설(주),등록,,경기도 군포시,개별,[완료신고],공장용지,690.00 ,2394.68 ,1909.43 ,485.25 ,경기도 군포시 공단로 97 (당동),경기도 군포시 당동  135-1번지,,건축완료,도시지역,공업지역,민간
경기도,군포시,삼성IT타워,지식산업센터,삼성아이티,등록,,경기도 군포시,개별,[완료신고],공장용지,2275.00 ,10093.83 ,5455.80 ,4638.03 ,경기도 군포시 엘에스로 196 (산본동),경기도 군포시 산본동 18-11번지,임대,,도시지역,공업지역,민간
경기도,군포시,삼풍데파트,지식산업센터,삼풍데파트,등록,,경기도 군포시,개별,[변경완료신고],공장용지,1001.00 ,4306.00 ,2816.06 ,1489.94 ,"경기도 군포시 당정로 57 (당정동, 삼풍데파트)",경기도 군포시 당정동 324-18 삼풍데파트 동 층 호,,건축완료,도시지역,공업지역,민간
경기도,군포시,삼풍프라자,지식산업센터,삼풍프라자 관리사무소,등록,,경기도 군포시,개별,[완료신고],공장용지,2049.00 ,9435.61 ,9146.24 ,289.37 ,"경기도 군포시 봉성로 82-7 (당정동, 삼풍프라자)",경기도 군포시 당정동 474 삼풍프라자 동 층 호,,건축완료,도시지역,공업지역,민간
경기도,군포시,성우빌딩,지식산업센터,성우전자 주식회사,등록,,경기도 군포시,개별,[완료신고],"공장용지, 공장용지",1267.70 ,4976.94 ,2136.76 ,2840.18 ,,경기도 군포시 산본동 1026-22 외 1필지,임대,건축완료,도시지역,공업지역,민간
경기도,군포시,센트럴 비즈파크,지식산업센터,교보자산신탁(주),등록,,경기도 군포시,개별,[완료신고],공장용지,3605.00 ,27341.65 ,22413.15 ,4928.50 ,경기도 군포시 공단로140번길 38 (당정동),경기도 군포시 당정동 181-38 동 층 호,,건축완료,도시지역,공업지역,민간
경기도,군포시,스카이비즈,지식산업센터,우리자산신탁주식회사,등록,,경기도 군포시,개별,[완료신고],"공장용지, 공장용지, 공장용지, 공장용지, 공장용지, 공장용지, 공장용지, 공장용지",4371.00 ,36496.40 ,16613.93 ,19882.47 ,경기도 군포시 농심로 2 외 7필지,경기도 군포시 당정동 1054번지 외 7필지,분양/임대,건축완료,도시지역,공업지역,민간
경기도,군포시,신광프라자,지식산업센터,신광프라자,등록,,경기도 군포시,개별,[완료신고],공장용지,3138.00 ,5756.19 ,3825.31 ,1930.88 ,경기도 군포시 공단로140번길 32-19 (당정동),경기도 군포시 당정동 181-40번지,분양/임대,건축완료,도시지역,공업지역,민간
경기도,군포시,신라테크노빌,지식산업센터,(주)성진산업개발,등록,,경기도 군포시,개별,[완료신고],공장용지,6760.00 ,28353.94 ,20012.10 ,8341.84 ,"경기도 군포시 당정로 90 (당정동, 신라테크노빌)",경기도 군포시 당정동 1128 신라테크노빌,,건축완료,도시지역,공업지역,민간
경기도,군포시,신일IT유토,지식산업센터,주식회사 대승디엔씨,등록,,경기도 군포시,개별,[완료신고],"공장용지, 공장용지, 공장용지",8795.00 ,47978.72 ,24131.05 ,23847.67 ,"경기도 군포시 엘에스로 13 (당정동, 신일IT유토지식산업센터) 외 2필지",경기도 군포시 당정동 2-3번지 신일IT유토지식산업센터 외 2필지,분양,미착공,도시지역,공업지역,민간
경기도,군포시,에스에이타워,지식산업센터,주식회사에스에이티,등록,,경기도 군포시,개별,[완료신고],공장용지,3219.90 ,14413.61 ,9587.58 ,4826.03 ,"경기도 군포시 엘에스로 175, 외2필지 (산본동)",경기도 군포시 산본동 1026-30번지,분양,건축완료,도시지역,공업지역,민간
경기도,군포시,에이스 하이테크시티 군포 지식산업센터,지식산업센터,(주)코람코자산신탁,등록,,경기도 군포시,개별,[완료신고],공장용지,5721.00 ,50549.23 ,46227.72 ,4321.51 ,경기도 군포시 공단로140번길 52,경기도 군포시 당정동 181-43번지,분양,건축완료,도시지역,공업지역,민간
경기도,군포시,에이프로 테크노피아,지식산업센터,(주)에이프로,등록,,경기도 군포시,개별,[변경완료신고],공장용지,756.30 ,3177.93 ,1944.01 ,1233.92 ,"경기도 군포시 엘에스로115번길 60 (금정동, 에이프로테크노피아)",경기도 군포시 금정동 689-34번지 에이프로테크노피아 빌딩,분양,건축완료,도시지역,공업지역,민간
경기도,군포시,엠테크노센터,지식산업센터,케이비부동산신탁(주),등록,,경기도 군포시,개별,[완료신고],공장용지,8717.00 ,68301.54 ,33213.17 ,35088.37 ,경기도 군포시 공단로140번길 46,경기도 군포시 당정동 181-42번지 (당정2지구 F-1 블럭),분양/임대,미착공,도시지역,공업지역,민간
경기도,군포시,예성팩토링,지식산업센터,예성종합건설(주),등록,,경기도 군포시,개별,[완료신고],전,997.00 ,4560.55 ,3269.70 ,1290.85 ,"경기도 군포시 공단로 223 (금정동, 예성펙토링)",경기도 군포시 금정동 188번지,분양,건축완료,도시지역,공업지역,민간
경기도,군포시,우경타워,지식산업센터,글로벌컨설팅,등록,,경기도 군포시,개별,[완료신고],공장용지,840.00 ,3092.36 ,2030.12 ,1062.24 ,"경기도 군포시 엘에스로182번길 3-15 (산본동, 우경타워)",경기도 군포시 산본동 18-14번지,분양,건축완료,도시지역,공업지역,민간
경기도,군포시,트리아츠(A-2 BL),지식산업센터,(주)군포복합개발피에프브이,승인,,경기도 군포시,개별,[신설]승인,대,36172.00 ,52208.35 ,23569.54 ,28638.81 ,,경기도 군포시 당동 150-1 동 층 호,분양,미착공,도시지역,공업지역,민간
경기도,군포시,트리아츠B,지식산업센터,주식회사 군포복합개발피에프브이,승인,,경기도 군포시,개별,[신설]승인,"잡종지, 잡종지, 잡종지, 잡종지, 잡종지",3611.39 ,52887.24 ,51784.90 ,1102.34 ,,경기도 군포시 당동 153-3 외 4필지,,,도시지역,공업지역,민간
경기도,군포시,한림벤쳐타운,지식산업센터,한림종합건업(주),등록,,경기도 군포시,개별,[완료신고],공장용지,4541.60 ,22231.83 ,20818.86 ,1412.97 ,"경기도 군포시 공단로 284 (금정동, 한림벤처타운)",경기도 군포시 금정동 689-6번지,분양,건축완료,도시지역,공업지역,민간
경기도,군포시,한림휴먼타워,지식산업센터,(주)한림휴먼타워,등록,,경기도 군포시,개별,[완료신고],대,8621.00 ,47083.52 ,21906.34 ,25177.18 ,"경기도 군포시 엘에스로 172 (금정동, 한림휴먼타워) (총 2 필지) 외 1필지",경기도 군포시 금정동 1-40번지 외 1필지,분양,건축완료,도시지역,공업지역,민간
경기도,군포시,한솔테크노타운,지식산업센터,한솔건설(주),등록,,경기도 군포시,개별,[완료신고],답,7384.45 ,35426.68 ,19377.57 ,16049.11 ,"경기도 군포시 경수대로 455 (당정동, 한솔테크노타운)",경기도 군포시 당정동 16-1번지,분양,건축완료,도시지역,공업지역,민간
경기도,군포시,군포 에이스 더블유밸리,지식산업센터,(주)요산요수,등록,군포첨단일반산업단지,경기도 군포시,지방산업단지,[완료신고],공장용지,6151.70 ,38240.39 ,15362.84 ,22877.55 ,경기도 군포시 군포첨단산업2로7번길 8,경기도 군포시 부곡동 1246번지,,미착공,도시지역,공업지역,민간
경기도,김포시,경동미르웰시티,지식산업센터,경동건설산업(주),등록,,경기도 김포시,개별,[변경완료신고],"대, 대",11560.80 ,72499.92 ,32731.45 ,39768.47 ,"경기도 김포시 태장로795번길 15, (장기동, 2008-4번지) (장기동) 외 1필지","경기도 김포시 장기동 2008-4번지 (장기동, 2008-4번지) 외 1필지",분양,,도시지역,주거지역,민간
경기도,김포시,금광테크노벨리,지식산업센터,(주)한국지엔씨(GNC),승인,,경기도 김포시,개별,[분양공고안]승인,대,5204.60 ,33094.77 ,15448.55 ,17646.22 ,경기도 김포시 태장로 765,경기도 김포시 장기동 2008-1번지,분양,,도시지역,주거지역,민간
경기도,김포시,금광하이테크시티,지식산업센터,아시아신탁 주식회사,등록,,경기도 김포시,개별,[완료신고],대,8110.70 ,47933.25 ,43170.25 ,4763.00 ,경기도 김포시 태장로795번길 15 (장기동),경기도 김포시 장기동 2083-4번지,,,도시지역,주거지역,민간
경기도,김포시,김포테라비즈 지식산업센터,지식산업센터,㈜코람코자산신탁,승인,,경기도 김포시,개별,[분양공고안]승인,대,5178.60 ,17580.56 ,12443.51 ,5137.05 ,경기도 김포시 태장로 751,경기도 김포시 장기동 2008-3번지,분양,건축완료,도시지역,주거지역,민간
경기도,김포시,김포한강 듀클래스,지식산업센터,(주)신한자산신탁,등록,,경기도 김포시,개별,[변경완료신고],대,13824.90 ,0.00 ,0.00 ,0.00 ,경기도 김포시 김포한강5로 321(구래동),경기도 김포시 구래동 6877-5,,,도시지역,주거지역,민간
경기도,김포시,디원시티,지식산업센터,교보자산신탁 주식회사,등록,,경기도 김포시,개별,[완료신고],"대, 대, 대",8284.40 ,64284.17 ,23362.41 ,40921.76 ,경기도 김포시 김포한강10로133번길 127 외 2필지,경기도 김포시 구래동 6871-7번지 디원시티 외 2필지,,,도시지역,주거지역,민간
경기도,김포시,디원시티 시그니처,지식산업센터,우리자산신탁 주식회사,등록,,경기도 김포시,개별,[완료신고],"대, 대, 대, 대",9488.00 ,65012.73 ,55272.63 ,9740.10 ,경기도 김포시 김포한강10로133번길 107(구래동) 외 3필지,경기도 김포시 구래동 6871-12 외 3필지,,,도시지역,주거지역,민간
경기도,김포시,라보진 지식산업센터,지식산업센터,(주)비엠에스,등록,,경기도 김포시,개별,[완료신고],공장용지,10251.00 ,17324.10 ,17060.18 ,263.92 ,경기도 김포시 고촌읍 아라육로 16,경기도 김포시 고촌읍 전호리 722번지,,,도시지역,공업지역,민간
경기도,김포시,리브타워,지식산업센터,신영부동산신탁주식회사,등록,,경기도 김포시,개별,[완료신고],대,2495.00 ,18378.41 ,15590.80 ,2787.62 ,,경기도 김포시 구래동 6871-16,,,도시지역,주거지역,민간
경기도,김포시,마스터비즈파크,지식산업센터,(주)위마스터,승인,,경기도 김포시,개별,[분양공고안]승인,대,7044.80 ,44375.17 ,20130.78 ,24244.39 ,경기도 김포시 태장로795번길 23,경기도 김포시 장기동 2083-6번지,분양,,도시지역,주거지역,민간
경기도,김포시,샹보르영무파라드김포한강,지식산업센터,주식회사 하나자산신탁,등록,,경기도 김포시,개별,[완료신고],"대, 대",2173.70 ,38171.89 ,17182.98 ,20988.91 ,경기도 김포시 김포한강10로133번길 165 (구래동) 외 1필지,경기도 김포시 구래동 6871-60 동 층 호 외 1필지,,,도시지역,주거지역,민간
경기도,김포시,센트레비즈,지식산업센터,코리아신탁(주),승인,,경기도 김포시,개별,[분양공고안]승인,대,7459.30 ,0.00 ,0.00 ,0.00 ,,경기도 김포시 구래동 6871-23,,,도시지역,주거지역,민간
경기도,김포시,양촌면아파트형공장,지식산업센터,(주)엔에스이젠,승인,,경기도 김포시,개별,[신설변경]승인,공장용지,51238.00 ,225471.78 ,115332.97 ,110138.81 ,경기도 김포시 양촌읍 0번지 양촌지방산업단지 E블럭 1롯트 (이젠아파트형공장),경기도 김포시 양촌읍 0번지 양촌지방산업단지 E블럭 1롯트 (이젠아파트형공장),분양,미착공,도시지역,공업지역,민간
경기도,김포시,한강르네상스첨단비즈나인,지식산업센터,한국투자부동산신탁(주),등록,,경기도 김포시,개별,[완료신고],"대, 대",12464.80 ,99993.13 ,95853.61 ,4139.52 ,"경기도 김포시 김포한강4로420번길 30 (구래동, 한강비즈나인 지식산업센터) 외 1필지",경기도 김포시 구래동 6877-10 한강비즈나인 지식산업센터 동 층 호 외 1필지,,미착공,도시지역,주거지역,민간
경기도,김포시,한강신도시G타워,지식산업센터,(주)하나자산신탁,등록,,경기도 김포시,개별,[완료신고],대,5160.00 ,31052.80 ,27961.03 ,3091.77 ,경기도 김포시 태장로 755,경기도 김포시 장기동 2008-2번지,분양,,도시지역,주거지역,민간
경기도,김포시,(주)일호,지식산업센터,(주)일호,승인,김포양촌일반산업단지,(사)김포산업단지관리공단,지방산업단지,[신설]승인,"공장용지, 공장용지",0.00 ,0.00 ,0.00 ,0.00 ,경기도 김포시 양촌읍 황금1로80번길 130 외 1필지,경기도 김포시 양촌읍 학운리 3050 번지 외 1필지,,건축중,도시지역,공업지역,민간
경기도,김포시,D.I.M,지식산업센터,(주)디아이엠,승인,김포양촌일반산업단지,(사)김포산업단지관리공단,지방산업단지,[신설]승인,공장용지,2414.30 ,4264.80 ,2579.30 ,1685.50 ,경기도 김포시 양촌읍 학운리 2980-4번지,경기도 김포시 양촌읍 학운리 2980-4번지,,,도시지역,공업지역,민간
경기도,김포시,THE BIG BURN,지식산업센터,(주)제이트로닉스,등록,김포양촌일반산업단지,(사)김포산업단지관리공단,지방산업단지,[완료신고],공장용지,3758.50 ,9797.18 ,8447.20 ,1349.98 ,경기도 김포시 양촌읍 학운리 2980-1번지,경기도 김포시 양촌읍 학운리 2980-1번지,,,도시지역,공업지역,민간
경기도,김포시,뉴아트,지식산업센터,뉴테크,승인,김포양촌일반산업단지,(사)김포산업단지관리공단,지방산업단지,[신설]승인,공장용지,1674.40 ,3211.70 ,2481.54 ,730.16 ,경기도 김포시 양촌읍 학운리 2980-3번지 뉴아트,경기도 김포시 양촌읍 학운리 2980-3번지 뉴아트,,미착공,도시지역,공업지역,민간
경기도,김포시,대성지식산업센타,지식산업센터,(주)대성씨앤씨,승인,김포양촌일반산업단지,(사)김포산업단지관리공단,지방산업단지,[신설]승인,공장용지,4088.50 ,11215.23 ,6403.89 ,4811.34 ,경기도 김포시 양촌읍 학운리 2980-2번지,경기도 김포시 양촌읍 학운리 2980-2번지,분양/임대,미착공,도시지역,공업지역,민간
경기도,김포시,대성지식산업센터,지식산업센터,㈜대성씨앤씨,등록,김포양촌일반산업단지,경기도 김포시,지방산업단지,[완료신고],공장용지,4088.55 ,11215.22 ,6403.88 ,4811.34 ,경기도 김포시 양촌읍 황금1로80번길 39,경기도 김포시 양촌읍 학운리 2980-2번지,,미착공,도시지역,공업지역,민간
경기도,김포시,이젠아파트형공장,지식산업센터,(주)엔에스이젠,등록,김포양촌일반산업단지,(사)김포산업단지관리공단,지방산업단지,[완료신고],공장용지,51238.00 ,225651.60 ,115258.02 ,110393.58 ,경기도 김포시 양촌읍 황금로 117,경기도 김포시 양촌읍 학운리 2979번지,분양,건축완료,도시지역,공업지역,민간
경기도,김포시,일호아파트형공장,지식산업센터,(주)일호,등록,김포양촌일반산업단지,(사)김포산업단지관리공단,지방산업단지,[완료신고],공장용지,33046.80 ,46586.39 ,36698.80 ,9887.59 ,경기도 김포시 양촌읍 3050번지 양촌지방산업단지 H블럭 2로트,경기도 김포시 양촌읍 3050번지 양촌지방산업단지 H블럭 2로트,,미착공,도시지역,공업지역,민간
경기도,김포시,좋은 밸리,지식산업센터,(주)좋은상자,등록,김포양촌일반산업단지,(사)김포산업단지관리공단,지방산업단지,[완료신고],공장용지,3758.50 ,12089.75 ,6457.38 ,5632.37 ,경기도 김포시 양촌읍 황금로127번길 69,경기도 김포시 양촌읍 학운리 2980번지,,,도시지역,공업지역,민간
경기도,남양주시,(주)유만개발,지식산업센터,(주)유만개발,등록,,경기도 남양주시,개별,[완료신고],전,20512.70 ,20512.70 ,19660.50 ,852.20 ,경기도 남양주시 진접읍 금곡리 산 135-2번지 외 9필지,경기도 남양주시 진접읍 금곡리 산 135-2번지 외 9필지,분양,건축완료,,,민간
경기도,남양주시,SY비즈라클,지식산업센터,주식회사위더스,승인,,경기도 남양주시,개별,[분양공고안]승인,대,13900.00 ,79697.04 ,58852.52 ,20844.52 ,,경기도 남양주시 다산동 6243 동 층 호,분양,미착공,도시지역,주거지역,민간
경기도,남양주시,다산 블루웨일 지식산업센터 2차,지식산업센터,(주)유승종합건설,등록,,경기도 남양주시,개별,[완료신고],대,8056.50 ,61559.07 ,43246.80 ,18312.27 ,경기도 남양주시 다산중앙로19번길 25-27 (다산동),경기도 남양주시 다산동 6144-1,분양,건축완료,도시지역,주거지역,민간
경기도,남양주시,다산진건 블루웨일 지식산업센터 1차,지식산업센터,코리아신탁(주),등록,,경기도 남양주시,개별,[완료신고],"대, 대, 대",7458.80 ,56543.21 ,39683.07 ,16860.14 ,경기도 남양주시 다산중앙로19번길 19 (다산동) 외 2필지,경기도 남양주시 다산동 6144번지 외 2필지,분양,건축완료,도시지역,주거지역,민간
경기도,남양주시,도심지식산업센터,지식산업센터,진명종합개발(주),등록,,경기도 남양주시,개별,[완료신고],"공장용지, 공장용지",5085.00 ,19890.00 ,19528.00 ,362.00 ,경기도 남양주시 와부읍 덕소로 234 외 1필지,경기도 남양주시 와부읍 도곡리 1025-1번지 외 1필지,분양,건축완료,도시지역,상업지역,민간
경기도,남양주시,동광비즈타워 지식산업센터,지식산업센터,주식회사 하나자산신탁,등록,,경기도 남양주시,개별,[완료신고],공장용지,12867.10 ,89826.67 ,80130.74 ,9695.93 ,경기도 남양주시 순화궁로 272 (별내동) 동광 비즈타워 별내,경기도 남양주시 별내동 974-1 동광 비즈타워 별내,분양,건축완료,도시지역,주거지역,민간
경기도,남양주시,민족통일 MJ센터 별내 지식산업센터,지식산업센터,민족통일대통령빌딩,승인,,경기도 남양주시,개별,[신설]승인,대,4037.00 ,33566.62 ,25303.56 ,8263.06 ,경기도 남양주시 송산로 123 (별내동),경기도 남양주시 별내동 970,분양,미착공,도시지역,주거지역,민간
경기도,남양주시,별내 디퍼스트,지식산업센터,아시아신탁주식회사,승인,,경기도 남양주시,개별,[신설]승인,대,4050.90 ,25654.45 ,23413.23 ,2241.22 ,,경기도 남양주시 별내동 892-7,,건축중,도시지역,주거지역,민간
경기도,남양주시,"별내 파라곤스퀘어 지식산업센터 (M동,S동)",지식산업센터,코리아신탁(주),등록,,경기도 남양주시,개별,[완료신고],대,17786.90 ,78824.46 ,55208.82 ,23615.64 ,경기도 남양주시 순화궁로 249,경기도 남양주시 별내동 975-3,,미착공,도시지역,주거지역,민간
경기도,남양주시,별내 파라곤스퀘어 지식산업센터 (N동),지식산업센터,코리아신탁(주),등록,,경기도 남양주시,개별,[완료신고],대,5390.00 ,27142.22 ,23707.28 ,3434.94 ,"경기도 남양주시 순화궁로 249(별내동, 별내역 파라곤스퀘어)",경기도 남양주시 별내동 975-1 별내역 파라곤스퀘어,,미착공,도시지역,주거지역,민간
경기도,남양주시,블루오션 별내 지식산업센터,지식산업센터,(주)가온누리 ,등록,,경기도 남양주시,개별,[완료신고],대,2528.60 ,14755.93 ,11732.57 ,3023.36 ,경기도 남양주시 별내3로 402 (별내동),경기도 남양주시 별내동 816,분양,건축완료,도시지역,주거지역,민간
경기도,남양주시,에이스하이엔드타워 별내 지식산업센터,지식산업센터,케이비부동산신탁주식회사,등록,,경기도 남양주시,개별,[완료신고],대,6434.20 ,36719.17 ,29860.90 ,6858.27 ,경기도 남양주시 순화궁로 282 (별내동),경기도 남양주시 별내동 974,분양,건축완료,도시지역,주거지역,민간
경기도,남양주시,엠큐브스퀘어,지식산업센터,교보자산신탁,승인,,경기도 남양주시,개별,[신설]승인,대,30396.00 ,199942.08 ,161436.61 ,38505.46 ,,경기도 남양주시 다산동 6242,분양,건축중,도시지역,주거지역,민간
경기도,남양주시,한강프리미어갤러리,지식산업센터,(주)케이비부동산신탁,등록,,경기도 남양주시,개별,[완료신고],대,9516.00 ,64948.79 ,56927.91 ,8020.88 ,경기도 남양주시 다산지금로163번길 6 (다산동),경기도 남양주시 다산동 6245,,건축완료,도시지역,주거지역,민간
경기도,남양주시,현대 테라타워DIMC,지식산업센터,한국자산신탁,등록,,경기도 남양주시,개별,[완료신고],대,30117.70 ,249723.60 ,174846.15 ,74877.46 ,경기도 남양주시 다산지금로 202(다산동),경기도 남양주시 다산동 6250,분양,건축완료,도시지역,주거지역,민간
경기도,남양주시,현대그리너리캠퍼스별가람역,지식산업센터,(주)하나자산신탁,등록,,경기도 남양주시,개별,[완료신고],대,12937.40 ,79490.27 ,71904.51 ,7585.76 ,경기도 남양주시 별내동 865번지,경기도 남양주시 별내동 865번지,분양,건축중,도시지역,주거지역,민간
경기도,남양주시,현대프리미어캠퍼스 지식산업센터,지식산업센터,(주)하나자산신탁,등록,,경기도 남양주시,개별,[완료신고],"대, 대",39983.50 ,331601.67 ,233037.99 ,98563.68 ,경기도 남양주시 다산동 6143번지 외 1필지,경기도 남양주시 다산동 6143번지 외 1필지,분양,건축완료,도시지역,주거지역,민간
경기도,동두천시,(주)태일전기,지식산업센터,(주)태일전기,등록,,경기도 동두천시,개별,[변경완료신고],공장용지,7110.00 ,5607.48 ,5606.48 ,1.00 ,경기도 동두천시 삼육사로 774 (상패동),경기도 동두천시 상패동 211-1번지,분양,건축완료,도시지역,녹지지역,민간
경기도,동두천시,동두천시 싸이언스타워,지식산업센터,동두천시,등록,,경기도 동두천시,개별,[변경완료신고],공장용지,7397.70 ,8975.59 ,4801.27 ,4174.32 ,"경기도 동두천시 동두천로 97 (지행동, 동두천싸이언스타워) (총 2 필지)",경기도 동두천시 지행동 722-3번지,분양,건축완료,도시지역,주거지역,공공
경기도,동두천시,동두천싸이언스타워 두드림 패션센터,지식산업센터,동두천싸이언스타워 두드림 패션센터,등록,,경기도 동두천시,개별,[완료신고],공장용지,3933.00 ,16406.06 ,7059.97 ,9346.09 ,경기도 동두천시 동두천로 97 (지행동) 두드림패션센터,경기도 동두천시 지행동 722-3,임대,건축완료,도시지역,주거지역,공공
경기도,동두천시,드림시티지식산업센타,지식산업센터,(주)정상인,승인,,경기도 동두천시,개별,[신설]승인,대,1376.00 ,4217.12 ,1970.80 ,2246.32 ,경기도 동두천시 평화로 2850(상봉암동),경기도 동두천시 상봉암동 168-3,,,도시지역,공업지역,민간
경기도,부천시 소사구,골든IT타워,지식산업센터,(주)하나자산신탁,등록,,경기도 부천시,개별,[완료신고],대,5588.00 ,36843.89 ,26237.43 ,10606.46 ,경기도 부천시 소사구 옥길동 794-3번지,경기도 부천시 소사구 옥길동 794-3번지,분양,건축완료,도시지역,주거지역,민간
경기도,부천시 소사구,광양프런티어밸리 7차,지식산업센터,케이비부동산신탁(주),등록,,경기도 부천시,개별,[완료신고],대,5659.20 ,14983.33 ,13831.85 ,1151.48 ,,경기도 부천시 소사구 옥길동 795-3 (옥길지구 자족시설 5-3BL),분양,건축완료,도시지역,주거지역,민간
경기도,부천시 소사구,광양프런티어밸리5차지식산업센터,지식산업센터,케이비부동산신탁(주),등록,,경기도 부천시,개별,[완료신고],대,5107.90 ,36421.33 ,31417.02 ,5004.31 ,"경기도 부천시 소사구 양지로 237 (옥길동, 광양프런티어밸리 5차 지식산업센터)",경기도 부천시 소사구 옥길동 795-1 광양프런티어밸리 5차 지식산업센터,분양,건축완료,도시지역,주거지역,민간
경기도,부천시 소사구,남성산업(주),지식산업센터,남성산업(주),등록,,경기도 부천시,개별,[완료신고],공장용지,1604.60 ,2105.79 ,1795.84 ,309.95 ,경기도 부천시 소사구 경인로92번길 15 (송내동),경기도 부천시 소사구 송내동 387-18번지,임대,건축완료,도시지역,공업지역,민간
경기도,부천시 소사구,대우테크노타운,지식산업센터,개인,등록,,경기도 부천시,개별,[변경완료신고],대,1387.50 ,4013.54 ,3045.50 ,968.04 ,경기도 부천시 소사구 경인로133번길 14 (송내동),경기도 부천시 소사구 송내동 558번지,임대,건축완료,도시지역,주거지역,민간
경기도,부천시 소사구,더 플랫폼R,지식산업센터,한국자산신탁(주),등록,,경기도 부천시,개별,[완료신고],대,0.00 ,40567.47 ,25626.22 ,14941.25 ,,경기도 부천시 소사구 옥길동 794-2 (부천 옥길지구 자족4-2BL),분양,건축완료,도시지역,주거지역,민간
경기도,부천시 소사구,더랜드 비즈니스파크I,지식산업센터,(주)투게더홀딩스,승인,,경기도 부천시,개별,[신설]승인,대,2627.20 ,17010.20 ,12333.77 ,4676.43 ,,경기도 부천시 소사구 옥길동 793-1,,미착공,도시지역,주거지역,민간
경기도,부천시 소사구,덕성테크노밸리,지식산업센터,덕성기획(주),등록,,경기도 부천시,개별,[완료신고],대,2700.80 ,10465.16 ,8807.00 ,1658.16 ,경기도 부천시 소사구 범안로219번길 87 (옥길동),경기도 부천시 소사구 옥길동 775-3번지,분양,건축완료,도시지역,주거지역,민간
경기도,부천시 소사구,부천콘텐츠센터,지식산업센터,부천시,등록,,경기도 부천시,개별,[변경완료신고],대,4671.40 ,2946.29 ,2736.29 ,210.00 ,경기도 부천시 소사구 경인로60번길 40 (송내동),경기도 부천시 소사구 송내동 398-4번지,임대,건축완료,도시지역,주거지역,공공
경기도,부천시 소사구,서영 아너시티2,지식산업센터,서영개발(주),등록,,경기도 부천시,개별,[완료신고],"대, 대",5255.80 ,31864.10 ,22346.94 ,9517.16 ,경기도 부천시 소사구 양지로 205 (옥길동) 외 1필지,경기도 부천시 소사구 옥길동 793-2 외 1필지,분양,건축완료,도시지역,주거지역,민간
경기도,부천시 소사구,송내테크노밸리,지식산업센터,송내테크노밸리,등록,,경기도 부천시,개별,[완료신고],공장용지,3278.10 ,14866.28 ,7986.65 ,6879.63 ,경기도 부천시 소사구  송내대로30번길 13 (송내동) (총 2 필지),경기도 부천시 소사구  송내동  299-5번지,분양,건축완료,도시지역,공업지역,민간
경기도,부천시 소사구,옥길테크노벨리,지식산업센터,주식회사 어반디앤씨,등록,,경기도 부천시,개별,[완료신고],대,3506.20 ,25209.49 ,17859.69 ,7349.80 ,"경기도 부천시 소사구 범안로219번길 71(옥길동)	",경기도 부천시 소사구 옥길동 775-7,분양,건축완료,도시지역,주거지역,민간
경기도,부천시 소사구,우성테크노파크,지식산업센터,(주)하나자산신탁,등록,,경기도 부천시,개별,[완료신고],,6908.00 ,45547.56 ,31885.61 ,13661.95 ,경기도 부천시 소사구 부광로 220 (옥길동),경기도 부천시 소사구 옥길동 794-1,분양,건축완료,도시지역,주거지역,민간
경기도,부천시 오정구,BK테크노밸리,지식산업센터,BK테크노밸리,등록,,경기도 부천시,개별,[완료신고],공장용지,2783.50 ,4111.40 ,4111.40 ,0.00 ,경기도 부천시 오정구 신흥로511번길 13-39  (오정동),경기도 부천시 오정구 오정동 810-1,분양,건축완료,도시지역,주거지역,민간
경기도,부천시 오정구,뉴테크노타운,지식산업센터,뉴테크노타운,등록,,경기도 부천시,개별,[완료신고],공장용지,992.00 ,3635.53 ,1918.40 ,1717.13 ,"경기도 부천시 오정구  오정로 183-9 (내동, 뉴테크노타운)",경기도 부천시 오정구  내동  212-28번지,분양,건축완료,도시지역,공업지역,민간
경기도,부천시 오정구,다온테크노벨리,지식산업센터,다온정밀,등록,,경기도 부천시,개별,[완료신고],대,1043.20 ,3886.33 ,2960.39 ,925.94 ,경기도 부천시 오정구 신흥로511번길 13-34 (오정동),경기도 부천시 오정구 오정동 808-4번지,분양,건축완료,도시지역,주거지역,민간
경기도,부천시 오정구,다우테크노타운,지식산업센터,다우테크노타운,등록,,경기도 부천시,개별,[완료신고],대,0.00 ,7970.50 ,5733.04 ,2237.46 ,"경기도 부천시 오정구  삼작로233번길 57 (내동, 다우테크노타운)",경기도 부천시 오정구 내동 344번지,분양,건축완료,도시지역,주거지역,민간
경기도,부천시 오정구,다우테크노타운Ⅱ,지식산업센터,다우건설(주),등록,,경기도 부천시,개별,[완료신고],공장용지,1043.60 ,3993.02 ,2627.10 ,1365.92 ,"경기도 부천시 오정구  옥산로 276-1 (내동, 다우테크노타운Ⅱ)",경기도 부천시 오정구 내동 196번지,분양,건축완료,도시지역,공업지역,민간
경기도,부천시 오정구,디클래스I,지식산업센터,(주)자산건설,등록,,경기도 부천시,개별,[완료신고],공장용지,490.40 ,1326.32 ,1151.56 ,174.76 ,경기도 부천시 오정구 부천로397번길 26 (내동),경기도 부천시 오정구 내동 263-1번지,분양,건축완료,도시지역,공업지역,민간
경기도,부천시 오정구,레노부르크,지식산업센터,(주)대덕강업,등록,,경기도 부천시,개별,[완료신고],공장용지,7817.10 ,38372.32 ,28070.55 ,10301.77 ,,경기도 부천시 오정구 오정동 798,분양,건축완료,도시지역,주거지역,민간
경기도,부천시 오정구,부천 대원테크,지식산업센터,부천 대원테크,등록,,경기도 부천시,개별,[완료신고],공장용지,2546.10 ,12626.68 ,8862.37 ,3764.31 ,경기도 부천시 오정구 수도로 149 (내동),경기도 부천시 오정구 내동 201-0,분양,건축완료,도시지역,공업지역,민간
경기도,부천시 오정구,부천테크노파크1단지,지식산업센터,부천시,등록,,경기도 부천시,개별,[완료신고],공장용지,32450.50 ,74787.42 ,69871.72 ,4915.70 ,"경기도 부천시 오정구 삼작로 22, 부천테크노파크 (삼정동)",경기도 부천시 오정구 삼정동 364번지 부천테크노파크,분양,건축완료,도시지역,상업지역,공공
경기도,부천시 오정구,부천테크노파크쌍용3차,지식산업센터,(주)테크노파크비즈시티,등록,,경기도 부천시,개별,[변경완료신고],공장용지,73273.00 ,330282.14 ,315161.09 ,15121.05 ,경기도 부천시 오정구  석천로 397 (삼정동),경기도 부천시 오정구  삼정동  36-1번지,분양,건축완료,도시지역,공업지역,민간
경기도,부천시 오정구,부천테크노파크제3공장,지식산업센터,한국토지신탁,등록,,경기도 부천시,개별,[완료신고],"공장용지, 공장용지",42937.40 ,122080.74 ,102124.20 ,19956.54 ,"경기도 부천시 오정구  석천로 345 (삼정동, 부천테크노파크) 외 1필지",경기도 부천시 오정구 삼정동 365번지 외 1필지,분양,건축완료,도시지역,상업지역,공공
경기도,부천시 오정구,송림벨리타운,지식산업센터,이엔테크(주),등록,,경기도 부천시,개별,[완료신고],공장용지,1476.70 ,4732.58 ,4085.60 ,646.98 ,경기도 부천시 오정구 신흥로511번길 13-42 (오정동),경기도 부천시 오정구 오정동 808-2번지,분양/임대,건축완료,도시지역,주거지역,민간
경기도,부천시 오정구,신한테크노벨리,지식산업센터,주식회사 신한진공,등록,,경기도 부천시,개별,[완료신고],대,1524.00 ,4517.00 ,3949.90 ,567.10 ,경기도 부천시 오정구 신흥로511번길 13-23 (오정동),경기도 부천시 오정구 오정동 810-3번지,분양,건축완료,도시지역,주거지역,민간
경기도,부천시 오정구,우정테크노벨리,지식산업센터,주식회사 우정테크,등록,,경기도 부천시,개별,[완료신고],대,2486.00 ,8578.95 ,8578.95 ,0.00 ,경기도 부천시 오정구 신흥로511번길 61 (오정동),경기도 부천시 오정구 오정동 808-1번지,임대,건축완료,도시지역,주거지역,민간
경기도,부천시 오정구,원일테크노,지식산업센터,(주)한일오닉스,등록,,경기도 부천시,개별,[완료신고],대,1042.00 ,4414.33 ,3002.50 ,1411.83 ,경기도 부천시 오정구 신흥로511번길 13-38 (오정동),경기도 부천시 오정구 오정동 808-3번지,분양,건축완료,도시지역,주거지역,민간
경기도,부천시 오정구,원일테크노Ⅱ,지식산업센터,(주)아이에스인터내셔날,등록,,경기도 부천시,개별,[완료신고],공장용지,2783.50 ,3993.10 ,3794.92 ,198.18 ,"경기도 부천시 오정구 신흥로489번길 56 (오정동, 원일테크노Ⅱ)",경기도 부천시 오정구 오정동 810-1 원일테크노Ⅱ,분양,건축완료,도시지역,주거지역,민간
경기도,부천시 오정구,은하테크노,지식산업센터,은하테크노,등록,,경기도 부천시,개별,[완료신고],대,1418.00 ,4210.30 ,3338.10 ,872.20 ,경기도 부천시 오정구 신흥로511번길 13-33 (오정동),경기도 부천시 오정구 오정동 810-2번지,,,도시지역,주거지역,민간
경기도,부천시 오정구,인철테크노밸리,지식산업센터,"(주)인철스카이정비, 이상섭",등록,,경기도 부천시,개별,[완료신고],"공장용지, 공장용지",2780.00 ,11893.94 ,8992.14 ,2901.80 ,경기도 부천시 오정구  석천로 453 (삼정동) 외 1필지,경기도 부천시 오정구  삼정동 67-6번지 외 1필지,분양,건축완료,도시지역,공업지역,민간
경기도,부천시 오정구,인철테크노밸리2차,지식산업센터,(주)인철스카이정비,등록,,경기도 부천시,개별,[완료신고],공장용지,1344.00 ,5742.81 ,5266.45 ,476.36 ,경기도 부천시 오정구 송내대로 506 (삼정동),경기도 부천시 오정구 삼정동 16-16번지,분양,건축완료,도시지역,공업지역,민간
경기도,부천시 오정구,진택하이테크밸리,지식산업센터,(주)진택산업개발,등록,,경기도 부천시,개별,[완료신고],잡종지,1352.00 ,3455.39 ,2557.55 ,897.84 ,"경기도 부천시 오정구 오정로 110 (삼정동, 진택하이테크밸리)",경기도 부천시 오정구 삼정동 71-26 진택하이테크밸리,분양,건축완료,도시지역,공업지역,민간
경기도,부천시 원미구,(주)두성기계연구,지식산업센터,(주)두성기계연구,등록,,경기도 부천시,개별,[완료신고],공장용지,595.00 ,1591.88 ,1439.88 ,152.00 ,경기도 부천시 원미구  도약로307번길 22 (도당동),경기도 부천시 원미구  도당동  99-9번지,분양,건축완료,도시지역,공업지역,민간
경기도,부천시 원미구,고산테크노벨리,지식산업센터,고산테크노타운,등록,,경기도 부천시,개별,[완료신고],대,989.50 ,3513.60 ,1614.27 ,1899.33 ,"경기도 부천시 원미구  부천로 307 (도당동, 고산테크노밸리)",경기도 부천시 원미구 도당동 99-1번지,분양,건축완료,도시지역,공업지역,민간
경기도,부천시 원미구,구심이엔지,지식산업센터,(주)구심이엔지,등록,,경기도 부천시,개별,[완료신고],공장용지,913.00 ,3878.90 ,3878.90 ,0.00 ,경기도 부천시 원미구 수도로 88-26 (도당동),경기도 부천시 원미구 도당동 222-41번지,임대,건축완료,도시지역,공업지역,민간
경기도,부천시 원미구,대우테크노파크,지식산업센터,중앙소룩스개발(주),등록,,경기도 부천시,개별,[완료신고],대,27606.56 ,126273.45 ,117008.00 ,9265.45 ,"경기도 부천시 원미구  도약로 261 (도당동, 부천대우테크노파크)",경기도 부천시 원미구  도당동  187-7번지,분양,건축완료,도시지역,공업지역,민간
경기도,부천시 원미구,디아크원 지식산업센터,지식산업센터,신영부동산신탁 주식회사,등록,,경기도 부천시,개별,[완료신고],공장용지,4104.50 ,24365.24 ,18945.33 ,5419.91 ,"경기도 부천시 원미구 길주로411번길 20 (춘의동, 춘의 디아크원)",경기도 부천시 원미구 춘의동 73-1 춘의 디아크원,분양,건축완료,도시지역,공업지역,민간
경기도,부천시 원미구,부천테크노밸리 U1 Center,지식산업센터,주식회사 코람코자산신탁,등록,,경기도 부천시,개별,[완료신고],공장용지,10634.50 ,106779.18 ,100140.64 ,6638.54 ,"경기도 부천시 원미구 조마루로385번길 92 (원미동, 부천테크노밸리 U1 center)",경기도 부천시 원미구 원미동 39-1 부천테크노밸리 U1 center,분양,건축완료,도시지역,공업지역,민간
경기도,부천시 원미구,부천테크노월드,지식산업센터,삼아공업(주),등록,,경기도 부천시,개별,[완료신고],"공장용지, 공장용지, 공장용지",0.00 ,11722.40 ,7494.50 ,4227.90 ,"경기도 부천시 원미구  도약로 287 (도당동, 부천테크노월드) 외 2필지",경기도 부천시 원미구 도당동 163-15번지 외 2필지,분양,건축완료,도시지역,공업지역,민간
경기도,부천시 원미구,부천테크노파크2단지,지식산업센터,부천시,등록,,경기도 부천시,개별,[완료신고],공장용지,31790.10 ,89106.19 ,69782.15 ,19324.04 ,"경기도 부천시 원미구 송내대로 388, 부천테크노파크 (약대동)",경기도 부천시 원미구 약대동 192번지 부천테크노파크,분양/임대,건축완료,도시지역,상업지역,공공
경기도,부천시 원미구,부천테크노파크제4공장,지식산업센터,한국토지신탁,등록,,경기도 부천시,개별,[완료신고],공장용지,26521.30 ,76763.36 ,74492.54 ,2270.82 ,"경기도 부천시 원미구  평천로 655 (약대동, 부천 테크노파크)",경기도 부천시 원미구 약대동 193번지,분양,건축완료,도시지역,상업지역,민간
경기도,부천시 원미구,비즈타워,지식산업센터,대일소재(주),등록,,경기도 부천시,개별,[완료신고],공장용지,2579.00 ,13378.25 ,9366.96 ,4011.29 ,경기도 부천시 원미구 정주로 94 (도당동),경기도 부천시 원미구 도당동 222-12번지,분양,건축완료,도시지역,공업지역,민간
경기도,부천시 원미구,삼보테크노타워,지식산업센터,주식회사 에스비개발프로젝트,등록,,경기도 부천시,개별,[완료신고],공장용지,19410.00 ,181159.81 ,170755.24 ,10404.57 ,경기도 부천시 원미구 조마루로385번길 122 (춘의동),경기도 부천시 원미구 춘의동 195번지,분양,건축완료,도시지역,공업지역,민간
경기도,부천시 원미구,서림테크노파크 3차,지식산업센터,명성프라자,등록,,경기도 부천시,개별,[완료신고],공장용지,1318.50 ,5518.28 ,5518.28 ,0.00 ,경기도 부천시 원미구 원미로 187 (원미동),경기도 부천시 원미구 원미동 4-9번지,분양,건축완료,도시지역,공업지역,민간
경기도,부천시 원미구,서림테크노파크II,지식산업센터,서림종합건설(주),등록,,경기도 부천시,개별,[완료신고],대,1338.36 ,7521.36 ,3858.80 ,3662.56 ,경기도 부천시 원미구 부천로 295 (도당동),경기도 부천시 원미구 도당동 253-1번지,분양,건축완료,도시지역,공업지역,민간
경기도,부천시 원미구,서림테크노파크Ⅰ,지식산업센터,서림종합건설(주),등록,,경기도 부천시,개별,[완료신고],공장용지,2854.20 ,12084.63 ,8867.80 ,3216.83 ,경기도 부천시 원미구 부천로198번길 27 (춘의동),경기도 부천시 원미구 춘의동 165-1번지,분양,건축완료,도시지역,공업지역,민간
경기도,부천시 원미구,신중동 더퍼스트 지식산업센터,지식산업센터,케이비부동산신탁 주식회사,등록,,경기도 부천시,개별,[완료신고],공장용지,4129.00 ,29045.39 ,20342.50 ,8702.89 ,경기도 부천시 원미구 정주로 53 (약대동),경기도 부천시 원미구 약대동 177,,미착공,도시지역,공업지역,민간
경기도,부천시 원미구,와이제니스파크,지식산업센터,(주)와이엔건설,등록,,경기도 부천시,개별,[완료신고],공장용지,2828.10 ,14673.11 ,6447.01 ,8226.10 ,"경기도 부천시 원미구  부천로 323 (도당동, y-제니스 파크)",경기도 부천시 원미구 도당동 95-2번지 와이엔벤처타운,분양,건축완료,도시지역,공업지역,민간
경기도,부천시 원미구,웹툰융합센터,지식산업센터,부천시청(문화산업전략과),등록,,경기도 부천시,개별,[완료신고],대,9613.70 ,9080.79 ,7058.85 ,2021.94 ,경기도 부천시 원미구 길주로 17 (상동),경기도 부천시 원미구 상동 529-28,임대,건축완료,도시지역,상업지역,공공
경기도,부천시 원미구,은성테크노,지식산업센터,은성테크노,등록,,경기도 부천시,개별,[완료신고],공장용지,1061.00 ,4515.35 ,4191.99 ,323.36 ,경기도 부천시 원미구 신흥로 338 (도당동),경기도 부천시 원미구 도당동 222-39번지,분양,건축완료,도시지역,공업지역,민간
경기도,부천시 원미구,춘의테크노파크,지식산업센터,(주)시대건설,등록,,경기도 부천시,개별,[완료신고],공장용지,13401.80 ,84957.36 ,80470.50 ,4486.86 ,"경기도 부천시 원미구  부천로198번길 36 (춘의동, 춘의테크노파크)",경기도 부천시 원미구 춘의동 200-1번지,분양,건축완료,도시지역,공업지역,민간
경기도,부천시 원미구,춘의테크노파크3차,지식산업센터,(주)한국토지신탁,등록,,경기도 부천시,개별,[완료신고],공장용지,3811.20 ,29262.22 ,15198.93 ,14063.29 ,경기도 부천시 원미구 조마루로385번길 80 (원미동),경기도 부천시 원미구 원미동 41-2번지,분양,건축완료,도시지역,공업지역,민간
경기도,부천시 원미구,춘의테크노파크Ⅱ,지식산업센터,건진기업(주),등록,,경기도 부천시,개별,[완료신고],공장용지,12085.80 ,77450.69 ,73884.36 ,3566.33 ,"경기도 부천시 원미구  부천로198번길 18 (춘의동, 춘의테크노파크II)",경기도 부천시 원미구 춘의동 202번지,,건축완료,도시지역,공업지역,민간
경기도,부천시 원미구,부천 U1 Center,지식산업센터,주식회사 포유씨앤디,승인,서울온수일반산업단지,서울온수산업단지관리공단,지방산업단지,[신설]승인,"공장용지, 공장용지, 공장용지, 공장용지",6192.00 ,56188.06 ,41036.36 ,15151.70 ,경기도 부천시 원미구 부일로815번길 37(역곡동) 외 3필지,역곡동 24-3 외 3필지,분양,미착공,도시지역,공업지역,민간
경기도,부천시 원미구,히트비젼타워,지식산업센터,(주)에이치아이티에스,등록,서울온수일반산업단지,서울온수산업단지관리공단,지방산업단지,[완료신고],공장용지,1616.00 ,4812.70 ,3850.16 ,962.54 ,"경기도 부천시 원미구 부일로809번길 81, 히트비젼타워 2층 (역곡동)",경기도 부천시 원미구 역곡동 24-15번지 히트비젼타워 2층,분양,,도시지역,공업지역,민간
경기도,성남시 분당구,분당남서울첨단,지식산업센터,(주)신성이엔지,등록,,경기도 성남시,개별,[완료신고],공장용지,3106.00 ,8909.31 ,8403.87 ,505.44 ,경기도 성남시 분당구 대왕판교로395번길 8,경기도 성남시분당구 백현동 404-6번지,분양,건축완료,도시지역,녹지지역,민간
경기도,성남시 분당구,분당테크노파크,지식산업센터,성남시,등록,,경기도 성남시,개별,[완료신고],"대, 대, 대, 대",90804.60 ,89837.60 ,84618.55 ,5219.05 ,"경기도 성남시 분당구 판교로 700 (야탑동) 분당테크노파크 분당테크노파크 D,E동 외 3필지",경기도 성남시 분당구 야탑동 151-0 분당테크노파크 외 3필지,분양,건축완료,도시지역,상업지역,공공
경기도,성남시 수정구,반도 아이비 밸리,지식산업센터,(주)제니스개발,등록,,경기도 성남시,개별,[완료신고],공장용지,6809.00 ,41544.66 ,31426.54 ,10118.12 ,경기도 성남시 수정구 청계산로 686 (고등동),경기도 성남시 수정구 고등동 603번지,분양,건축완료,도시지역,상업지역,민간
경기도,성남시 수정구,현대지식산업센터 성남고등,지식산업센터,(주)하나자산신탁,등록,,경기도 성남시,개별,[완료신고],공장용지,7294.40 ,49915.49 ,42969.31 ,6946.18 ,경기도 성남시 수정구 고등로 3 (고등동) 현대지식산업센터 성남고등,경기도 성남시 수정구 고등동 572-0 현대지식산업센터 성남고등,분양,건축완료,도시지역,주거지역,민간
경기도,성남시 수정구,LH 기업성장센터,지식산업센터,한국토지주택공사,등록,판교제2테크노밸리,경기주택도시공사,도시첨단산업단지,[완료신고],대,10990.00 ,53143.55 ,44402.42 ,8741.13 ,경기도 성남시 수정구 창업로 54 (시흥동),경기도 성남시 수정구 시흥동 294-2번지,임대,건축완료,도시지역,공업지역,공공
경기도,성남시 수정구,LH제2기업성장센터,지식산업센터,한국토지주택공사,승인,판교제2테크노밸리,경기주택도시공사,도시첨단산업단지,[신설]승인,대,5355.00 ,25720.68 ,8785.22 ,16935.46 ,"경기도 성남시 수정구 창업로 54 (시흥동, 판교제2테크노밸리기업성장센터)",경기도 성남시 수정구 시흥동 294-2 판교제2테크노밸리기업성장센터,,미착공,도시지역,공업지역,공공
경기도,성남시 수정구,SW드림센터,지식산업센터,특수법인 소프트웨어공제조합,승인,판교제2테크노밸리,경기주택도시공사,도시첨단산업단지,[신설]승인,대,0.00 ,0.00 ,0.00 ,0.00 ,"경기도 성남시 수정구 창업로40번길 20, SW드림센터 (시흥동)",경기도 성남시 수정구 시흥동 326 SW드림센터,,건축중,도시지역,공업지역,공공
경기도,성남시 수정구,경기 기업성장센터,지식산업센터,경기주택도시공사,등록,판교제2테크노밸리,경기주택도시공사,도시첨단산업단지,[완료신고],대,0.00 ,70628.33 ,59896.62 ,10731.71 ,경기도 성남시 수정구 창업로 42 (시흥동),경기도 성남시 수정구 시흥동 293번지,분양/임대,건축완료,도시지역,공업지역,공공
경기도,성남시 수정구,성남글로벌융합센터,지식산업센터,성남시청,승인,판교제2테크노밸리,경기주택도시공사,도시첨단산업단지,[신설]승인,대,5837.00 ,36492.00 ,14096.00 ,22396.00 ,경기도 성남시 수정구 달래내로 46 (시흥동),경기도 성남시 수정구 시흥동 0,분양/임대,건축완료,도시지역,공업지역,공공
경기도,성남시 수정구,판교 IT 센터,지식산업센터,㈜프런티어마루,등록,판교제2테크노밸리,경기주택도시공사,도시첨단산업단지,[완료신고],대,0.00 ,38359.90 ,35051.10 ,3308.80 ,경기도 성남시 수정구 창업로40번길 30 (시흥동),경기도 성남시 수정구 시흥동 330,분양/임대,,도시지역,주거지역,민간
경기도,성남시 수정구,판교글로벌비즈센터,지식산업센터,경기주택도시공사,등록,판교제2테크노밸리,경기주택도시공사,도시첨단산업단지,[완료신고],대,12718.00 ,95588.05 ,26325.04 ,69263.01 ,경기도 성남시 수정구 창업로 43  (시흥동),경기도 성남시 수정구 시흥동 340,분양/임대,건축완료,도시지역,주거지역,공공
경기도,성남시 수정구,판교이노베이션랩,지식산업센터,경기주택도시공사,등록,판교제2테크노밸리,경기주택도시공사,도시첨단산업단지,[완료신고],대,8000.00 ,57668.51 ,29177.04 ,28491.47 ,"경기도 성남시 수정구 금토로80번길 11 (금토동, 판교이노베이션랩 지식산업센터)",경기도 성남시 수정구 금토동 0 판교이노베이션랩 지식산업센터,분양/임대,건축완료,도시지역,공업지역,공공
경기도,성남시 중원구,SK V1,지식산업센터,케이비부동산신탁(주),등록,성남일반산업단지,성남산업단지관리공단,지방산업단지,[완료신고],공장용지,18948.40 ,140396.15 ,58206.86 ,82189.29 ,경기도 성남시 중원구 갈마치로288번길 14 (상대원동),경기도 성남시 중원구 상대원동 5460번지,분양,건축완료,도시지역,공업지역,민간
경기도,성남시 중원구,SK엔테크노파크,지식산업센터,피앤디밸리(주),등록,성남일반산업단지,성남산업단지관리공단,지방산업단지,[완료신고],공장용지,32164.00 ,196562.12 ,110952.30 ,85609.82 ,경기도 성남시 중원구 사기막골로 124 (상대원동),경기도 성남시 중원구 상대원동 190-1,분양,건축완료,도시지역,공업지역,민간
경기도,성남시 중원구,SK지식산업센터,지식산업센터,(주)에이스침대,등록,성남일반산업단지,성남산업단지관리공단,지방산업단지,[완료신고],공장용지,8260.00 ,43642.08 ,26037.78 ,17604.30 ,"경기도 성남시 중원구 갈마치로 234 (상대원동, 에이스아파트형공장)",경기도 성남시중원구 상대원1동 223-28번지,분양,건축완료,도시지역,공업지역,민간
경기도,성남시 중원구,금강펜테리움IT타워,지식산업센터,(주)금강주택,등록,성남일반산업단지,성남산업단지관리공단,지방산업단지,[완료신고],공장용지,17082.00 ,89284.30 ,42521.77 ,46762.53 ,"경기도 성남시 중원구 갈마치로 215 (상대원동, 금강펜테리움IT타워)",경기도 성남시 중원구 상대원동  333-7번지,분양,건축완료,도시지역,공업지역,민간
경기도,성남시 중원구,금강하이테크밸리,지식산업센터,(주)한국토지신탁,등록,성남일반산업단지,성남산업단지관리공단,지방산업단지,[완료신고],공장용지,6617.90 ,40353.00 ,39179.00 ,1174.00 ,"경기도 성남시 중원구 사기막골로 177 (상대원동, 금강하이테크밸리)",경기도 성남시중원구 상대원1동 133-1번지,분양,건축완료,도시지역,공업지역,민간
경기도,성남시 중원구,금강하이테크밸리 2차,지식산업센터,(주)대성엠피씨,등록,성남일반산업단지,성남산업단지관리공단,지방산업단지,[완료신고],공장용지,3968.00 ,20296.68 ,11712.32 ,8584.36 ,"경기도 성남시 중원구 사기막골로 159 (상대원동, 금강하이테크2 아파트형공장)",경기도 성남시 중원구 상대원동  138-1번지,분양,건축완료,도시지역,공업지역,민간
경기도,성남시 중원구,노벨테크노타워,지식산업센터,노벨테크노타워,등록,성남일반산업단지,성남산업단지관리공단,지방산업단지,[완료신고],공장용지,661.20 ,3361.87 ,2141.43 ,1220.44 ,"경기도 성남시 중원구 갈마치로288번길 24 (상대원동, 노벨아파트형공장)",경기도 성남시중원구 상대원1동 138-12번지,분양,건축완료,도시지역,공업지역,민간
경기도,성남시 중원구,대유지식산업센터,지식산업센터,(주)대유에이텍,승인,성남일반산업단지,성남산업단지관리공단,지방산업단지,[신설]승인,공장용지,11000.00 ,44168.60 ,16000.46 ,28168.14 ,"경기도 성남시 중원구 둔촌대로 509(상대원동, 대유위니아타워)",경기도 성남시 중원구 상대원동 500-2 대유위니아타워,,,도시지역,공업지역,민간
경기도,성남시 중원구,델리스지식산업센터,지식산업센터,(주)델리스,등록,성남일반산업단지,성남산업단지관리공단,지방산업단지,[완료신고],공장용지,2312.50 ,9647.32 ,8136.61 ,1510.71 ,경기도 성남시 중원구 사기막골로 164 (상대원동),경기도 성남시 중원구 상대원동 135-5번지 A동,임대,건축완료,도시지역,공업지역,민간
경기도,성남시 중원구,드림테크노,지식산업센터,중일산업개발(주),등록,성남일반산업단지,성남산업단지관리공단,지방산업단지,[변경완료신고],공장용지,2555.00 ,16452.37 ,13179.93 ,3272.44 ,"경기도 성남시 중원구 둔촌대로 464 (상대원동, 드림테크노)",경기도 성남시 중원구 상대원동  513-22번지,분양,건축완료,도시지역,공업지역,민간
경기도,성남시 중원구,반포테크노피아,지식산업센터,반포산업(주),등록,성남일반산업단지,성남산업단지관리공단,지방산업단지,[완료신고],공장용지,3044.00 ,20383.52 ,10261.57 ,10121.95 ,"경기도 성남시 중원구 갈마치로 186 (상대원동, 반포테크노피아)",경기도 성남시중원구 상대원동 513-3번지,분양,건축완료,도시지역,공업지역,민간
경기도,성남시 중원구,벽산테크노피아,지식산업센터,(주)동서디엔씨,등록,성남일반산업단지,성남산업단지관리공단,지방산업단지,[완료신고],대,5319.00 ,29866.82 ,18250.59 ,11616.23 ,"경기도 성남시 중원구 둔촌대로 560 (상대원동, 벽산테크노피아)",경기도 성남시중원구 상대원1동 434-6번지,분양,건축완료,도시지역,공업지역,민간
경기도,성남시 중원구,선일테크노피아,지식산업센터,(주)선일다이파스,등록,성남일반산업단지,성남산업단지관리공단,지방산업단지,[완료신고],공장용지,7448.00 ,43406.01 ,25952.16 ,17453.85 ,"경기도 성남시 중원구 둔촌대로 555 (상대원동, 선일테크노피아)",경기도 성남시중원구 상대원1동 440번지,분양,건축완료,도시지역,공업지역,민간
경기도,성남시 중원구,선텍시티,지식산업센터,(주)디엠아이마케팅,등록,성남일반산업단지,성남산업단지관리공단,지방산업단지,[완료신고],"공장용지, 공장용지",9400.00 ,59245.44 ,36062.70 ,23182.74 ,"경기도 성남시 중원구 둔촌대로 474 (상대원동, 선텍시티아파트형공장) 외 1필지",경기도 성남시중원구 상대원1동 513-15번지 외 1필지,분양,건축완료,도시지역,공업지역,민간
경기도,성남시 중원구,선텍시티2차,지식산업센터,기마디앤씨(주),등록,성남일반산업단지,성남산업단지관리공단,지방산업단지,[완료신고],"공장용지, 공장용지",5954.00 ,35516.76 ,20121.39 ,15395.37 ,"경기도 성남시 중원구 사기막골로 52 (상대원동, 선텍시티Ⅱ 아파트형공장) 외 1필지",경기도 성남시 중원구 상대원동  307-2번지 외 1필지,분양,건축완료,도시지역,공업지역,민간
경기도,성남시 중원구,성남 센트럴비즈타워3차,지식산업센터,대신자산신탁(주),승인,성남일반산업단지,성남산업단지관리공단,지방산업단지,[신설]승인,공장용지,7735.30 ,31165.90 ,27128.45 ,4037.45 ,,경기도 성남시 중원구 상대원동 333-5,,,도시지역,공업지역,민간
경기도,성남시 중원구,성남센터엠,지식산업센터,(주)하나자산신탁,등록,성남일반산업단지,성남산업단지관리공단,지방산업단지,[완료신고],공장용지,10053.00 ,71016.13 ,26413.08 ,44603.05 ,경기도 성남시 중원구 사기막골로62번길 33,경기도 성남시 중원구 상대원동 223-27번지,분양,건축완료,도시지역,공업지역,민간
경기도,성남시 중원구,성남센트럴비즈타워,지식산업센터,(주)한국토지신탁,등록,성남일반산업단지,성남산업단지관리공단,지방산업단지,[완료신고],공장용지,8191.10 ,63471.78 ,25628.81 ,37842.97 ,경기도 성남시 중원구 갈마치로 314 (상대원동),경기도 성남시 중원구 상대원동 143-2번지,분양,건축완료,도시지역,공업지역,민간
경기도,성남시 중원구,성남센트럴비즈타워2차,지식산업센터,(주)한국토지신탁,등록,성남일반산업단지,성남산업단지관리공단,지방산업단지,[완료신고],공장용지,12991.60 ,94472.69 ,41602.73 ,52869.96 ,경기도 성남시 중원구 사기막골로 99(상대원동),경기도 성남시 중원구 상대원동 5469,분양,건축완료,도시지역,공업지역,민간
경기도,성남시 중원구,성남아이파크디어반,지식산업센터,(주)산단재생2호성남지식산업센터위탁관리부동산투자회사,등록,성남일반산업단지,성남산업단지관리공단,지방산업단지,[완료신고],대,11088.00 ,83481.90 ,33410.24 ,50071.66 ,경기도 성남시 중원구 갈마치로 245  (상대원동),경기도 성남시 중원구 상대원동 252-1 동 층 호,분양/임대,건축중,도시지역,주거지역,민간
경기도,성남시 중원구,성우 ,지식산업센터,(주)성우메디텍,등록,성남일반산업단지,성남산업단지관리공단,지방산업단지,[완료신고],공장용지,3419.00 ,9311.40 ,6658.35 ,2653.05 ,"경기도 성남시 중원구 갈마치로 176(상대원동, 주식회사 성우메디텍)",경기도 성남시 중원구 상대원동 510-9 주식회사 성우메디텍,분양,건축완료,도시지역,공업지역,민간
경기도,성남시 중원구,스타우드,지식산업센터,선우개발,등록,성남일반산업단지,성남산업단지관리공단,지방산업단지,[변경완료신고],"공장용지, 공장용지",3504.80 ,19392.67 ,7926.61 ,11466.06 ,"경기도 성남시 중원구 둔촌대로 400 (상대원동, STARWOOD아파트형공장) 외 1필지",경기도 성남시 중원구 상대원동 5439-1 STARWOOD아파트형공장 동 층 호 외 1필지,분양,건축완료,도시지역,공업지역,민간
경기도,성남시 중원구,스타타워,지식산업센터,(주)광성텍,등록,성남일반산업단지,성남산업단지관리공단,지방산업단지,[완료신고],공장용지,9638.00 ,57015.50 ,27933.77 ,29081.73 ,"경기도 성남시 중원구 사기막골로62번길 37 (상대원동, 스타타워 아파트형공장)",경기도 성남시중원구 상대원동 223-25번지,분양,건축완료,도시지역,공업지역,민간
경기도,성남시 중원구,시콕스타워,지식산업센터,(사)성남산업단지관리공단,등록,성남일반산업단지,성남산업단지관리공단,지방산업단지,[완료신고],공장용지,9417.00 ,57751.85 ,44038.51 ,13713.34 ,"경기도 성남시 중원구 둔촌대로 484 (상대원동, SICOX TOWER)",경기도 성남시 중원구 상대원동  513-14번지,분양,건축완료,도시지역,공업지역,민간
경기도,성남시 중원구,쌍용IT트윈타워(1차),지식산업센터,상우산업개발(주),등록,성남일반산업단지,성남산업단지관리공단,지방산업단지,[완료신고],공장용지,5182.00 ,29285.32 ,17959.74 ,11325.58 ,"경기도 성남시 중원구 둔촌대로 537 (상대원동, 쌍용IT트윈타워 A동)",경기도 성남시중원구 상대원1동 442-17번지,분양,건축완료,도시지역,공업지역,민간
경기도,성남시 중원구,쌍용IT트윈타워(2차),지식산업센터,(주)상우종합건설,등록,성남일반산업단지,성남산업단지관리공단,지방산업단지,[완료신고],공장용지,5191.00 ,29578.75 ,18601.32 ,10977.43 ,"경기도 성남시 중원구 둔촌대로 531 (상대원동, 쌍용IT트윈타워 B동)",경기도 성남시 중원구 상대원동 442-5번지 쌍용IT트윈타워 B동,분양,건축완료,도시지역,공업지역,민간
경기도,성남시 중원구,영원패션클러스터,지식산업센터,(주)영원무역,승인,성남일반산업단지,성남산업단지관리공단,지방산업단지,[신설]승인,"공장용지, 공장용지",8442.40 ,38541.59 ,18422.64 ,20118.95 ,경기도 성남시 중원구 사기막골로 169(상대원동) 외 1필지,경기도 성남시 중원구 상대원동 133-2 외 1필지,임대,건축중,도시지역,공업지역,민간
경기도,성남시 중원구,우림라이온스밸리,지식산업센터,우림건설(주),등록,성남일반산업단지,성남산업단지관리공단,지방산업단지,[완료신고],공장용지,10638.00 ,65136.09 ,29915.71 ,35220.38 ,"경기도 성남시 중원구 둔촌대로457번길 27 (상대원동, 성남 우림 라이온스밸리 1차)",경기도 성남시중원구 상대원동 311-3번지,분양,건축완료,도시지역,공업지역,민간
경기도,성남시 중원구,우림라이온스밸리2차,지식산업센터,우림이비즈(주),등록,성남일반산업단지,성남산업단지관리공단,지방산업단지,[완료신고],공장용지,15321.50 ,97706.03 ,50406.84 ,47299.19 ,"경기도 성남시 중원구 사기막골로45번길 14 (상대원동, 성남 우림 라이온스밸리 2차)",경기도 성남시 중원구 상대원동  146-8번지,분양,건축완료,도시지역,공업지역,민간
경기도,성남시 중원구,우림라이온스밸리3차,지식산업센터,오클랜드(주),등록,성남일반산업단지,성남산업단지관리공단,지방산업단지,[완료신고],공장용지,5987.00 ,37594.03 ,32683.24 ,4910.79 ,"경기도 성남시 중원구 둔촌대로388번길 24 (상대원동, 성남 우림라이온스밸리3차)",경기도 성남시중원구 상대원동 5445번지,분양,건축완료,도시지역,공업지역,민간
경기도,성남시 중원구,우림라이온스밸리5차,지식산업센터,"우림건설(주), 우림글로벌(주)",등록,성남일반산업단지,성남산업단지관리공단,지방산업단지,[완료신고],"공장용지, 공장용지",15480.40 ,99470.10 ,50221.05 ,49249.05 ,"경기도 성남시 중원구 갈마치로 302 (상대원동, 성남 우림 라이온스밸리 5차) 외 1필지",경기도 성남시중원구 상대원동 144-3번지 외 1필지,분양,건축완료,도시지역,공업지역,민간
경기도,성남시 중원구,이노트리,지식산업센터,이노트리(주),등록,성남일반산업단지,성남산업단지관리공단,지방산업단지,[완료신고],공장용지,1698.50 ,8188.87 ,4034.73 ,4154.14 ,"경기도 성남시 중원구 순환로 210 (상대원동, 이노트리아파트형공장)",경기도 성남시 중원구 상대원동  66-1번지,임대,건축완료,도시지역,공업지역,민간
경기도,성남시 중원구,자생메디바이오센터,지식산업센터,(주)제이에스디원,등록,성남일반산업단지,성남산업단지관리공단,지방산업단지,[완료신고],공장용지,10001.00 ,22676.51 ,10777.07 ,11899.44 ,경기도 성남시 중원구 사기막골로 18(상대원동),경기도 성남시 중원구 상대원동 567-1,임대,건축완료,도시지역,공업지역,민간
경기도,성남시 중원구,중앙이노테크,지식산업센터,(주)한국토지신탁,등록,성남일반산업단지,성남산업단지관리공단,지방산업단지,[완료신고],공장용지,4860.00 ,41258.65 ,19813.33 ,21445.32 ,"경기도 성남시 중원구 사기막골로 148, 중앙이노테크 (상대원동)",경기도 성남시 중원구 상대원동  171번지,분양,건축완료,도시지역,공업지역,민간
경기도,성남시 중원구,중앙인더스피아,지식산업센터,중앙인더스피아,등록,성남일반산업단지,성남산업단지관리공단,지방산업단지,[완료신고],공장용지,7116.00 ,33683.18 ,27000.29 ,6682.89 ,"경기도 성남시 중원구 둔촌대로 449 (상대원동, 중앙인더스피아)",경기도 성남시중원구 상대원1동 517-13번지,분양/임대,건축완료,도시지역,공업지역,민간
경기도,성남시 중원구,중앙인더스피아2,지식산업센터,중앙인더스피아2,등록,성남일반산업단지,성남산업단지관리공단,지방산업단지,[완료신고],공장용지,5290.00 ,37833.57 ,16241.82 ,21591.75 ,"경기도 성남시 중원구 사기막골로105번길 25 (상대원동, 중앙인더스피아2아파트형공장)",경기도 성남시중원구 상대원1동 144-5번지,분양,건축완료,도시지역,공업지역,민간
경기도,성남시 중원구,중앙인더스피아5차,지식산업센터,(주)한국토지신탁,등록,성남일반산업단지,성남산업단지관리공단,지방산업단지,[완료신고],공장용지,6617.60 ,37746.60 ,21713.92 ,16032.68 ,"경기도 성남시 중원구 사기막골로 137 (상대원동, 중앙인더스피아5차)",경기도 성남시 중원구 상대원동  138-6번지,분양,건축완료,도시지역,공업지역,민간
경기도,성남시 중원구,중앙인더스피아제3공장,지식산업센터,중앙인더스피아제3공장,등록,성남일반산업단지,성남산업단지관리공단,지방산업단지,[완료신고],공장용지,10116.30 ,45084.82 ,21075.02 ,24009.80 ,"경기도 성남시 중원구 사기막골로105번길 27 (상대원동, 중앙인더스피아3)",경기도 성남시중원구 상대원동 144-1 번지,임대,건축완료,도시지역,공업지역,민간
경기도,성남시 중원구,중일아인스프라츠2차,지식산업센터,중일산업개발(주),등록,성남일반산업단지,성남산업단지관리공단,지방산업단지,[완료신고],공장용지,2428.80 ,14848.87 ,6769.37 ,8079.50 ,"경기도 성남시 중원구 사기막골로 111 (상대원동, 아인스프라츠2차)",경기도 성남시 중원구 상대원동  138-7번지,임대,건축완료,도시지역,공업지역,민간
경기도,성남시 중원구,중일아인스프라츠3차,지식산업센터,돈호개발(주),등록,성남일반산업단지,성남산업단지관리공단,지방산업단지,[완료신고],공장용지,3669.00 ,19580.44 ,9254.61 ,10325.83 ,"경기도 성남시 중원구 둔촌대로 519 (상대원동, 중일 아인스프라츠 3차)",경기도 성남시 중원구 상대원동  442-13번지,분양,건축완료,도시지역,공업지역,민간
경기도,성남시 중원구,크란츠테크노,지식산업센터,크란츠테크노,등록,성남일반산업단지,성남산업단지관리공단,지방산업단지,[완료신고],공장용지,12695.80 ,74817.65 ,35031.60 ,39786.05 ,"경기도 성남시 중원구 둔촌대로 388 (상대원동, 크란츠 테크노)",경기도 성남시중원구 상대원1동 5442-1번지,분양,건축완료,도시지역,주거지역,민간
경기도,성남시 중원구,포스테크노,지식산업센터,(주)한독IC카드,등록,성남일반산업단지,성남산업단지관리공단,지방산업단지,[완료신고],공장용지,11140.00 ,58911.56 ,35755.62 ,23155.94 ,"경기도 성남시 중원구 순환로 165 (상대원동, 포스테크노)",경기도 성남시중원구 상대원1동 234-1번지,분양,건축완료,도시지역,공업지역,민간
경기도,성남시 중원구,한라시그마밸리,지식산업센터,케이비부동산신탁(주),등록,성남일반산업단지,성남산업단지관리공단,지방산업단지,[완료신고],공장용지,8370.00 ,58556.26 ,25411.96 ,33144.30 ,"경기도 성남시 중원구 둔촌대로 545 (상대원동, 한라시그마밸리)",경기도 성남시 중원구 상대원동 442-2,분양,건축완료,도시지역,공업지역,민간
경기도,성남시 중원구,현대I밸리,지식산업센터,현대산업개발(주),등록,성남일반산업단지,성남산업단지관리공단,지방산업단지,[완료신고],공장용지,10196.00 ,44606.00 ,32229.97 ,12376.03 ,"경기도 성남시 중원구 갈마치로244번길 31 (상대원동, 성남 현대 I밸리)",경기도 성남시중원구 상대원1동 223-12번지,분양,건축완료,도시지역,공업지역,민간
경기도,수원시 권선구,프리마비즈타워,지식산업센터,아시아신탁(주),등록,,경기도 수원시,개별,[완료신고],대,8482.10 ,45629.24 ,40815.55 ,4813.69 ,경기도 수원시 권선구 호매실로90번길 24,경기도 수원시 권선구 호매실동 1405-2번지,분양,건축완료,도시지역,상업지역,민간
경기도,수원시 권선구,수원델타원,지식산업센터,한국자산신탁(주),등록,수원델타플렉스일반산업단지,경기도 수원시,지방산업단지,[완료신고],대,9985.10 ,64611.27 ,59675.17 ,4936.10 ,경기도 수원시 권선구 산업로 198,경기도 수원시 권선구 고색동 1098-2번지,분양,건축완료,도시지역,공업지역,민간
경기도,수원시 권선구,수원벤처밸리2,지식산업센터,한국자산신탁(주),등록,수원델타플렉스일반산업단지,수원산업단지관리공단,지방산업단지,[완료신고],공장용지,13278.00 ,84831.39 ,79101.12 ,5730.27 ,경기도 수원시 권선구 고색동 32-1번지 수원일반산업단지(3단지) 32블록 1로트,경기도 수원시 권선구 고색동 32-1번지 수원일반산업단지(3단지) 32블록 1로트,분양,건축완료,도시지역,공업지역,민간
경기도,수원시 권선구,수원첨단벤처밸리,지식산업센터,(사)경기벤처협회,등록,수원델타플렉스일반산업단지,수원산업단지관리공단,지방산업단지,[완료신고],공장용지,7477.30 ,40615.79 ,23934.64 ,16681.15 ,"경기도 수원시 권선구 오목천로152번길 40 (고색동, 고색동 첨단벤처밸리)",경기도 수원시 권선구 고색동  958번지,분양,건축완료,도시지역,공업지역,민간
경기도,수원시 권선구,수원휴먼스카이밸리,지식산업센터,한국전자게임산업협동조합,등록,수원델타플렉스일반산업단지,수원산업단지관리공단,지방산업단지,[완료신고],공장용지,7468.60 ,41644.56 ,24481.59 ,17162.97 ,"경기도 수원시 권선구 오목천로132번길 33 (고색동, 휴먼스카이밸리)",경기도 수원시 권선구 고색동 959 휴먼스카이밸리 동 층 호,분양,건축완료,도시지역,공업지역,민간
경기도,수원시 영통구,(주)덴티움,지식산업센터,(주)덴티움,등록,,경기도 수원시,개별,[완료신고],"대, 대, 대",9800.00 ,63153.11 ,60509.65 ,2643.46 ,경기도 수원시 영통구 창룡대로256번길 76 외 2필지,경기도 수원시 영통구 이의동 1287-1번지 외 2필지,분양/임대,건축완료,도시지역,주거지역,민간
경기도,수원시 영통구,광교 센트럴 비즈타워,지식산업센터,(주)한국토지신탁,등록,,경기도 수원시,개별,[완료신고],"공장용지, 공장용지",6182.20 ,45209.74 ,22474.64 ,22735.10 ,경기도 수원시 영통구 창룡대로 260 외 1필지,경기도 수원시 영통구 이의동 1283번지 외 1필지,분양,건축완료,도시지역,주거지역,민간
경기도,수원시 영통구,광교더퍼스트,지식산업센터,신한자산신탁 주식회사,등록,,경기도 수원시,개별,[완료신고],공장용지,5483.00 ,38802.00 ,36575.10 ,2226.90 ,경기도 수원시 영통구 매영로159번길 19 (원천동) 디알텍,경기도 수원시 영통구 원천동 476-0 디알텍,분양/임대,건축완료,도시지역,공업지역,민간
경기도,수원시 영통구,광교플렉스데시앙,지식산업센터,신한자산신탁(주),등록,,경기도 수원시,개별,[완료신고],대,2692.50 ,44655.53 ,42836.32 ,1819.21 ,경기도 수원시 영통구 창룡대로256번길 50  (이의동),경기도 수원시 영통구 이의동 1285-1,분양,건축완료,도시지역,주거지역,민간
경기도,수원시 영통구,디지털엠파이어,지식산업센터,(주)도모스프라임,등록,,경기도 수원시,개별,[변경완료신고],공장용지,19300.00 ,158646.57 ,90834.47 ,67812.10 ,"경기도 수원시 영통구 덕영대로1556번길 16 (영통동, 디지털엠파이어빌딩)",경기도 수원시 영통구 영통동 980-3 디지털엠파이어빌딩 동 층 호,분양,건축완료,도시지역,주거지역,민간
경기도,수원시 영통구,디지털엠파이어2,지식산업센터,(주)리츠테라,등록,,경기도 수원시,개별,[변경완료신고],공장용지,29339.00 ,142436.00 ,132943.00 ,9493.00 ,"경기도 수원시 영통구 신원로 88 (신동, 디지털엠파이어2) (총 2 필지)",경기도 수원시영통구 신동 486,분양,건축완료,도시지역,공업지역,민간
경기도,수원시 영통구,망포듀엘191,지식산업센터,신한자산신탁 주식회사,승인,,경기도 수원시,개별,[신설]승인,잡종지,1058.00 ,23669.79 ,21642.18 ,2027.61 ,,경기도 수원시 영통구 망포동 19-1,분양,건축중,도시지역,공업지역,민간
경기도,수원시 영통구,삼성테크노파크,지식산업센터,(주)창림씨.앤.비,등록,,경기도 수원시,개별,[완료신고],공장용지,4197.00 ,20126.56 ,8762.15 ,11364.41 ,"경기도 수원시 영통구 중부대로448번길 97 (원천동, 삼성테크노파크)",경기도 수원시 영통구 원천동  471번지,분양,건축완료,도시지역,공업지역,민간
경기도,수원시 영통구,성신테크노,지식산업센터,성신산업(주),등록,,경기도 수원시,개별,[완료신고],공장용지,3100.00 ,9344.07 ,9239.07 ,105.00 ,"경기도 수원시 영통구 영통로323번길 38 (매탄동, 아파트형공장) (총 3 필지)",경기도 수원시 영통구 매탄동  509-7번지,임대,건축완료,도시지역,공업지역,민간
경기도,수원시 영통구,수원벤처프라자,지식산업센터,(주)비케이벨리,등록,,경기도 수원시,개별,[변경완료신고],공장용지,1285.00 ,4654.29 ,3407.25 ,1247.04 ,"경기도 수원시 영통구 삼성로168번길 48 (매탄동, 에스맥(주))",경기도 수원시영통구 매탄동 413-3번지,임대,건축완료,도시지역,공업지역,민간
경기도,수원시 영통구,수원벤처프라자2,지식산업센터,(주)대인모비닉스,등록,,경기도 수원시,개별,[변경완료신고],답,512.00 ,1635.74 ,1174.24 ,461.50 ,"경기도 수원시 영통구 신원로283번길 47 (매탄동, 벤처프라자)",경기도 수원시 영통구 매탄동  409-16번지,분양,건축완료,도시지역,공업지역,민간
경기도,수원시 영통구,수원영통INNOPLEX2,지식산업센터,(주)어반브라더스,등록,,경기도 수원시,개별,[변경완료신고],"공장용지, 공장용지, 공장용지, 공장용지, 공장용지",4160.80 ,21149.81 ,12456.36 ,8693.45 ,"경기도 수원시 영통구 신원로 304 (원천동, 영통 이노플렉스-2단지) 외 4필지",경기도 수원시영통구 원천동 554번지 외 4필지,분양,건축완료,도시지역,공업지역,민간
경기도,수원시 영통구,수원팩토리월드,지식산업센터,천지산업(주),등록,,경기도 수원시,개별,[완료신고],공장용지,10053.00 ,63687.16 ,50725.86 ,12961.30 ,"경기도 수원시 영통구 삼성로 274 (원천동, 수원팩토리월드)",경기도 수원시 영통구 원천동  332-2번지,분양,건축완료,도시지역,공업지역,민간
경기도,수원시 영통구,썬테크노빌,지식산업센터,썬테크노빌,등록,,경기도 수원시,개별,[완료신고],공장용지,1169.00 ,4438.88 ,3601.26 ,837.62 ,"경기도 수원시 영통구 덕영대로1471번길 77 (망포동, 썬테크노빌)",경기도 수원시영통구 망포동 5-27번지,분양,건축완료,도시지역,공업지역,민간
경기도,수원시 영통구,에이스광교타워,지식산업센터,아시아신탁(주),등록,,경기도 수원시,개별,[변경완료신고],대,1677.40 ,46690.74 ,44125.53 ,2565.21 ,"경기도 수원시 영통구 대학4로 17 (이의동) (이의동, 에이스광교타워)",경기도 수원시 영통구 이의동 1248-3,분양,건축완료,도시지역,주거지역,민간
경기도,수원시 영통구,에이스광교타워2,지식산업센터,아시아신탁(주),등록,,경기도 수원시,개별,[완료신고],대,4703.10 ,33503.17 ,31610.36 ,1892.81 ,경기도 수원시 영통구 창룡대로256번길 91,경기도 수원시 영통구 이의동 1286-1번지,분양/임대,건축완료,도시지역,주거지역,민간
경기도,수원시 영통구,에이스광교타워3,지식산업센터,(주)더조은산업개발,등록,,경기도 수원시,개별,[변경완료신고],대,4897.00 ,35089.80 ,32044.01 ,3045.79 ,경기도 수원시 영통구 창룡대로256번길 77,경기도 수원시 영통구 이의동 1286번지,분양,건축완료,도시지역,주거지역,민간
경기도,수원시 영통구,에이스스마트윙영통,지식산업센터,아시아신탁 주식회사,등록,,경기도 수원시,개별,[완료신고],"공장용지, 공장용지, 공장용지",4555.00 ,29838.17 ,23221.62 ,6616.55 ,경기도 수원시 영통구 삼성로 253 외 2필지,경기도 수원시 영통구 원천동 246번지 외 2필지,분양,건축완료,도시지역,공업지역,민간
경기도,수원시 영통구,에이스하이-엔드타워,지식산업센터,(주)와이티아이티,등록,,경기도 수원시,개별,[변경완료신고],잡종지,4820.00 ,31346.89 ,14989.20 ,16357.69 ,"경기도 수원시 영통구 영통로241번길 11, (338, 338-11) (신동, 이화자동차매매상사및영통자동차)","경기도 수원시 영통구 신동 338번지 이화자동차매매상사및영통자동차 (338, 338-11)",분양/임대,건축완료,도시지역,공업지역,민간
경기도,수원시 영통구,영통아이파크디어반,지식산업센터,(주)하나자산신탁,등록,,경기도 수원시,개별,[완료신고],대,6311.00 ,42381.04 ,40502.20 ,1878.84 ,경기도 수원시 영통구 신원로250번길 43(원천동),경기도 수원시 영통구 원천동 399-1,분양,건축완료,도시지역,공업지역,민간
경기도,수원시 영통구,영통이노플렉스1단지,지식산업센터,(주)어반브라더스,등록,,경기도 수원시,개별,[변경완료신고],"공장용지, 공장용지, 공장용지",8918.90 ,54031.50 ,30279.66 ,23751.84 ,"경기도 수원시 영통구 신원로 306 (원천동, 영통 이노플렉스-1단지) 외 2필지",경기도 수원시영통구 원천동 552번지 외 2필지,분양,건축완료,도시지역,공업지역,민간
경기도,수원시 영통구,영통현대테라타워,지식산업센터,(주)무궁화신탁,등록,,경기도 수원시,개별,[완료신고],공장용지,15698.30 ,96946.55 ,72236.56 ,24709.99 ,"경기도 수원시 영통구 신원로250번길 13(원천동, 현대 테라타워 영통)",경기도 수원시 영통구 원천동 627 현대 테라타워 영통,분양,건축완료,도시지역,공업지역,민간
경기도,수원시 영통구,원천동 366-7 외3필지,지식산업센터,주식회사 코람코자산신탁,승인,,경기도 수원시,개별,[신설]승인,공장용지,3896.00 ,26694.08 ,25394.71 ,1299.37 ,"경기도 수원시 영통구 매영로 242,  외3필지(원천동)",경기도 수원시 영통구 원천동 366-7  외3필지,,,도시지역,공업지역,민간
경기도,수원시 영통구,원천동 417-2 지식산업센터,지식산업센터,주식회사 하나자산신탁,승인,,경기도 수원시,개별,[신설]승인,대,5114.00 ,33688.99 ,30682.62 ,3006.37 ,경기도 수원시 영통구 매영로 235(원천동),경기도 수원시 영통구 원천동 417-2,,,도시지역,공업지역,민간
경기도,수원시 영통구,테크트리영통,지식산업센터,(주)무궁화신탁,등록,,경기도 수원시,개별,[완료신고],공장용지,13071.00 ,84466.79 ,30641.25 ,53825.54 ,"경기도 수원시 영통구 신원로 55 (신동, 테크트리 영통 지식산업센터)",경기도 수원시 영통구 신동 478-6 테크트리 영통 지식산업센터 동 층 호,분양,건축완료,도시지역,공업지역,민간
경기도,수원시 영통구,현대테라타워영통패스트웍스,지식산업센터,신한자산신탁 주식회사,승인,,경기도 수원시,개별,[신설]승인,대,8194.91 ,54381.28 ,53027.35 ,1353.93 ,,경기도 수원시 영통구 원천동 347번지 외13필지,분양/임대,건축중,도시지역,공업지역,민간
경기도,수원시 장안구,우성테크노파크 수원정자,지식산업센터,(주)하나자산신탁,등록,,경기도 수원시,개별,[완료신고],"대, 대, 대",8133.00 ,55112.63 ,47967.02 ,7145.61 ,경기도 수원시 장안구 이목로 17 (이목동) 외 2필지,경기도 수원시 장안구 이목동 338-6 외 2필지,분양,건축완료,도시지역,공업지역,민간
경기도,수원시 팔달구,엠제이아이티밸리,지식산업센터,코리아신탁(주),등록,,경기도 수원시,개별,[완료신고],대,799.60 ,8353.61 ,3254.50 ,5099.11 ,"경기도 수원시 팔달구 장다리로 328, 외 3필지 (940-23,24,25) (인계동)","경기도 수원시 팔달구 인계동 940-18번지 외 3필지 (940-23,24,25)",분양/임대,건축완료,도시지역,상업지역,민간
경기도,수원시 팔달구,우만전자공단,지식산업센터,중소기업진흥공단,등록,,경기도 수원시,개별,[완료신고],대,2205.30 ,9806.32 ,7079.27 ,2727.05 ,경기도 수원시 팔달구 창룡대로210번길 12 (우만동),경기도 수원시 팔달구 우만동  300-5번지,분양,건축완료,도시지역,주거지역,공공
경기도,시흥시,(주)두용종합건설,지식산업센터,(주)두용종합건설,승인,,경기도 시흥시,개별,[분양공고안]승인,대,6326.00 ,16103.65 ,16103.65 ,0.00 ,"경기도 시흥시 서울대학로 59-69, 배곧신도시 도시지원시설용지7-1 (정왕동)",경기도 시흥시 정왕동 2579-2번지 배곧신도시 도시지원시설용지7-1,분양,건축중,도시지역,주거지역,민간
경기도,시흥시,(주)비츠로지식산업센터,지식산업센터,(주)비츠로,승인,,경기도 시흥시,개별,[신설]승인,대,539.00 ,897.40 ,617.20 ,280.20 ,경기도 시흥시 군자양지편길 26 (군자동),경기도 시흥시 군자동 505번지,,,도시지역,주거지역,민간
경기도,시흥시,(주)서보스타 지식산업센터,지식산업센터,(주)서보스타,등록,,경기도 시흥시,개별,[완료신고],대,1809.00 ,5658.36 ,3512.47 ,2145.89 ,"	경기도 시흥시 목감둘레로 168-28(조남동)",경기도 시흥시 조남동 687-3,,건축완료,도시지역,주거지역,민간
경기도,시흥시,(주)에이탑 지식산업센터,지식산업센터,(주)에이탑,등록,,경기도 시흥시,개별,[완료신고],대,406.00 ,493.98 ,391.98 ,102.00 ,경기도 시흥시 달월길 19-3,경기도 시흥시 월곶동 452-8번지,분양,건축완료,도시지역,주거지역,민간
경기도,시흥시,(주)유넷트코리아,지식산업센터,(주)유넷트코리아,등록,,경기도 시흥시,개별,[완료신고],"대, 대",1333.00 ,1659.24 ,1659.24 ,0.00 ,경기도 시흥시 금오로238번길 11 (무지내동) 외 1필지,경기도 시흥시 무지내동 21-5번지 외 1필지,,건축완료,도시지역,주거지역,민간
경기도,시흥시,507-1지식산업센터,지식산업센터,507-1지식산업센터,승인,,경기도 시흥시,개별,[신설]승인,"대, 대",425.00 ,538.03 ,484.09 ,53.94 ,경기도 시흥시 신현로 355-48 (방산동) 외 1필지,경기도 시흥시 방산동 507-1번지 외 1필지,,건축완료,도시지역,주거지역,민간
경기도,시흥시,507-2지식산업센터,지식산업센터,507-2지식산업센터,승인,,경기도 시흥시,개별,[신설]승인,대,324.00 ,417.66 ,372.75 ,44.91 ,경기도 시흥시 신현로 355-50 (방산동),경기도 시흥시 방산동 507-2번지,,건축완료,도시지역,주거지역,민간
경기도,시흥시,672-5지식산업센터,지식산업센터,임동환 외 1인,등록,,경기도 시흥시,개별,[완료신고],대,2568.70 ,1960.26 ,990.51 ,969.75 ,경기도 시흥시 은계로 55(은행동),경기도 시흥시 은행동 672-5,,,도시지역,주거지역,민간
경기도,시흥시,A+에이플러스타워,지식산업센터,A+에이플러스타워,등록,,경기도 시흥시,개별,[완료신고],대,724.00 ,850.85 ,850.84 ,0.01 ,"경기도 시흥시 금오로152번길 16 (무지내동, 중동3길6)",경기도 시흥시 무지내동 276-7번지,,미착공,도시지역,주거지역,민간
경기도,시흥시,D&K 지식산업센터,지식산업센터,무진,등록,,경기도 시흥시,개별,[완료신고],대,1787.40 ,8462.54 ,2724.28 ,5738.26 ,경기도 시흥시 은계중앙로306번길 19(대야동),경기도 시흥시 대야동 667,분양/임대,건축완료,도시지역,주거지역,민간
경기도,시흥시,JS지식산업센터(은계자족1-3),지식산업센터,세기정밀,승인,,경기도 시흥시,개별,[신설]승인,대,714.50 ,1976.50 ,1459.40 ,517.10 ,경기도 시흥시 은계중앙로306번길 52-1 (대야동),경기도 시흥시 대야동 664-11,,건축완료,도시지역,주거지역,민간
경기도,시흥시,M-플러스테크노,지식산업센터,코리아신탁주식회사,등록,,경기도 시흥시,개별,[완료신고],대,6040.00 ,43330.07 ,36500.45 ,6829.62 ,경기도 시흥시 서울대학로 59-47 (배곧동),경기도 시흥시 배곧동 291-1,분양,건축완료,도시지역,주거지역,민간
경기도,시흥시,SH지식산업센터(은계자족8-4),지식산업센터,진테크,승인,,경기도 시흥시,개별,[분양공고안]승인,대,1684.40 ,6486.21 ,2648.48 ,3837.73 ,"경기도 시흥시 은계중앙로 310 (대야동, SH지식산업센터)",경기도 시흥시 대야동 667-3 SH지식산업센터,,건축완료,도시지역,주거지역,민간
경기도,시흥시,Y.H.테크노타운,지식산업센터,(주)융합테크외 1인,등록,,경기도 시흥시,개별,[완료신고],대,1645.00 ,3551.12 ,2816.42 ,734.70 ,"경기도 시흥시 은계로 73, 자족시설용지4-4 (은행동)",경기도 시흥시 은행동 524-190번지 자족시설용지4-4,분양,건축완료,도시지역,주거지역,민간
경기도,시흥시,美堂(미당),지식산업센터,대형정밀기어,등록,,경기도 시흥시,개별,[변경완료신고],대,840.60 ,2641.77 ,1982.38 ,659.39 ,"경기도 시흥시 은계남길 26, (은계자족3-9) (은행동)",경기도 시흥시 은행동 672-1번지 (은계자족3-9),분양,,도시지역,주거지역,민간
경기도,시흥시,건영테크노밸리,지식산업센터,(주)건영에셋,등록,,경기도 시흥시,개별,[변경완료신고],대,6019.60 ,31913.63 ,15922.80 ,15990.83 ,"경기도 시흥시 서울대학로 59-49 (배곧동, 건영테크노밸리)",경기도 시흥시 배곧동 291-5 건영테크노밸리 동 층 호,분양,건축완료,도시지역,주거지역,민간
경기도,시흥시,경기창호금속지식산업센터,지식산업센터,(주)경기창호금속,등록,,경기도 시흥시,개별,[완료신고],공장용지,1289.00 ,1545.13 ,1232.83 ,312.30 ,"경기도 시흥시 달월길 30, 월곶동 449-6, -7 (월곶동)","경기도 시흥시 월곶동 449-6번지 월곶동 449-6, -7",,건축완료,도시지역,주거지역,민간
경기도,시흥시,경성산업,지식산업센터,경성산업,등록,,경기도 시흥시,개별,[완료신고],답,866.00 ,643.53 ,643.52 ,0.01 ,"경기도 시흥시 방골길 32-2 (방산동, 경성산업)",경기도 시흥시 방산동 297번지,,미착공,도시지역,주거지역,민간
경기도,시흥시,경일주방 지식산업센터,지식산업센터,경일주방 주식회사,등록,,경기도 시흥시,개별,[완료신고],"대, 대, 대",783.00 ,1563.85 ,1289.35 ,274.50 ,경기도 시흥시 새우개4길 4(포동) 외 2필지,경기도 시흥시 포동 46 외 2필지,,,도시지역,주거지역,민간
경기도,시흥시,고려정공 지식산업센터,지식산업센터,고려정공,등록,,경기도 시흥시,개별,[완료신고],"대, 대",1918.00 ,1456.75 ,1290.72 ,166.03 ,경기도 시흥시 계수로86번길 62 (계수동) (총 2 필지) 외 1필지,경기도 시흥시 계수동 591-1번지 외 1필지,,미착공,도시지역,주거지역,민간
경기도,시흥시,고려티에스아이테크노빌,지식산업센터,(주)고려티에스아이,승인,,경기도 시흥시,개별,[신설]승인,,0.00 ,2193.19 ,1192.48 ,1000.71 ,,경기도 시흥시 대야동 3051-2 은계자족 1-2 외 1필지,,,도시지역,주거지역,민간
경기도,시흥시,골드테크노벨리,지식산업센터,무궁화신탁 주식회사,등록,,경기도 시흥시,개별,[변경완료신고],대,7291.50 ,45345.20 ,22654.56 ,22690.64 ,"경기도 시흥시 서울대학로 77(배곧동, 골드테크노밸리)",경기도 시흥시 배곧동 294-1 골드테크노밸리,,건축완료,도시지역,주거지역,민간
경기도,시흥시,과림테크노,지식산업센터,과림테크노,등록,,경기도 시흥시,개별,[완료신고],대,1104.00 ,2013.20 ,1527.03 ,486.17 ,"경기도 시흥시 금오로 557 (과림동, 과림로90)",경기도 시흥시 과림동 102-5번지,,건축완료,,,민간
경기도,시흥시,광석동507,지식산업센터,케이비부동산신탁(주),승인,,경기도 시흥시,개별,[신설]승인,대,0.00 ,66731.79 ,65450.92 ,1280.87 ,,경기도 시흥시 광석동 507,,,도시지역,주거지역,민간
경기도,시흥시,광성엔프라지식산업센터,지식산업센터,(주)광성엔프라,등록,,경기도 시흥시,개별,[완료신고],전,1192.00 ,1324.75 ,1219.94 ,104.81 ,경기도 시흥시 수인로3087번길 57,경기도 시흥시 안현동 348-3번지,임대,,도시지역,주거지역,민간
경기도,시흥시,광양프런티어밸리8차,지식산업센터,우리자산신탁 주식회사,등록,,경기도 시흥시,개별,[완료신고],대,60987.75 ,60987.75 ,26214.71 ,34773.04 ,"경기도 시흥시 광석천길 18(광석동, 광양프런티어밸리8차)",경기도 시흥시 광석동 546 광양프런티어밸리8차,,,도시지역,주거지역,민간
경기도,시흥시,금이330-1,지식산업센터,김태완,등록,,경기도 시흥시,개별,[변경완료신고],답,632.00 ,1170.79 ,807.77 ,363.02 ,경기도 시흥시 금화로 630-2,경기도 시흥시 금이동 330-1번지,임대,건축완료,도시지역,주거지역,민간
경기도,시흥시,김양규 지식산업센터,지식산업센터,김양규,승인,,경기도 시흥시,개별,[신설]승인,대,1689.20 ,2106.14 ,1410.09 ,696.05 ,경기도 시흥시 은계중앙로306번길 15  (대야동),경기도 시흥시 대야동 667-1 동 층 호,,건축완료,도시지역,주거지역,민간
경기도,시흥시,남헌 테크노타운,지식산업센터,남헌 테크노타운,승인,,경기도 시흥시,개별,[신설]승인,전,831.00 ,1077.30 ,1077.20 ,0.10 ,경기도 시흥시 황고개로 351-8 (군자동),경기도 시흥시 군자동 497번지,,미착공,도시지역,주거지역,민간
경기도,시흥시,누리지식산업센터,지식산업센터,개인,등록,,경기도 시흥시,개별,[완료신고],"대, 대",416.00 ,494.82 ,419.25 ,75.57 ,경기도 시흥시 다지골길 20-12 (방산동) 외 1필지,경기도 시흥시 방산동 475-1번지 외 1필지,,,도시지역,주거지역,민간
경기도,시흥시,능곡동 883-4,지식산업센터,케이앤엠에셋 주식회사,승인,,경기도 시흥시,개별,[신설]승인,대,0.00 ,25453.73 ,10430.54 ,15023.19 ,경기도 시흥시 능곡서로 16-6 (능곡동),경기도 시흥시 능곡동 883-4,,,도시지역,주거지역,민간
경기도,시흥시,대성엘컴,지식산업센터,(주)대성엘컴,승인,,경기도 시흥시,개별,[신설]승인,"전, 전",0.00 ,1382.00 ,1381.98 ,0.02 ,경기도 시흥시 구수미1길 60-13 (미산동) 외 1필지,경기도 시흥시 미산동 561-2번지 외 1필지,,건축완료,도시지역,주거지역,민간
경기도,시흥시,대성특수고무지식산업센터,지식산업센터,대성특수고무(주),등록,,경기도 시흥시,개별,[완료신고],대,551.00 ,684.35 ,561.32 ,123.03 ,"경기도 시흥시 금오로465번길 23, 101, 102호 (과림동)","경기도 시흥시 과림동 377-22번지 101, 102호",분양,건축완료,도시지역,주거지역,민간
경기도,시흥시,대한스프레이시스템아파트형공장,지식산업센터,(주)대한스프레이시스템,등록,,경기도 시흥시,개별,[완료신고],"대, 대",989.00 ,498.86 ,498.85 ,0.01 ,경기도 시흥시 도창동 223번지 외 1필지,경기도 시흥시 도창동 223번지 외 1필지,,건축완료,,,민간
경기도,시흥시,대화기공,지식산업센터,대화기공주식회사,등록,,경기도 시흥시,개별,[완료신고],,1601.00 ,5579.08 ,3905.65 ,1673.43 ,"경기도 시흥시 은계남길 50, 은계자족 4-6 (은행동)",경기도 시흥시 은행동 671-3번지 은계자족 4-6,분양,건축완료,도시지역,주거지역,민간
경기도,시흥시,더플렉스 지식산업센터,지식산업센터,코리아신탁(주),등록,,경기도 시흥시,개별,[완료신고],,0.00 ,24754.36 ,10675.49 ,14078.88 ,"경기도 시흥시 능곡서로 10, 장현자족2-2 (능곡동)",경기도 시흥시 능곡동 883-2 장현자족2-2,,,도시지역,주거지역,민간
경기도,시흥시,도우,지식산업센터,도우eng,승인,,경기도 시흥시,개별,[분양공고안]승인,대,1195.90 ,5658.36 ,3512.47 ,2145.89 ,"경기도 시흥시 은계중앙로306번길 58-1,  은계자족6-2(대야동, 도우 지식산업센터)",경기도 시흥시 대야동 661-1 도우 지식산업센터  은계자족6-2,분양,건축완료,도시지역,주거지역,민간
경기도,시흥시,동신,지식산업센터,개인,등록,,경기도 시흥시,개별,[완료신고],전,554.00 ,707.69 ,707.68 ,0.01 ,"경기도 시흥시 금오로238번길 4 (무지내동, 능안말3길2)",경기도 시흥시 무지내동 17-15번지,분양,건축완료,도시지역,주거지역,민간
경기도,시흥시,동진벤처타운,지식산업센터,동진벤처타운,등록,,경기도 시흥시,개별,[완료신고],대,848.00 ,808.18 ,808.17 ,0.01 ,"경기도 시흥시 수인로2793번길 65-2 (도창동, 강챙이1길67)",경기도 시흥시 도창동 181-3번지,,미착공,,,민간
경기도,시흥시,디에이치엠 지식산업센터,지식산업센터,,등록,,경기도 시흥시,개별,[변경완료신고],대,1679.30 ,4438733.45 ,4436843.00 ,1890.45 ,경기도 시흥시 은계남길 44,경기도 시흥시 은행동 671-1번지 (은계자족 4-8),,건축완료,도시지역,주거지역,민간
경기도,시흥시,라온지식산업센터,지식산업센터,라온시스템,등록,,경기도 시흥시,개별,[변경완료신고],공장용지,1853.00 ,3326.76 ,2217.88 ,1108.88 ,경기도 시흥시 수인로3465번길 16 (신천동),경기도 시흥시 신천동 586-33,,건축완료,도시지역,주거지역,민간
경기도,시흥시,리더스스마트허브,지식산업센터,(주)스페스,등록,,경기도 시흥시,개별,[완료신고],대,3690.00 ,17350.96 ,6375.80 ,10975.16 ,"경기도 시흥시 은계중앙로306번길 55(대야동, 리더스스마트허브)",경기도 시흥시 대야동 660 리더스스마트허브,분양,건축완료,도시지역,주거지역,민간
경기도,시흥시,마이크로빌딩(은계자족1-4),지식산업센터,이용복,승인,,경기도 시흥시,개별,[분양공고안]승인,대,1368.20 ,5098.68 ,1844.81 ,3253.87 ,경기도 시흥시 은계중앙로306번길 50(대야동),경기도 시흥시 대야동 664-10,,건축완료,도시지역,주거지역,민간
경기도,시흥시,메타1지식산업센터,지식산업센터,주식회사 제이알산업개발,승인,,경기도 시흥시,개별,[신설]승인,"대, 대",0.00 ,0.00 ,0.00 ,0.00 ,,경기도 시흥시 능곡동 7002-1 장현 자족2-1 외 1필지,,,도시지역,주거지역,민간
경기도,시흥시,메타원지식산업센터(장현자족5),지식산업센터,신한자산신탁(주),등록,,경기도 시흥시,개별,[완료신고],대,2062.00 ,6810.50 ,6810.50 ,0.00 ,"경기도 시흥시 능곡서로 16-7(능곡동, (주)하이디벨로퍼)",경기도 시흥시 능곡동 886 (주)하이디벨로퍼,,건축완료,도시지역,주거지역,민간
경기도,시흥시,목감역 위타워 ,지식산업센터,한국투자부동산신탁(주),승인,,경기도 시흥시,개별,[분양공고안]승인,대,2589.90 ,0.00 ,0.00 ,0.00 ,경기도 시흥시 수풀안길 19-40(조남동),경기도 시흥시 조남동 719-3,,건축완료,도시지역,주거지역,민간
경기도,시흥시,목감이스페이스,지식산업센터,(주)이티엘,등록,,경기도 시흥시,개별,[완료신고],대,1405.00 ,9127.83 ,7743.59 ,1384.24 ,경기도 시흥시 마산로 100,경기도 시흥시 조남동 684번지,,,도시지역,주거지역,민간
경기도,시흥시,무궁 지식산업센터,지식산업센터,(주)프로텍이노션,등록,,경기도 시흥시,개별,[완료신고],대,1536.10 ,3603.87 ,3603.87 ,0.00 ,"경기도 시흥시 은계중앙로306번길 54(대야동, (주)무궁산업)",경기도 시흥시 대야동 664-2 (주)무궁산업,분양,건축완료,도시지역,주거지역,민간
경기도,시흥시,"방산동398,399",지식산업센터,대한포장기계,승인,,경기도 시흥시,개별,[신설]승인,"대, 대",730.00 ,1407.86 ,1245.69 ,162.17 ,경기도 시흥시 방산가마터길 24(방산동) 외 1필지,경기도 시흥시 방산동 398 외 1필지,,건축완료,도시지역,주거지역,민간
경기도,시흥시,배곧 로얄팰리스 테크노1차 지식산업센터,지식산업센터,(주)한국토지신탁,등록,,경기도 시흥시,개별,[완료신고],대,12051.20 ,97825.33 ,40673.80 ,57151.53 ,"경기도 시흥시 서울대학로 59-21(배곧동, 배곧로얄팰리스 테크노1차)",경기도 시흥시 배곧동 299-3 배곧로얄팰리스 테크노1차,분양,건축완료,도시지역,주거지역,민간
경기도,시흥시,배곧빌텍까뮤,지식산업센터,케이비부동산신탁(주),등록,,경기도 시흥시,개별,[완료신고],대,5599.60 ,41357.40 ,16465.56 ,24891.84 ,"경기도 시흥시 서울대학로 59-20(배곧동, 빌텍까뮤지식산업센터)",경기도 시흥시 배곧동 294-3 빌텍까뮤지식산업센터,분양,,도시지역,주거지역,민간
경기도,시흥시,배곧시그니처타워,지식산업센터,교보자산신탁(주),등록,,경기도 시흥시,개별,[완료신고],대,6055.80 ,41373.54 ,16124.64 ,25248.90 ,경기도 시흥시 서울대학로 59-59 (배곧동),경기도 시흥시 배곧동 292-2 동 층 호,분양,건축완료,도시지역,주거지역,민간
경기도,시흥시,배곧테크노밸리,지식산업센터,교보자산신탁 주식회사,등록,,경기도 시흥시,개별,[완료신고],대,6319.20 ,42523.07 ,16069.59 ,26453.48 ,"경기도 시흥시 서울대학로 59-69(배곧동, 배곧테크노밸리)",경기도 시흥시 배곧동 292-3 배곧테크노밸리,,건축완료,도시지역,주거지역,민간
경기도,시흥시,배곧프라임센터K,지식산업센터,신한자산신탁(주),등록,,경기도 시흥시,개별,[완료신고],대,4978.10 ,39130.02 ,13473.02 ,25657.00 ,경기도 시흥시 서울대학로 59-50(배곧동),경기도 시흥시 배곧동 295-3,분양,건축완료,도시지역,주거지역,민간
경기도,시흥시,배곧프라임센터S 지식산업센터,지식산업센터,(주)무궁화신탁,승인,,경기도 시흥시,개별,[신설]승인,대,4971.40 ,36737.59 ,14517.23 ,22220.36 ,경기도 시흥시 서울대학로 59-72(배곧동),경기도 시흥시 배곧동 295-1,,,도시지역,주거지역,민간
경기도,시흥시,배곧프라임센터Y,지식산업센터,신한자산신탁(주),등록,,경기도 시흥시,개별,[완료신고],대,4973.50 ,39130.02 ,13473.02 ,25657.00 ,경기도 시흥시 서울대학로 59-86(배곧동),경기도 시흥시 배곧동 297-1,분양,건축완료,도시지역,주거지역,민간
경기도,시흥시,부일정공,지식산업센터,부일정공,등록,,경기도 시흥시,개별,[완료신고],대,1503.10 ,2054.13 ,1852.02 ,202.11 ,"경기도 시흥시 은계중앙로306번길 44, 은계자족1-11 (대야동)",경기도 시흥시 대야동 664-3 은계자족1-11,분양,,도시지역,주거지역,민간
경기도,시흥시,비즈라이브센터,지식산업센터,우리자산신탁(주),승인,,경기도 시흥시,개별,[신설]승인,대,4973.80 ,40997.35 ,13743.72 ,27253.63 ,경기도 시흥시 서울대학로 59-40  (배곧동),경기도 시흥시 배곧동 297-3 동 층 호,,,도시지역,주거지역,민간
경기도,시흥시,산호테크노빌,지식산업센터,(주)도일건설,등록,,경기도 시흥시,개별,[완료신고],"공장용지, 공장용지, 공장용지",1853.00 ,8481.83 ,4682.00 ,3799.83 ,"경기도 시흥시 시흥대로 1115 (신천동, 산호테크노빌) 외 2필지",경기도 시흥시 신천동 81-8번지 외 2필지,분양,건축완료,도시지역,공업지역,민간
경기도,시흥시,상경타워,지식산업센터,경상정밀,등록,,경기도 시흥시,개별,[완료신고],대,2066.60 ,5267.94 ,3593.10 ,1674.84 ,"경기도 시흥시 은계중앙로306번길 25, (은계자족 5-6) (대야동)",경기도 시흥시 대야동 660-5번지 (은계자족 5-6),,,도시지역,주거지역,민간
경기도,시흥시,새미길3(조남동)지식산업센터,지식산업센터,한신빌딩,등록,,경기도 시흥시,개별,[변경완료신고],"공장용지, 공장용지",1849.00 ,2456.78 ,1623.93 ,832.85 ,경기도 시흥시 새미길 3 (조남동) 외 1필지,경기도 시흥시 조남동 281-3번지 외 1필지,임대,건축완료,도시지역,주거지역,민간
경기도,시흥시,서광테크노타운,지식산업센터,서광테크노타운,등록,,경기도 시흥시,개별,[변경완료신고],공장용지,0.00 ,2427.62 ,1388.14 ,1039.48 ,"경기도 시흥시 은행로 42 (은행동, 서광테크노타운)",경기도 시흥시 은행동 247-1번지,분양,건축완료,도시지역,주거지역,민간
경기도,시흥시,선진다세다테크노,지식산업센터,"다세다엔지니어링, 선진정밀",등록,,경기도 시흥시,개별,[완료신고],대,1379.00 ,2858.51 ,2222.50 ,636.01 ,"경기도 시흥시 은계중앙로306번길 38-1 (대야동, 선진다세다테크노)",경기도 시흥시 대야동 664-4 선진다세다테크노 동 층 호,,건축완료,도시지역,주거지역,민간
경기도,시흥시,성강해오름 파크타워,지식산업센터,(주)무궁화신탁,등록,,경기도 시흥시,개별,[완료신고],대,7514.20 ,41705.01 ,17846.27 ,23858.74 ,경기도 시흥시 은계남길 32 (은행동),경기도 시흥시 은행동 672-2,,건축완료,도시지역,주거지역,민간
경기도,시흥시,세미정밀,지식산업센터,세미정밀,등록,,경기도 시흥시,개별,[완료신고],대,573.00 ,518.40 ,466.04 ,52.36 ,경기도 시흥시 금오로230번길 24 (무지내동),경기도 시흥시 무지내동 68-4번지,분양/임대,미착공,도시지역,주거지역,민간
경기도,시흥시,시흥 DSP 테크 지식산업센터,지식산업센터,(주)동신프라스틱,등록,,경기도 시흥시,개별,[완료신고],대,1315.20 ,1999.08 ,1483.18 ,515.90 ,경기도 시흥시 은계중앙로306번길 48(대야동),경기도 시흥시 대야동 664-1,,,도시지역,주거지역,민간
경기도,시흥시,신성지식산업센터,지식산업센터,신성테크,등록,,경기도 시흥시,개별,[완료신고],대,1855.50 ,3381.84 ,2883.60 ,498.24 ,"경기도 시흥시 은계남길 6, 은계자족3-3 (은행동)",경기도 시흥시 은행동 672-8 은계자족3-3,임대,건축완료,도시지역,주거지역,민간
경기도,시흥시,신성테크노,지식산업센터,신성판넬,등록,,경기도 시흥시,개별,[변경완료신고],대,1025.10 ,2115.48 ,1133.00 ,982.48 ,"경기도 시흥시 은계중앙로306번길 32, 은계자족7-1(대야동, 신성테크노)",경기도 시흥시 대야동 665-1 신성테크노 은계자족7-1,,건축완료,도시지역,주거지역,민간
경기도,시흥시,신진테크지식산업센터,지식산업센터,신진테크,등록,,경기도 시흥시,개별,[완료신고],대,2192.90 ,4294.18 ,3698.93 ,595.25 ,"경기도 시흥시 은계중앙로306번길 22(대야동, 신진테크)",경기도 시흥시 대야동 666 신진테크,,건축완료,도시지역,주거지역,민간
경기도,시흥시,신창테크노타운,지식산업센터,신창테크노타운,등록,,경기도 시흥시,개별,[변경완료신고],공장용지,1978.00 ,6408.55 ,4787.05 ,1621.50 ,"경기도 시흥시 은행로 22 (은행동, 신창테크노타운)",경기도 시흥시 은행동 249번지,임대,건축완료,도시지역,주거지역,민간
경기도,시흥시,신한이에프 지식산업센터,지식산업센터,주식회사 신한이에프,등록,,경기도 시흥시,개별,[완료신고],대,1070.10 ,4082.75 ,2230.78 ,1851.97 ,경기도 시흥시 은계중앙로306번길 24,경기도 시흥시 대야동 665-4번지 (은계자족7-4),임대,건축완료,도시지역,주거지역,민간
경기도,시흥시,신형강화도어 아파트형공장,지식산업센터,신형강화도어 아파트형공장,등록,,경기도 시흥시,개별,[완료신고],대,518.00 ,469.63 ,469.62 ,0.01 ,"경기도 시흥시 금오로480번길 11-2 (과림동, 중림1길51)",경기도 시흥시 과림동 310-1번지,,미착공,도시지역,주거지역,민간
경기도,시흥시,신흥파크빌,지식산업센터,신흥파크빌,등록,,경기도 시흥시,개별,[완료신고],대,836.00 ,987.00 ,822.10 ,164.90 ,"경기도 시흥시 수인로3108번길 31 (안현동, 양지편1길59)",경기도 시흥시 안현동 101-15번지,,건축완료,도시지역,주거지역,민간
경기도,시흥시,앙카코리아아파트형공장,지식산업센터,(주)앙카코리아,승인,,경기도 시흥시,개별,[신설]승인,대,1267.00 ,1555.98 ,1382.33 ,173.65 ,"경기도 시흥시 금오로565번길 22 (과림동, (주)앙카코리아)",경기도 시흥시 과림동 99-19번지,임대,건축완료,도시지역,주거지역,민간
경기도,시흥시,앱클론 은계지구 지식산업센터,지식산업센터,앱클론(주),승인,,경기도 시흥시,개별,[신설]승인,대,4276.00 ,9943.21 ,8753.38 ,1189.83 ,경기도 시흥시 은계로 51,경기도 시흥시 은행동 672-6번지 (은계자족 3-4),,,도시지역,주거지역,민간
경기도,시흥시,영림 지식산업센터,지식산업센터,농업회사법인 주식회사 영림유통,등록,,경기도 시흥시,개별,[완료신고],대,2665.10 ,4318.57 ,4318.57 ,0.00 ,경기도 시흥시 수풀안길 9-32 (조남동),경기도 시흥시 조남동 719번지,임대,건축완료,도시지역,주거지역,민간
경기도,시흥시,예성테크노밸리,지식산업센터,예성테크노밸리,등록,,경기도 시흥시,개별,[완료신고],임야,1460.00 ,1707.91 ,1707.91 ,0.00 ,경기도 시흥시 금오로118번길 19-7 (무지내동),경기도 시흥시 무지내동 349-27번지,분양,,도시지역,주거지역,민간
경기도,시흥시,와이피워크 지식산업센터,지식산업센터,(주)와이피워크,등록,,경기도 시흥시,개별,[변경완료신고],"전, 전",506.00 ,491.50 ,449.33 ,42.17 ,경기도 시흥시 금오로465번길 34 (과림동) 외 1필지,경기도 시흥시 과림동 363번지 외 1필지,,미착공,도시지역,주거지역,민간
경기도,시흥시,우림지식산업센터,지식산업센터,(주)우림하이테크,등록,,경기도 시흥시,개별,[완료신고],"전, 전",1115.00 ,1249.72 ,1172.67 ,77.05 ,경기도 시흥시 금오로565번길 12-8 (과림동) 외 1필지,경기도 시흥시 과림동 99-16번지 외 1필지,,건축완료,도시지역,주거지역,민간
경기도,시흥시,우춘제지식산업센터,지식산업센터,우춘제,등록,,경기도 시흥시,개별,[완료신고],"대, 대",796.00 ,954.38 ,865.73 ,88.65 ,경기도 시흥시 금오로575번길 22 (과림동) 외 1필지,경기도 시흥시 과림동 191-3번지 외 1필지,,,도시지역,주거지역,민간
경기도,시흥시,원산업,지식산업센터,원산업,등록,,경기도 시흥시,개별,[변경완료신고],대,395.00 ,760.36 ,493.67 ,266.69 ,"경기도 시흥시 방아다리길 7-6, 원산업 (대야동)",경기도 시흥시 대야동 224번지,,건축완료,도시지역,주거지역,민간
경기도,시흥시,원스페이스,지식산업센터,대한테크윈,등록,,경기도 시흥시,개별,[완료신고],대,840.60 ,2570.06 ,1945.22 ,624.84 ,"경기도 시흥시 은계로338번길 62, 은계지구자족시설용지3-1 (대야동)",경기도 시흥시 대야동 은계지구자족시설용지3-1,,,도시지역,주거지역,민간
경기도,시흥시,유영테크노빌,지식산업센터,유영정공,승인,,경기도 시흥시,개별,[신설]승인,,675.10 ,1216.53 ,1016.90 ,199.63 ,,경기도 시흥시 은행동 3056-4 은계자족 6-4 외 1필지,,,도시지역,주거지역,민간
경기도,시흥시,은계대림 지식산업센터,지식산업센터,주식회사 대림오토,등록,,경기도 시흥시,개별,[완료신고],대,1544.00 ,5415.26 ,3805.92 ,1609.34 ,경기도 시흥시 은계중앙로306번길 40 (대야동) 은계자족 1-7,경기도 시흥시 대야동 664-7,,건축완료,도시지역,주거지역,민간
경기도,시흥시,은계자족1-9,지식산업센터,(주)메디메카,승인,,경기도 시흥시,개별,[신설]승인,대,1402.20 ,3684.13 ,2457.29 ,1226.84 ,경기도 시흥시 은계중앙로306번길 34-1 (대야동),경기도 시흥시 대야동 664-5,,미착공,도시지역,주거지역,민간
경기도,시흥시,이노텍지식산업센터,지식산업센터,이노텍지식산업센터,등록,,경기도 시흥시,개별,[완료신고],목장용지,1444.00 ,1874.33 ,1348.08 ,526.25 ,경기도 시흥시 시흥대로 965,경기도 시흥시 미산동 237-5번지 외3필지,분양,건축완료,도시지역,주거지역,민간
경기도,시흥시,익스콘테크노빌,지식산업센터,익스콘종합건설(주),등록,,경기도 시흥시,개별,[변경완료신고],"공장용지, 공장용지, 공장용지",2602.10 ,13523.89 ,7305.99 ,6217.90 ,"경기도 시흥시 포도원로116번길 12 (신천동, 익스콘테크노빌) 외 2필지",경기도 시흥시 신천동 862-6번지 외 2필지,분양,건축완료,도시지역,공업지역,민간
경기도,시흥시,장동하지식산업센터,지식산업센터,장동하,등록,,경기도 시흥시,개별,[완료신고],,0.00 ,494.75 ,423.62 ,71.13 ,경기도 시흥시 금오로465번길 34 (과림동) 외 1필지,경기도 시흥시 과림동 363번지 외 1필지,,미착공,도시지역,주거지역,민간
경기도,시흥시,제네스트,지식산업센터,(주)제네스트,등록,,경기도 시흥시,개별,[완료신고],대,1612.50 ,3377.28 ,2796.32 ,580.96 ,"경기도 시흥시 은계남길 40, 자족시설용지4-1(은행동, 제네스트)",경기도 시흥시 은행동 671 제네스트 자족시설용지4-1,분양,,도시지역,주거지역,민간
경기도,시흥시,중앙테크노타운,지식산업센터,중앙테크노타운,등록,,경기도 시흥시,개별,[완료신고],공장용지,2113.00 ,9688.83 ,5408.16 ,4280.67 ,"경기도 시흥시 은행로 21 (신천동, 중앙테크노타운)",경기도 시흥시 신천동 86번지,분양,건축완료,도시지역,공업지역,민간
경기도,시흥시,창현테크노타워,지식산업센터,(주)창현정밀,등록,,경기도 시흥시,개별,[완료신고],대,1855.00 ,5953.28 ,4895.18 ,1058.10 ,경기도 시흥시 목감둘레로 168-24 (조남동),경기도 시흥시 조남동 687-2번지,분양,건축완료,도시지역,주거지역,민간
경기도,시흥시,케이앤씨체인(은계자족2-4),지식산업센터,(주)케이앤씨체인,등록,,경기도 시흥시,개별,[완료신고],대,1739.30 ,5277.75 ,3881.72 ,1396.03 ,경기도 시흥시 은계중앙로306번길 6 (대야동),경기도 시흥시 대야동 666-3,,건축완료,도시지역,주거지역,민간
경기도,시흥시,케이엠텍 지식산업센터,지식산업센터,아시아신탁주식회사,등록,,경기도 시흥시,개별,[완료신고],대,5742.10 ,43950.00 ,20971.04 ,22978.96 ,경기도 시흥시 수풀안길 9-36(조남동),경기도 시흥시 조남동 719-1 동 층 호,,,도시지역,주거지역,민간
경기도,시흥시,탑전자 지식산업센터,지식산업센터,탑전자,등록,,경기도 시흥시,개별,[완료신고],대,2195.00 ,4426.73 ,3752.64 ,674.09 ,경기도 시흥시 은행동 0번지 은계지구 7-3,경기도 시흥시 은행동 0번지 은계지구 7-3,분양/임대,,도시지역,주거지역,민간
경기도,시흥시,태진 지식산업센터,지식산업센터,주식회사 태진mc,등록,,경기도 시흥시,개별,[완료신고],대,1604.00 ,6046.76 ,4388.35 ,1658.41 ,"경기도 시흥시 은계중앙로306번길 36 (대야동, 태진 지식산업센터)",경기도 시흥시 대야동 664-6 태진 지식산업센터 동 층 호,임대,건축완료,도시지역,주거지역,민간
경기도,시흥시,포동332지식산업센터,지식산업센터,김홍만,승인,,경기도 시흥시,개별,[신설]승인,대,484.00 ,431.06 ,406.96 ,24.10 ,경기도 시흥시 신현로 240-20  (포동),경기도 시흥시 포동 332,임대,건축완료,도시지역,주거지역,민간
경기도,시흥시,프라임캐슬지식산업센터,지식산업센터,케이비부동산신탁(주),등록,,경기도 시흥시,개별,[완료신고],"공장용지, 공장용지, 공장용지",2386.90 ,43172.26 ,30383.42 ,12788.84 ,"경기도 시흥시 포도원로116번길 25(신천동, 프라임지식산업센타) 외 2필지",경기도 시흥시 신천동 864-4 프라임지식산업센타 외 2필지,분양/임대,건축완료,도시지역,공업지역,민간
경기도,시흥시,한라벤처타운,지식산업센터,한라벤처타운,등록,,경기도 시흥시,개별,[완료신고],대,542.00 ,670.21 ,670.20 ,0.01 ,"경기도 시흥시 수인로2793번길 65 (도창동, 강챙이1길65)",경기도 시흥시 도창동 181-2번지,,미착공,도시지역,주거지역,민간
경기도,시흥시,한울정밀지식산업센터,지식산업센터,한울정밀,등록,,경기도 시흥시,개별,[완료신고],대,999.20 ,1998.82 ,1410.86 ,587.96 ,"경기도 시흥시 은계중앙로306번길 32-1, 은계자족7-2(대야동, 한울사옥)",경기도 시흥시 대야동 665 한울사옥 은계자족7-2,,건축완료,도시지역,주거지역,민간
경기도,시흥시,한창테크노,지식산업센터,한창기업(주),등록,,경기도 시흥시,개별,[완료신고],대,2704.80 ,8296.70 ,5901.60 ,2395.10 ,경기도 시흥시 은계로 65  (은행동),경기도 시흥시 은행동 672-4 동 층 호,,건축완료,도시지역,주거지역,민간
경기도,시흥시,해찬솔 지식산업센터,지식산업센터,케이앤씨,등록,,경기도 시흥시,개별,[완료신고],대,732.40 ,2105.92 ,1489.12 ,616.80 ,경기도 시흥시 은계중앙로306번길 52-2  (대야동),경기도 시흥시 대야동 664-12 동 층 호,임대,건축완료,도시지역,주거지역,민간
경기도,시흥시,현대금형,지식산업센터,이선우,등록,,경기도 시흥시,개별,[완료신고],전,711.00 ,888.55 ,888.55 ,0.00 ,경기도 시흥시 수인로3465번길 19-1 (신천동),경기도 시흥시 신천동 586-107번지,임대,건축완료,도시지역,주거지역,민간
경기도,시흥시,화신하이테크,지식산업센터,(주)티더블유티,등록,,경기도 시흥시,개별,[완료신고],"대, 대",1844.00 ,2909.74 ,2519.74 ,390.00 ,경기도 시흥시 봉화로 314 외 1필지,경기도 시흥시 죽율동 38-2번지 외 1필지,임대,미착공,도시지역,주거지역,민간
경기도,시흥시,EG지식산업센터,지식산업센터,(주)이지테크,등록,시화국가산업단지,한국산업단지공단 경기지역본부 시화지사,국가산업단지,[완료신고],공장용지,8402.80 ,6873.00 ,6717.30 ,155.70 ,"경기도 시흥시 공단1대로 10,  (시화단지 1다101-2) (정왕동)",경기도 시흥시 정왕동 1235-2 번지 (시화단지 1다101-2),분양,건축완료,도시지역,공업지역,민간
경기도,시흥시,길산에스에스티 지식산업센터,지식산업센터,길산에스에스티(주),등록,시화국가산업단지,한국산업단지공단 경기지역본부 시화지사,국가산업단지,[변경완료신고],공장용지,11454.30 ,61157.68 ,30543.81 ,30613.87 ,경기도 시흥시 경기과기대로 219 (정왕동) 3나 706-1호,경기도 시흥시 정왕동 1277-14번지 3나 706-1호,분양/임대,건축완료,도시지역,공업지역,민간
경기도,시흥시,동양타워 지식산업센터,지식산업센터,(주)동양전기,등록,시화국가산업단지,한국산업단지공단 경기지역본부 시화지사,국가산업단지,[변경완료신고],공장용지,6278.10 ,35658.82 ,17552.92 ,18105.90 ,"경기도 시흥시 산기대학로 330, 3나 403 (정왕동)",경기도 시흥시 정왕동 1290-14번지 3나 403,,건축완료,도시지역,공업지역,민간
경기도,시흥시,동우디지털파크,지식산업센터,동우이엔씨(주),등록,시화국가산업단지,한국산업단지공단 경기지역본부 시화지사,국가산업단지,[변경완료신고],공장용지,21416.00 ,61369.96 ,57531.71 ,3838.25 ,"경기도 시흥시 정왕천로 197,  3다 402 (정왕동)",경기도 시흥시 정왕동  1288-2번지,분양,건축완료,도시지역,공업지역,민간
경기도,시흥시,디에이치,지식산업센터,(주)에이치케이씨,승인,시화국가산업단지,한국산업단지공단 경기지역본부 시화지사,국가산업단지,[신설변경]승인,"공장용지, 공장용지",16865.60 ,54343.48 ,52029.95 ,2313.53 ,경기도 시흥시 공단1대로 190 (정왕동) 외 1필지,경기도 시흥시 정왕동 1263-1 외 1필지,분양,미착공,도시지역,공업지역,민간
경기도,시흥시,보성스퀘어원 지식산업센터 ,지식산업센터,(주)아시아신탁,등록,시화국가산업단지,한국산업단지공단 경기지역본부 시화지사,국가산업단지,[완료신고],공장용지,8233.70 ,52268.84 ,25163.74 ,27105.10 ,"경기도 시흥시 소망공원로 323,  3다 506호 (정왕동)",경기도 시흥시 정왕동 1287-5번지 3다 506호,분양/임대,건축완료,도시지역,공업지역,민간
경기도,시흥시,삼양스마트테크노파크 지식산업센터,지식산업센터,(주)삼양개발,등록,시화국가산업단지,한국산업단지공단 경기지역본부 시화지사,국가산업단지,[완료신고],공장용지,9410.10 ,56073.88 ,25343.53 ,30730.35 ,"경기도 시흥시 공단1대로 13, 삼양스마트테크노파크 지식산업센터, 1나 207-1 (정왕동)","경기도 시흥시 정왕동 1234-12번지 삼양스마트테크노파크 지식산업센터, 1나 207-1",분양/임대,건축완료,도시지역,공업지역,민간
경기도,시흥시,시화하이테크지식산업센터,지식산업센터,한국산업단지공단,승인,시화국가산업단지,한국산업단지공단 경기지역본부 시화지사,국가산업단지,[신설]승인,공장용지,9918.70 ,22085.67 ,21338.10 ,747.57 ,"경기도 시흥시 서해안로 242(정왕동, 시화하이테크 아파트형공장)",경기도 시흥시 정왕동 1234-7 시화하이테크 아파트형공장,임대,건축완료,도시지역,공업지역,공공
경기도,시흥시,코포모(주),지식산업센터,코포모(주),등록,시화국가산업단지,한국산업단지공단 경기지역본부 시화지사,국가산업단지,[완료신고],공장용지,14812.60 ,59467.32 ,47577.32 ,11890.00 ,"경기도 시흥시 공단1대로 341,  3나 505-2,3 (정왕동)",경기도 시흥시 정왕동  1289-5번지,분양,건축완료,도시지역,공업지역,민간
경기도,시흥시,코포모테크노센타Ⅱ,지식산업센터,코포모(주),등록,시화국가산업단지,한국산업단지공단 경기지역본부 시화지사,국가산업단지,[변경완료신고],"공장용지, 공장용지",10959.40 ,58881.98 ,53737.12 ,5144.86 ,경기도 시흥시 공단1대로 341 (정왕동) 외 1필지,경기도 시흥시 정왕동 1289-6 외 1필지,분양,건축완료,도시지역,공업지역,민간
경기도,시흥시,타원타크라6차,지식산업센터,제이에스타워(주),등록,시화국가산업단지,한국산업단지공단 경기지역본부 시화지사,국가산업단지,[완료신고],공장용지,19887.50 ,115789.14 ,58883.48 ,56905.66 ,"경기도 시흥시 옥구천동로 218 (정왕동, 타원타크라 6차 지식산업센터)",경기도 시흥시 정왕동 1255-10 타원타크라 6차 지식산업센터,분양,건축완료,도시지역,공업지역,민간
경기도,시흥시,트윈지식산업센터,지식산업센터,(주)트윈시스템,등록,시화국가산업단지,한국산업단지공단 경기지역본부 시화지사,국가산업단지,[완료신고],공장용지,165344.00 ,37761.25 ,33985.71 ,3775.54 ,"경기도 시흥시 정왕천로 155, 1286-1 (정왕동)",경기도 시흥시 정왕동 1286-1번지 1286-1,분양/임대,건축완료,도시지역,공업지역,민간
경기도,시흥시,리드스마트스퀘어,지식산업센터,(주)무궁화신탁,등록,시흥매화일반산업단지,경기도 시흥시,지방산업단지,[변경완료신고],공장용지,9479.60 ,59401.79 ,55027.51 ,4374.28 ,"경기도 시흥시 매화산단3길 1, 리드스마트스퀘어(매화동, 리드건설(주))",경기도 시흥시 매화동 846 리드건설(주) 리드스마트스퀘어,분양,,도시지역,공업지역,민간
경기도,시흥시,매화산단 A4-1BL 지식산업센터,지식산업센터,시흥도시공사,승인,시흥매화일반산업단지,경기도 시흥시,지방산업단지,[신설]승인,공장용지,8099.30 ,54636.26 ,48050.26 ,6586.00 ,"경기도 시흥시 매화산단로 113 (매화동, (주)에이치케이씨아이디에스)",경기도 시흥시 매화동 845-1 (주)에이치케이씨아이디에스 동 층 호,,,도시지역,공업지역,민간
경기도,시흥시,매화센트럴 M플렉스,지식산업센터,신한자산신탁 주식회사,등록,시흥매화일반산업단지,경기도 시흥시,지방산업단지,[변경완료신고],공장용지,8106.90 ,55822.67 ,27384.43 ,28438.24 ,"경기도 시흥시 매화산단로 95(매화동, (주)대창)",경기도 시흥시 매화동 845-3 (주)대창,분양,건축완료,도시지역,공업지역,민간
경기도,시흥시,프라임큐브 지식산업센터,지식산업센터,(주)링크텍,등록,시흥매화일반산업단지,경기도 시흥시,지방산업단지,[완료신고],공장용지,8082.20 ,23034.75 ,23034.75 ,0.00 ,"경기도 시흥시 매화산단로 105(매화동, (주)링크텍)",경기도 시흥시 매화동 845-2 (주)링크텍,분양,건축완료,도시지역,공업지역,민간
경기도,안산시 단원구,(주)대일스마트허브스퀘어,지식산업센터,(주)대일스마트허브스퀘어,승인,반월국가산업단지,한국산업단지공단 경기지역본부,국가산업단지,[신설]승인,공장용지,4529.52 ,16827.01 ,13592.44 ,3234.57 ,,"경기도 안산시 단원구 초지동 670-5 , 670-25",,미착공,도시지역,공업지역,민간
경기도,안산시 단원구,(주)에치케이씨 2차,지식산업센터,(주)에치케이씨,등록,반월국가산업단지,한국산업단지공단 경기지역본부,국가산업단지,[완료신고],공장용지,8924.30 ,13039.22 ,10415.46 ,2623.77 ,경기도 안산시 단원구 산단로 224,경기도 안산시 단원구 원시동 772,분양/임대,건축완료,도시지역,공업지역,민간
경기도,안산시 단원구,5차 유진타워테크노밸리,지식산업센터,유진타워건설(주),등록,반월국가산업단지,한국산업단지공단 경기지역본부,국가산업단지,[변경완료신고],공장용지,3282.70 ,12929.73 ,8165.27 ,4764.46 ,"경기도 안산시 단원구 원시로 253-5, 1블럭 84로트 (원시동)",경기도 안산시 단원구 원시동  818-5번지,분양/임대,건축완료,도시지역,공업지역,민간
경기도,안산시 단원구,광림원시타워,지식산업센터,광림전건(주),승인,반월국가산업단지,한국산업단지공단 경기지역본부,국가산업단지,[신설변경]승인,공장용지,0.00 ,6843.18 ,5732.67 ,1110.51 ,"경기도 안산시 단원구 산단로 82,  (10B-40-1L) (원시동)",경기도 안산시단원구 원시동 782-13번지 (10B-40-1L),분양,건축완료,도시지역,공업지역,민간
경기도,안산시 단원구,광양프런티어밸리1차 (금석산업),지식산업센터,(주)금석산업,등록,반월국가산업단지,한국산업단지공단 경기지역본부,국가산업단지,[변경완료신고],공장용지,8790.10 ,17879.04 ,16619.52 ,1259.52 ,경기도 안산시 단원구 별망로 419 (목내동),경기도 안산시 단원구 목내동  457번지,분양/임대,건축완료,도시지역,공업지역,민간
경기도,안산시 단원구,광양프런티어밸리2차,지식산업센터,(주)대광,등록,반월국가산업단지,한국산업단지공단 경기지역본부,국가산업단지,[변경완료신고],공장용지,10733.20 ,54360.26 ,27588.63 ,26771.63 ,"경기도 안산시 단원구 별망로 453, (403-3, 6블럭 29롯트) (목내동)","경기도 안산시 단원구 목내동 403-3번지 (403-3, 6블럭 29롯트)",분양/임대,건축완료,도시지역,공업지역,민간
경기도,안산시 단원구,대우테크노피아,지식산업센터,새솔산업개발(주),승인,반월국가산업단지,한국산업단지공단 경기지역본부,국가산업단지,[신설]승인,공장용지,16811.80 ,79600.19 ,64904.66 ,14695.52 ,"경기도 안산시 단원구 산단로 296, 1동 1층 A127호(원시동, 대우테크노피아아파트)",경기도 안산시 단원구 원시동 768-1 대우테크노피아아파트 1동 1층 A127호,임대,건축완료,도시지역,공업지역,민간
경기도,안산시 단원구,리드 스마트스퀘어 지식산업센터,지식산업센터,(주)제이엔제이파트너스,등록,반월국가산업단지,한국산업단지공단 경기지역본부,국가산업단지,[변경완료신고],공장용지,33514.70 ,97179.30 ,83332.90 ,13846.40 ,경기도 안산시 단원구 산단로 325 (신길동),경기도 안산시 단원구 신길동 1229번지,,건축완료,도시지역,공업지역,민간
경기도,안산시 단원구,반월디지털지식산업센터,지식산업센터,(주)에치케이씨,등록,반월국가산업단지,한국산업단지공단 경기지역본부,국가산업단지,[완료신고],공장용지,9370.90 ,6973.74 ,6182.31 ,791.43 ,"경기도 안산시 단원구 해안로 329,  반월산단 9블럭 51-1롯트 (초지동)",경기도 안산시 단원구 초지동 653-6번지,분양/임대,건축완료,도시지역,공업지역,민간
경기도,안산시 단원구,반월테크노시티(주),지식산업센터,반월테크노시티(주),등록,반월국가산업단지,한국산업단지공단 경기지역본부,국가산업단지,[변경완료신고],공장용지,4871.50 ,10385.49 ,8195.44 ,2190.05 ,경기도 안산시 단원구 목내로119번길 26 (목내동),경기도 안산시 단원구 목내동 447-6번지,분양,건축완료,도시지역,공업지역,민간
경기도,안산시 단원구,서흥테크노벨리,지식산업센터,(주)케이디넷,등록,반월국가산업단지,한국산업단지공단 경기지역본부,국가산업단지,[완료신고],공장용지,11523.20 ,49415.69 ,39681.39 ,9734.30 ,"경기도 안산시 단원구 산단로 107, 4블럭 (원시동)",경기도 안산시 단원구 원시동 731-4번지,분양,건축완료,도시지역,공업지역,민간
경기도,안산시 단원구,시화아파트형임대공장,지식산업센터,한국산업단지공단,등록,시화국가산업단지,한국산업단지공단 경기지역본부 시화지사,국가산업단지,[완료신고],공장용지,41951.80 ,44179.48 ,33140.88 ,11038.60 ,"경기도 안산시 단원구 지원로 107,  5라 301 (성곡동)",경기도 안산시 단원구 성곡동  672번지,분양,건축완료,도시지역,공업지역,공공
경기도,안산시 단원구,시화타원지식산업센터,지식산업센터,타원종합건설(주),승인,시화국가산업단지,한국산업단지공단 경기지역본부 시화지사,국가산업단지,[신설변경]승인,공장용지,33006.10 ,25697.16 ,23287.35 ,2409.81 ,"경기도 안산시 단원구 번영1로 65,  시화산단 4라 506호 (성곡동)",경기도 안산시단원구 성곡동 669-7번지 시화산단 4라 506호,분양/임대,건축완료,도시지역,공업지역,민간
경기도,안산시 단원구,신안산비즈스타,지식산업센터,신영부동산신탁(주),등록,반월국가산업단지,한국산업단지공단 경기지역본부,국가산업단지,[변경완료신고],공장용지,9838.60 ,71739.23 ,42527.72 ,29211.51 ,경기도 안산시 단원구 산단로 232 (원시동),경기도 안산시 단원구 원시동 770-3,,건축완료,도시지역,공업지역,민간
경기도,안산시 단원구,안산 코리아 디지털타워 지식산업센터(KDT) ,지식산업센터,(주)하나자산신탁,등록,반월국가산업단지,한국산업단지공단 경기지역본부,국가산업단지,[완료신고],공장용지,9985.80 ,70009.39 ,35717.28 ,34292.11 ,"경기도 안산시 단원구 산단로 14 (원시동, 안산KDT지식산업센터)",경기도 안산시 단원구 원시동 835 안산KDT지식산업센터,,건축완료,도시지역,공업지역,민간
경기도,안산시 단원구,안산디지털파크,지식산업센터,(주)경희산업개발,등록,반월국가산업단지,한국산업단지공단 경기지역본부,국가산업단지,[완료신고],공장용지,19751.00 ,74948.51 ,71115.80 ,3832.71 ,경기도 안산시 단원구 능안로 81 (신길동),경기도 안산시 단원구 신길동 1123번지,분양,건축완료,도시지역,공업지역,민간
경기도,안산시 단원구,에이치케이씨아이디에스 1차,지식산업센터,(주)에이치케이씨아이디에스,승인,반월국가산업단지,한국산업단지공단 경기지역본부,국가산업단지,[신설]승인,공장용지,10054.20 ,57212.30 ,30285.54 ,26926.76 ,경기도 안산시 단원구 해안로 259(원시동),경기도 안산시 단원구 원시동 835-4,,미착공,도시지역,공업지역,민간
경기도,안산시 단원구,유진타워 테크노벨리-3,지식산업센터,유진기공(주),등록,반월국가산업단지,한국산업단지공단 경기지역본부,국가산업단지,[완료신고],공장용지,3194.90 ,4740.24 ,4025.36 ,714.88 ,"경기도 안산시 단원구 신원로91번길 79, 성곡동 638-5번지 607블럭 7롯트 (성곡동)",경기도 안산시 단원구 성곡동  638-5번지,분양,건축완료,도시지역,공업지역,민간
경기도,안산시 단원구,유진타워건설(주),지식산업센터,유진타워건설(주),등록,반월국가산업단지,한국산업단지공단 경기지역본부,국가산업단지,[완료신고],공장용지,6450.10 ,5712.00 ,5542.14 ,169.86 ,경기도 안산시 단원구 범지기로 85 (원시동),경기도 안산시 단원구 원시동 729-1번지,분양,건축완료,도시지역,공업지역,민간
경기도,안산시 단원구,유진타워테크노밸리2차 (유진타워건설(주)),지식산업센터,유진타워건설(주),등록,반월국가산업단지,한국산업단지공단 경기지역본부,국가산업단지,[변경완료신고],공장용지,4065.50 ,7059.79 ,6834.31 ,225.48 ,경기도 안산시 단원구 능안로 58,경기도 안산시단원구 목내동 471 번지,분양,건축완료,도시지역,공업지역,민간
경기도,안산시 단원구,정우벤처타운 2,지식산업센터,성원도시개발,등록,반월국가산업단지,한국산업단지공단 경기지역본부,국가산업단지,[완료신고],공장용지,7677.20 ,23225.21 ,13782.88 ,9442.33 ,"경기도 안산시 단원구 산단로 341,  13블럭 (신길동)",경기도 안산시 단원구 신길동  1228-1번지,분양,건축완료,도시지역,공업지역,민간
경기도,안산시 단원구,정우벤처타운1,지식산업센터,(주)정우종합건설,등록,반월국가산업단지,한국산업단지공단 경기지역본부,국가산업단지,[완료신고],공장용지,3140.60 ,11530.96 ,11164.84 ,366.12 ,"경기도 안산시 단원구 해봉로330번길 8,  24블럭 (신길동)",경기도 안산시 단원구 신길동  1121-2번지,,건축완료,도시지역,공업지역,민간
경기도,안산시 단원구,제이에스테크노타워지식산업센터 (제이에스타워(주)),지식산업센터,제이에스타워(주),등록,반월국가산업단지,한국산업단지공단 경기지역본부,국가산업단지,[완료신고],공장용지,13246.00 ,9611.60 ,8923.00 ,688.60 ,"경기도 안산시 단원구 산단로 123 (원시동, JS테크노타워 지식산업센터)",경기도 안산시 단원구 원시동  730-1번지,분양/임대,건축완료,도시지역,공업지역,민간
경기도,안산시 단원구,타원 TAKRA 5차 지식산업센터,지식산업센터,제이에스타워(주),등록,반월국가산업단지,한국산업단지공단 경기지역본부,국가산업단지,[완료신고],공장용지,13135.40 ,79911.74 ,35277.73 ,44634.01 ,"경기도 안산시 단원구 별망로 555, (784-2번지) (원시동)",경기도 안산시 단원구 원시동 784-2번지 (784-2번지),분양/임대,건축완료,도시지역,공업지역,민간
경기도,안산시 단원구,타원 TAKRAⅠ,지식산업센터,타원종합건설(주),등록,반월국가산업단지,한국산업단지공단 경기지역본부,국가산업단지,[완료신고],공장용지,22331.80 ,57297.22 ,30513.63 ,26783.59 ,"경기도 안산시 단원구 성곡로 176, 645-5번지 타원타크라Ⅰ (성곡동)",경기도 안산시 단원구 성곡동 645-5번지 645-5번지 타원타크라Ⅰ,,건축완료,도시지역,공업지역,민간
경기도,안산시 단원구,타원 TAKRAⅡ,지식산업센터,타원종합건설(주),등록,반월국가산업단지,한국산업단지공단 경기지역본부,국가산업단지,[완료신고],공장용지,10966.10 ,65154.15 ,32989.30 ,32164.85 ,경기도 안산시 단원구 동산로 76 (원시동),경기도 안산시 단원구 원시동 775-3번지,,건축완료,도시지역,공업지역,민간
경기도,안산시 단원구,타원 TAKRAⅢ,지식산업센터,타원종합건설(주),등록,반월국가산업단지,한국산업단지공단 경기지역본부,국가산업단지,[완료신고],공장용지,27718.90 ,121435.11 ,64483.28 ,56951.83 ,경기도 안산시 단원구 만해로 205,경기도 안산시 단원구 성곡동 645,분양/임대,건축완료,도시지역,공업지역,민간
경기도,안산시 단원구,피앤피지식산업센터,지식산업센터,주식회사반월시화에코클러스터피에프브이,승인,시화국가산업단지,한국산업단지공단 경기지역본부 시화지사,국가산업단지,[신설]승인,공장용지,1919.40 ,6226.92 ,2718.06 ,3508.86 ,경기도 안산시 단원구 지원로 107-12,경기도 안산시 단원구 성곡동 672-37번지 5라 301-12호,분양/임대,건축완료,도시지역,공업지역,공공
경기도,안산시 상록구,그랑시티 시그니처타워,지식산업센터,안산사동90블록피에프브이(주),등록,,경기도 안산시,개별,[완료신고],대,3164.60 ,37730.73 ,32036.08 ,5694.65 ,경기도 안산시 상록구 사동 1639-20번지,경기도 안산시 상록구 사동 1639-20번지,분양,건축완료,도시지역,상업지역,민간
경기도,안산시 상록구,디지털전환허브,지식산업센터,(재)경기테크노파크,등록,,경기도 안산시,개별,[변경완료신고],대,1969.10 ,16529.00 ,16529.00 ,0.00 ,경기도 안산시 상록구 사동 1639-21번지,경기도 안산시 상록구 사동 1639-21번지,임대,건축완료,도시지역,상업지역,민간
경기도,안산시 상록구,안산사동 1639-22 지식산업센터,지식산업센터,안산사동90블록피에프브이 주식회사,승인,,경기도 안산시,개별,[신설]승인,대,8730.50 ,0.00 ,0.00 ,0.00 ,,경기도 안산시 상록구 사동 1639-22,,미착공,도시지역,상업지역,민간
경기도,안성시,안성벤처타운,지식산업센터,안성벤처타운,등록,,경기도 안성시,개별,[완료신고],대,1431.00 ,805.00 ,660.00 ,145.00 ,경기도 안성시 금광면 금광초교길 46 (총 2 필지),경기도 안성시 금광면 금광리 102-1번지,임대,건축완료,관리지역,,공공
경기도,안성시,(주)아평디엔씨,지식산업센터,(주)아평디엔씨,승인,안성강문일반산업단지,경기도 안성시,지방산업단지,[신설]승인,"임야, 임야, 임야, 임야, 임야, 임야",3465.00 ,21803.43 ,15257.73 ,6545.70 ,,경기도 안성시 원곡면 외가천리 17-8 외 5필지,,,도시지역,공업지역,민간
경기도,안양시 동안구,DSKBM 지식산업센터,지식산업센터,디에스주식회사,등록,,경기도 안양시,개별,[완료신고],"공장용지, 공장용지, 공장용지, 공장용지",3057.20 ,5853.15 ,4163.46 ,1689.69 ,경기도 안양시 동안구 엘에스로 139  (호계동) 외 3필지,경기도 안양시 동안구 호계동 1026-10 동 층 호 외 3필지,,,도시지역,공업지역,민간
경기도,안양시 동안구,K-비즈리움,지식산업센터,(주)무궁화신탁,등록,,경기도 안양시,개별,[완료신고],공장용지,0.00 ,19669.56 ,13978.83 ,5690.73 ,경기도 안양시 동안구 흥안대로 445 (평촌동) 평촌 K-비즈리움,경기도 안양시 동안구 평촌동 87-10 평촌 K-비즈리움,,미착공,도시지역,공업지역,민간
경기도,안양시 동안구,THE H TOWER 919 지식산업센터,지식산업센터,케이비부동산신탁 주식회사,등록,,경기도 안양시,개별,[완료신고],대,4558.00 ,27123.79 ,22010.30 ,5113.49 ,,경기도 안양시 동안구 관양동 919,,,도시지역,공업지역,민간
경기도,안양시 동안구,We19 지식산업센터,지식산업센터,김은희,등록,,경기도 안양시,개별,[완료신고],공장용지,2328.20 ,15180.63 ,14284.85 ,895.78 ,,경기도 안양시 동안구 호계동 1029-4,임대,건축완료,도시지역,공업지역,민간
경기도,안양시 동안구,관양동 894번지 지식산업센터,지식산업센터,마스턴제175호안양관양피에프브이 주식회사,승인,,경기도 안양시,개별,[신설]승인,"공장용지, 공장용지, 공장용지",3988.80 ,28395.79 ,27795.48 ,600.31 ,경기도 안양시 동안구 시민대로365번길 20 (관양동) 외 2필지,경기도 안양시 동안구 관양동 894 외 2필지,분양,,도시지역,공업지역,민간
경기도,안양시 동안구,"관양동 933-1,2 지식산업센터",지식산업센터,도일종합건설 주식회사,승인,,경기도 안양시,개별,[신설]승인,"공장용지, 공장용지",2470.50 ,20706.07 ,19754.20 ,951.87 ,경기도 안양시 동안구 흥안대로439번길 48-29 외 1필지,경기도 안양시 동안구 관양동 933-1 외 1필지,,,도시지역,공업지역,민간
경기도,안양시 동안구,관양동 951-1 지식산업센터,지식산업센터,주식회사 디티지에이앤디,승인,,경기도 안양시,개별,[신설]승인,공장용지,1287.00 ,4043.69 ,3663.46 ,380.23 ,경기도 안양시 동안구 흥안대로439번길 62(관양동),경기도 안양시 동안구 관양동 951-1,,미착공,도시지역,공업지역,민간
경기도,안양시 동안구,관양두산벤처다임,지식산업센터,두산산업개발(주),등록,,경기도 안양시,개별,[완료신고],공장용지,6035.90 ,28897.87 ,26827.60 ,2070.27 ,"경기도 안양시 동안구 학의로 250 (관양동, 관양 두산 벤처다임)",경기도 안양시동안구 관양동 1307-37번지,분양,미착공,도시지역,공업지역,민간
경기도,안양시 동안구,금강펜테리움IT타워,지식산업센터,인덕개발,등록,,경기도 안양시,개별,[완료신고],공장용지,16613.40 ,132785.13 ,88747.16 ,44037.97 ,"경기도 안양시 동안구 학의로 282, 외1 (관양동, 금강펜테리움IT타워)",경기도 안양시 동안구 관양동 810번지 금강펜테리움IT타워 외1,,미착공,도시지역,공업지역,민간
경기도,안양시 동안구,금정역 2차 SK V1 tower,지식산업센터,영흥개발 주식회사,등록,,경기도 안양시,개별,[완료신고],공장용지,10719.90 ,72915.77 ,66939.48 ,5976.29 ,경기도 안양시 동안구 엘에스로 136(호계동),경기도 안양시 동안구 호계동 555-2,분양,건축완료,도시지역,공업지역,민간
경기도,안양시 동안구,금정역 3차 SK V1 center,지식산업센터,코리아신탁(주),등록,,경기도 안양시,개별,[완료신고],공장용지,8717.70 ,56054.74 ,53413.57 ,2641.17 ,경기도 안양시 동안구 엘에스로116번길 91(호계동),경기도 안양시 동안구 호계동 555-26,,미착공,도시지역,공업지역,민간
경기도,안양시 동안구,대륭테크노타운(15차),지식산업센터,(주)크리에드컴,등록,,경기도 안양시,개별,[변경완료신고],공장용지,101474.59 ,101474.59 ,83428.31 ,18046.28 ,"경기도 안양시 동안구 시민대로 401 (관양동, 대륭 테크노타운 15차)",경기도 안양시 동안구 관양동 224-5번지 대륭 테크노타운 15차,분양,미착공,도시지역,공업지역,민간
경기도,안양시 동안구,동일테크노타운1차,지식산업센터,동일주택,등록,,경기도 안양시,개별,[완료신고],공장용지,1099.44 ,6539.00 ,3794.00 ,2745.00 ,경기도 안양시 동안구 벌말로102번길 42 (관양동),경기도 안양시동안구 관양동 889-3번지 동일테크노타운1차,분양,건축완료,도시지역,공업지역,민간
경기도,안양시 동안구,동일테크노타운2차,지식산업센터,동일주택,등록,,경기도 안양시,개별,[완료신고],공장용지,1814.00 ,8696.00 ,5318.00 ,3378.00 ,경기도 안양시 동안구 시민대로365번길 39 (관양동),경기도 안양시동안구 관양동 889번지 동일테크노타운2차,분양,건축완료,도시지역,공업지역,민간
경기도,안양시 동안구,동일테크노타운3차,지식산업센터,동일주택,등록,,경기도 안양시,개별,[완료신고],공장용지,4315.03 ,22185.00 ,13403.00 ,8782.00 ,경기도 안양시 동안구 시민대로365번길 40 (관양동),경기도 안양시동안구 관양동 889-1번지 동일테크노타운3차,분양,건축완료,도시지역,공업지역,민간
경기도,안양시 동안구,동일테크노타운7차,지식산업센터,(주)동일토건,등록,,경기도 안양시,개별,[완료신고],공장용지,3850.00 ,16684.00 ,10316.00 ,6368.00 ,"경기도 안양시 동안구 벌말로 140 (관양동, 동일테크노타운)",경기도 안양시 동안구 관양동 823번지,분양,건축완료,도시지역,공업지역,민간
경기도,안양시 동안구,두림야스카와㈜ 안양사옥,지식산업센터,두림야스카와㈜,등록,,경기도 안양시,개별,[완료신고],공장용지,2833.50 ,16950.46 ,13019.26 ,3931.20 ,경기도 안양시 동안구 엘에스로 112 (호계동),경기도 안양시 동안구 호계동 555-15번지,임대,건축완료,도시지역,공업지역,민간
경기도,안양시 동안구,두산벤처다임,지식산업센터,두산산업개발(주),등록,,경기도 안양시,개별,[완료신고],공장용지,22729.70 ,114537.20 ,99847.91 ,14689.29 ,"경기도 안양시 동안구 흥안대로 415 (평촌동, 두산벤처다임)",경기도 안양시 동안구 평촌동 126-1번지,,건축완료,도시지역,공업지역,민간
경기도,안양시 동안구,디오밸리,지식산업센터,서울.경기산업중기계 부품상협동조합,등록,,경기도 안양시,개별,[완료신고],대,25525.49 ,65560.07 ,48441.79 ,17118.28 ,"경기도 안양시 동안구 엘에스로 92 (호계동, 안양 국제 유통단지)",경기도 안양시동안구 호계1동 555-9번지,분양,건축완료,도시지역,공업지역,민간
경기도,안양시 동안구,디지털 엠파이어 평촌 비즈밸리,지식산업센터,주식회사 케이티앤지,승인,,경기도 안양시,개별,[신설]승인,"대, 대, 대, 대, 대, 대, 대, 대, 대",14277.00 ,99168.06 ,95946.70 ,3221.36 ,경기도 안양시 동안구 흥안대로81번길 77 외 8필지,경기도 안양시 동안구 호계동 531 외 8필지,,미착공,도시지역,공업지역,민간
경기도,안양시 동안구,디지털엠파이어(A동),지식산업센터,국제신탁(주),등록,,경기도 안양시,개별,[완료신고],공장용지,3018.60 ,20415.82 ,17216.59 ,3199.23 ,"경기도 안양시 동안구 시민대로 387 (관양동, 디지털 엠파이어(A동))",경기도 안양시 동안구 관양동 906-1번지 디지털 엠파이어(A동),분양,미착공,도시지역,공업지역,민간
경기도,안양시 동안구,디지털엠파이어(B동),지식산업센터,국제신탁(주),등록,,경기도 안양시,개별,[완료신고],공장용지,3982.57 ,25052.09 ,19960.92 ,5091.17 ,"경기도 안양시 동안구 시민대로 383 (관양동, 디지털 엠파이어(B동))",경기도 안양시 동안구 관양동 906-4번지 디지털 엠파이어(B동),분양,건축완료,도시지역,공업지역,민간
경기도,안양시 동안구,성지스타위드,지식산업센터,성지건설(주),등록,,경기도 안양시,개별,[완료신고],공장용지,8668.16 ,52148.82 ,48661.75 ,3487.07 ,경기도 안양시 동안구 흥안대로427번길 38 (관양동),경기도 안양시 동안구 관양동 954-6번지,분양,건축완료,도시지역,공업지역,민간
경기도,안양시 동안구,스마트베이2차,지식산업센터,(주)생보부동산신탁,등록,,경기도 안양시,개별,[변경완료신고],공장용지,1654.00 ,8097.76 ,5979.66 ,2118.10 ,경기도 안양시 동안구 벌말로102번길 49 (관양동),경기도 안양시 동안구 관양동 891번지,분양,건축완료,도시지역,공업지역,민간
경기도,안양시 동안구,신원비전타워,지식산업센터,(주)신원씨엔씨,등록,,경기도 안양시,개별,[완료신고],공장용지,6504.60 ,33834.65 ,26988.85 ,6845.80 ,"경기도 안양시 동안구 전파로 88 (호계동, 신원비젼타워)",경기도 안양시 동안구 호계동 898번지,분양,건축완료,도시지역,공업지역,민간
경기도,안양시 동안구,안양 SK V1 센터,지식산업센터,국제자산신탁㈜,등록,,경기도 안양시,개별,[완료신고],,8717.40 ,63763.80 ,58781.51 ,4982.29 ,경기도 안양시 동안구 엘에스로116번길 25-32 (호계동),경기도 안양시 동안구 호계동 555-42번지,분양,건축완료,,,민간
경기도,안양시 동안구,안양2차 SK V1 center,지식산업센터,우리자산신탁(주),등록,,경기도 안양시,개별,[완료신고],공장용지,2907.00 ,51131.45 ,47787.85 ,3343.60 ,경기도 안양시 동안구 엘에스로116번길 118 (호계동) 안양2차 SK V1 center,경기도 안양시 동안구 호계동 555-34 안양2차 SK V1 center,분양,,도시지역,공업지역,민간
경기도,안양시 동안구,안양IT밸리,지식산업센터,(주)유창파트너스,등록,,경기도 안양시,개별,[완료신고],공장용지,5764.60 ,29505.52 ,14001.95 ,15503.57 ,"경기도 안양시 동안구 엘에스로91번길 16-39, 안양IT밸리 (호계동)",경기도 안양시동안구 호계1동 1027번지 안양IT밸리,분양,건축완료,도시지역,공업지역,민간
경기도,안양시 동안구,안양데시앙플렉스,지식산업센터,(주)하나자산신탁,등록,,경기도 안양시,개별,[변경완료신고],공장용지,6715.20 ,41036.21 ,33769.89 ,7266.32 ,경기도 안양시 동안구 엘에스로 122 (호계동),경기도 안양시 동안구 호계동 555-45번지,,건축완료,도시지역,공업지역,민간
경기도,안양시 동안구,안양메가밸리,지식산업센터,(주)하이앤드,등록,,경기도 안양시,개별,[완료신고],공장용지,17694.00 ,90163.58 ,50651.55 ,39512.03 ,"경기도 안양시 동안구 학의로 268 (관양동, 안양메가밸리)",경기도 안양시동안구 관양동 799번지,분양,건축완료,도시지역,공업지역,민간
경기도,안양시 동안구,어반플렉스 지식산업센터,지식산업센터,신한자산신탁 주식회사,등록,,경기도 안양시,개별,[완료신고],"잡종지, 잡종지",1600.00 ,8916.61 ,8408.22 ,508.39 ,경기도 안양시 동안구 시민대로393번길 9 (관양동) 외 1필지,경기도 안양시 동안구 관양동 905-1 동 층 호 외 1필지,,,도시지역,공업지역,민간
경기도,안양시 동안구,에이스평촌타워,지식산업센터,에이스하이엔드십일차(유),등록,,경기도 안양시,개별,[완료신고],공장용지,8538.80 ,47855.03 ,43392.59 ,4462.44 ,"경기도 안양시 동안구 시민대로 361, 외7필지 (관양동, 에이스평촌타워 1동)",경기도 안양시 동안구 관양동 883번지 에이스평촌타워 1동 외7필지,분양,미착공,도시지역,공업지역,민간
경기도,안양시 동안구,에이스하이테크시티 범계,지식산업센터,(주)한가람개발,등록,,경기도 안양시,개별,[완료신고],대,7686.20 ,54715.12 ,44138.62 ,10576.50 ,경기도 안양시 동안구 시민대로109번길 29 (호계동),경기도 안양시 동안구 호계동 900,,,도시지역,공업지역,민간
경기도,안양시 동안구,에이스하이테크시티 평촌,지식산업센터,부경종합개발(주),등록,,경기도 안양시,개별,[완료신고],공장용지,6537.90 ,44273.73 ,34147.35 ,10126.39 ,"경기도 안양시 동안구 흥안대로 457-27, 외10필지 (관양동)",경기도 안양시 동안구 관양동 911번지 외10필지,분양/임대,건축완료,도시지역,공업지역,민간
경기도,안양시 동안구,엘에스엠트론(주)하이테크센터,지식산업센터,엘에스엠트론(주),등록,,경기도 안양시,개별,[완료신고],공장용지,8367.60 ,42228.73 ,21634.01 ,20594.72 ,경기도 안양시 동안구 엘에스로116번길 39 (호계동),경기도 안양시 동안구 호계동 555-16번지,임대,미착공,도시지역,공업지역,민간
경기도,안양시 동안구,오비즈타워,지식산업센터,오성제지(주),등록,,경기도 안양시,개별,[완료신고],공장용지,15047.00 ,62111.76 ,51676.71 ,10435.05 ,경기도 안양시 동안구 벌말로 126 (관양동),경기도 안양시 동안구 관양동 1802번지,분양,건축완료,도시지역,공업지역,민간
경기도,안양시 동안구,인덕원 LDC 비즈타워,지식산업센터,신영부동산신탁 주식회사,등록,,경기도 안양시,개별,[완료신고],"공장용지, 공장용지, 공장용지",4917.90 ,34134.24 ,32829.74 ,1304.50 ,경기도 안양시 동안구 흥안대로427번길 45(관양동) 외 2필지,경기도 안양시 동안구 관양동 954-11 외 2필지,,미착공,도시지역,공업지역,민간
경기도,안양시 동안구,인덕원역 AK 밸리,지식산업센터,우리자산신탁(주),등록,,경기도 안양시,개별,[완료신고],대,4938.50 ,31314.28 ,30400.46 ,913.82 ,"경기도 안양시 동안구 흥안대로 439, 등 6필지(119-5, 87-6, 88-3~5)(평촌동)","경기도 안양시 동안구 평촌동 119 등 6필지(119-5, 87-6, 88-3~5)",,미착공,도시지역,공업지역,민간
경기도,안양시 동안구,인덕원역 더리브 디하우트,지식산업센터,교보자산신탁주식회사,등록,,경기도 안양시,개별,[완료신고],공장용지,5402.00 ,36134.78 ,27458.15 ,8676.63 ,"경기도 안양시 동안구 시민대로 398 (평촌동, 인덕원역 더리브 디하우트)",경기도 안양시 동안구 평촌동 82 인덕원역 더리브 디하우트,,건축완료,도시지역,공업지역,민간
경기도,안양시 동안구,평촌디지털엠파이어,지식산업센터,㈜생보부동산신탁,등록,,경기도 안양시,개별,[완료신고],공장용지,7898.90 ,51145.16 ,46758.18 ,4386.98 ,경기도 안양시 동안구 흥안대로427번길 16 (관양동),경기도 안양시 동안구 관양동 954-2번지,분양,건축완료,도시지역,공업지역,민간
경기도,안양시 동안구,평촌스마트베이,지식산업센터,(주)하나자산신탁,등록,,경기도 안양시,개별,[완료신고],공장용지,7623.60 ,46561.18 ,35251.74 ,11309.44 ,경기도 안양시 동안구 벌말로 123 (관양동),경기도 안양시 동안구 관양동 792-2번지,분양,건축완료,도시지역,공업지역,민간
경기도,안양시 동안구,평촌역 아이에스 비즈타워,지식산업센터,아이에스동서㈜,등록,,경기도 안양시,개별,[완료신고],공장용지,8582.20 ,57607.60 ,44008.31 ,13599.29 ,경기도 안양시 동안구 흥안대로427번길 57-2 (평촌동),경기도 안양시 동안구 평촌동 160-1번지,분양,건축완료,도시지역,공업지역,민간
경기도,안양시 동안구,평촌역 하이필드,지식산업센터,케이비부동산신탁(주),등록,,경기도 안양시,개별,[완료신고],공장용지,14674.40 ,94081.50 ,66849.28 ,27232.22 ,경기도 안양시 동안구 벌말로 66,경기도 안양시 동안구 관양동 922번지,분양,,도시지역,공업지역,민간
경기도,안양시 동안구,한국프라자,지식산업센터,한국프라자,등록,,경기도 안양시,개별,[완료신고],공장용지,945.60 ,3992.95 ,1917.75 ,2075.20 ,경기도 안양시 동안구 엘에스로 91 (호계동),경기도 안양시동안구 호계1동 1029-6번지,분양,건축완료,도시지역,공업지역,민간
경기도,안양시 동안구,호계 금정역 SK V1 center,지식산업센터,코리아신탁(주),등록,,경기도 안양시,개별,[완료신고],공장용지,8482.90 ,55396.47 ,51795.04 ,3601.42 ,경기도 안양시 동안구 엘에스로 142 (호계동),경기도 안양시 동안구 호계동 555-37,분양,건축완료,도시지역,공업지역,민간
경기도,안양시 만안구,경기도 안양시 안양동 219-2번지,지식산업센터,주식회사 케이씨케이,승인,,경기도 안양시,개별,[신설]승인,대,2472.80 ,0.00 ,0.00 ,0.00 ,"경기도 안양시 만안구 시민대로 28(안양동, (주)현대드림모터스)",경기도 안양시 만안구 안양동 219-2 (주)현대드림모터스,,미착공,도시지역,공업지역,민간
경기도,안양시 만안구,동영벤처스텔,지식산업센터,(주)동영,등록,,경기도 안양시,개별,[완료신고],공장용지,1764.20 ,7170.96 ,3920.24 ,3250.72 ,"경기도 안양시 만안구 덕천로 45 (안양동, 동영 벤처스텔)","경기도 안양시만안구 안양7동 202-4번지 ,9번지",분양,건축완료,도시지역,공업지역,민간
경기도,안양시 만안구,동영벤처스텔5차,지식산업센터,(주)동영,등록,,경기도 안양시,개별,[완료신고],공장용지,5289.30 ,22789.30 ,14650.08 ,8139.22 ,"경기도 안양시 만안구 덕천로72번길 76 (안양동, 동영벤처스텔)",경기도 안양시 만안구 안양동 199-32번지,분양,건축완료,도시지역,공업지역,민간
경기도,안양시 만안구,동일테크노타운5차,지식산업센터,(주)동일토건,등록,,경기도 안양시,개별,[완료신고],공장용지,1959.20 ,9927.00 ,6025.00 ,3902.00 ,"경기도 안양시 만안구 덕천로 33, 동일테크노타운5차 (안양동)",경기도 안양시만안구 안양동 202-6번지 동일테크노타운5차,분양,건축완료,도시지역,공업지역,민간
경기도,안양시 만안구,두산 명학 아너비즈타워,지식산업센터,아시아신탁(주),등록,,경기도 안양시,개별,[완료신고],공장용지,6611.60 ,45624.62 ,34981.87 ,10642.75 ,"경기도 안양시 만안구 전파로44번길 57 (안양동, 두산명학 아너비즈타워)",경기도 안양시 만안구 안양동 199 두산명학 아너비즈타워 동 층 호,분양,미착공,도시지역,공업지역,민간
경기도,안양시 만안구,명지e-스페이스,지식산업센터,명지건설(주),등록,,경기도 안양시,개별,[완료신고],대,3066.50 ,13174.77 ,7752.15 ,5422.62 ,"경기도 안양시 만안구 덕천로 34 (안양동, 명지 이-스페이스)",경기도 안양시만안구 안양7동 218번지,분양,건축완료,도시지역,공업지역,민간
경기도,안양시 만안구,박달지식산업센터,지식산업센터,신한자산신탁(주),승인,,경기도 안양시,개별,[신설]승인,"공장용지, 공장용지, 공장용지, 공장용지, 공장용지, 공장용지",7896.00 ,78453.25 ,76513.87 ,1939.38 ,경기도 안양시 만안구 박달로338번길 18 외 5필지,경기도 안양시 만안구 박달동 617-19 외 5필지,,미착공,도시지역,공업지역,민간
경기도,안양시 만안구,성일디지털타워,지식산업센터,성일기계엔지니어링(주),등록,,경기도 안양시,개별,[완료신고],공장용지,1444.60 ,7482.14 ,4048.25 ,3433.89 ,"경기도 안양시 만안구 시민대로 34 (안양동, 성일디지털타워)",경기도 안양시 만안구 안양동 219-9번지,분양,건축완료,도시지역,공업지역,민간
경기도,안양시 만안구,안양 아이에스비즈타워 센트럴,지식산업센터,케이비부동산신탁(주),등록,,경기도 안양시,개별,[완료신고],,0.00 ,216284.98 ,183887.31 ,32397.67 ,"경기도 안양시 만안구 덕천로152번길 25(안양동, 안양아이에스BIZ타워센트럴)",경기도 안양시 만안구 안양동 1432 안양아이에스BIZ타워센트럴,분양,건축완료,도시지역,공업지역,민간
경기도,안양시 만안구,안양스마트엔베네스트워크,지식산업센터,신한자산신탁 주식회사,승인,,경기도 안양시,개별,[신설]승인,공장용지,6990.00 ,70783.93 ,68397.38 ,2386.55 ,"경기도 안양시 만안구 박달로 338, 장, 617-13도, 617-35임, 산30-4임, 산30-8임","경기도 안양시 만안구 박달동 617-12 장, 617-13도, 617-35임, 산30-4임, 산30-8임",,미착공,도시지역,공업지역,민간
경기도,안양시 만안구,유천팩토피아,지식산업센터,유천건설(주),등록,,경기도 안양시,개별,[완료신고],공장용지,13650.06 ,72317.00 ,42764.00 ,29553.00 ,"경기도 안양시 만안구 전파로 30 (안양동, 유천팩토피아)",경기도 안양시만안구 안양동 196번지 유천팩토피아,분양,건축완료,도시지역,공업지역,민간
경기도,양주시,META-X,지식산업센터,(주)하나자산신탁,등록,,경기도 양주시,개별,[완료신고],대,11762.90 ,58960.94 ,25646.42 ,33314.52 ,경기도 양주시 율정로 20  (옥정동),경기도 양주시 옥정동 1007-1 동 층 호,분양,건축중,도시지역,주거지역,민간
경기도,양주시,덕계역 역세권 지식산업센터,지식산업센터,(주)신영피에프브이제3호 외 1인,승인,,경기도 양주시,개별,[신설]승인,"공장용지, 공장용지, 공장용지, 공장용지, 공장용지, 공장용지, 공장용지, 공장용지, 공장용지, 공장용지, 공장용지",55591.00 ,48356.97 ,26634.45 ,21722.52 ,,경기도 양주시 덕계동 152 외 10필지,분양,미착공,도시지역,공업지역,민간
경기도,양주시,메가시티,지식산업센터,신한자산신탁(주),등록,,경기도 양주시,개별,[완료신고],대,8747.60 ,36972.29 ,14852.84 ,22119.45 ,경기도 양주시 화합로1710번길 71  (옥정동),경기도 양주시 옥정동 1007-4,분양,건축중,도시지역,주거지역,민간
경기도,양주시,슈프림 더 브릭스 타워,지식산업센터,신영부동산신탁(주),등록,,경기도 양주시,개별,[완료신고],대,9341.70 ,39094.27 ,18451.60 ,20642.67 ,경기도 양주시 화합로1710번길 76  (옥정동),경기도 양주시 옥정동 1004-3 동 층 호,분양,건축완료,도시지역,주거지역,민간
경기도,양주시,시그니쳐 양주,지식산업센터,(주)호메오박스,승인,,경기도 양주시,개별,[신설]승인,"대, 대",19100.00 ,108199.97 ,99495.39 ,8704.58 ,,경기도 양주시 옥정동 1004-1 외 1필지,분양,미착공,도시지역,주거지역,민간
경기도,양주시,양주 에코밸리 비즈타워,지식산업센터,(주)케이더블유씨앤씨,승인,,경기도 양주시,개별,[신설]승인,"대, 대, 대, 대, 대, 대, 대, 대, 대, 대, 대, 대, 대, 대",14689.00 ,98941.72 ,44001.45 ,54940.27 ,경기도 양주시 화합로1325번길 208-14(덕정동) 외 13필지,경기도 양주시 덕정동 68-2 외 13필지,분양,미착공,도시지역,공업지역,민간
경기도,양주시,양주옥정 아이테크엠,지식산업센터,(주)무궁화신탁,등록,,경기도 양주시,개별,[완료신고],대,6254.90 ,30741.07 ,15359.55 ,15381.52 ,"경기도 양주시 화합로1710번길 177-19 (옥정동, 양주옥정 아이테크엠)",경기도 양주시 옥정동 1024-6 양주옥정 아이테크엠 동 층 호,분양,건축중,도시지역,주거지역,민간
경기도,양주시,양주옥정이노테라타워,지식산업센터,우리자산신탁(주),등록,,경기도 양주시,개별,[완료신고],대,13644.40 ,57144.15 ,26897.07 ,30247.08 ,경기도 양주시 화합로1710번길 35  (옥정동),경기도 양주시 옥정동 1006-1 동 층 호,분양,건축완료,도시지역,주거지역,민간
경기도,양주시,엘지패션복합단지,지식산업센터,(주)엘지패션,등록,,경기도 양주시,개별,[완료신고],공장용지,12072.00 ,18642.53 ,10770.76 ,7871.77 ,경기도 양주시 평화로1597번길 41 (회정동),경기도 양주시 회정동 457-1번지,임대,미착공,도시지역,주거지역,민간
경기도,양주시,와이티씨주식회사,지식산업센터,와이티씨주식회사,등록,,경기도 양주시,개별,[변경완료신고],공장용지,11314.00 ,46390.11 ,33920.31 ,12469.80 ,경기도 양주시 광적면 부흥로 847,경기도 양주시 광적면 가납리 428번지,분양,건축완료,도시지역,공업지역,민간
경기도,양주시,한강양주옥정듀클래스,지식산업센터,신한자산신탁(주),등록,,경기도 양주시,개별,[완료신고],"대, 대",15735.10 ,75816.91 ,33436.09 ,42380.82 ,경기도 양주시 옥정동 987-1번지 외 1필지,경기도 양주시 옥정동 987-1번지 외 1필지,분양,건축완료,도시지역,주거지역,민간
경기도,여주시,오학동 지식산업센터,지식산업센터,체스터원개발(주),승인,,경기도 여주시,개별,[신설]승인,"공장용지, 공장용지",3792.00 ,0.00 ,0.00 ,0.00 ,경기도 여주시 도예로 77 (오학동) 외 1필지,경기도 여주시 오학동 282 외 1필지,,,도시지역,공업지역,민간
경기도,오산시,대한은박지공업(주),지식산업센터,대한은박지공업(주),등록,,경기도 오산시,개별,[완료신고],공장용지,9781.00 ,9386.22 ,6688.15 ,2698.07 ,"경기도 오산시 독산성로 342 (세교동, 대한공조(주)) (총 3 필지) 외 2필지",경기도 오산시 세교동 551-5번지 외 2필지,임대,건축완료,도시지역,녹지지역,민간
경기도,오산시,더퍼스트타워세교,지식산업센터,주식회사 하나자산신탁,등록,,경기도 오산시,개별,[완료신고],대,9442.70 ,58508.41 ,25191.27 ,33317.14 ,경기도 오산시 독산성로 425,경기도 오산시 세교동 595-1번지 세교택지개발지구 자족 3BL,분양,미착공,도시지역,주거지역,민간
경기도,오산시,명칭 미정,지식산업센터,진양산업(주),승인,,경기도 오산시,개별,[신설]승인,대,10481.50 ,91277.21 ,88173.74 ,3103.47 ,,경기도 오산시 세교동 592-7 오산 세교택지개발지구 자족 6BL,,미착공,도시지역,상업지역,민간
경기도,오산시,명칭 미정,지식산업센터,한영에셋(주),승인,,경기도 오산시,개별,[신설]승인,대,13620.60 ,115328.47 ,110491.49 ,4836.98 ,,경기도 오산시 세교동 592-9,,,도시지역,상업지역,민간
경기도,오산시,중앙하이츠아셈IT타워,지식산업센터,성공주식회사,승인,,경기도 오산시,개별,[신설]승인,대,10143.70 ,92476.37 ,41695.50 ,50780.87 ,,경기도 오산시 내삼미동 893,,,도시지역,주거지역,민간
경기도,오산시,현대테라타워CMC,지식산업센터,신한자산신탁주식회사,등록,,경기도 오산시,개별,[완료신고],"공장용지, 공장용지",0.00 ,96004.69 ,79261.63 ,16743.06 ,경기도 오산시 수목원로88번길 35  (가수동) 외 1필지,경기도 오산시 가수동 399 외 1필지,분양/임대,건축완료,도시지역,공업지역,민간
경기도,오산시,현대프리미어캠퍼스 세마역,지식산업센터,(주)하나자산신탁,승인,,경기도 오산시,개별,[신설]승인,대,26591.50 ,230560.32 ,179538.08 ,51022.24 ,,경기도 오산시 세교동 586,분양/임대,미착공,도시지역,상업지역,민간
경기도,용인시 기흥구,기흥 테라타워 현대엔지니어링 ,지식산업센터,아시아신탁(주),등록,,경기도 용인시,개별,[완료신고],공장용지,27580.60 ,165341.43 ,136513.09 ,28828.34 ,"경기도 용인시 기흥구 서천로201번길 11 (농서동, 기흥 테라타워 지식산업센터)",경기도 용인시 기흥구 농서동 452 기흥 테라타워 지식산업센터 동 층 호,분양,건축완료,도시지역,주거지역,민간
경기도,용인시 기흥구,기흥ICT밸리 도시첨단산업단지 C블럭,지식산업센터,시티디엔씨(주),승인,,경기도 용인시,개별,[신설]승인,공장용지,2762.80 ,21836.60 ,9834.92 ,12001.68 ,경기도 용인시 기흥구 기흥로 60-1 (구갈동),경기도 용인시 기흥구 구갈동 682,분양/임대,건축완료,도시지역,주거지역,민간
경기도,용인시 기흥구,기흥ICT밸리 지식산업센터 A동,지식산업센터,주식회사 하나자산신탁,등록,,경기도 용인시,개별,[완료신고],공장용지,17211.80 ,98088.61 ,85826.70 ,12261.91 ,경기도 용인시 기흥구 기흥로 58-1 (구갈동),경기도 용인시 기흥구 구갈동 679,분양,건축완료,도시지역,공업지역,민간
경기도,용인시 기흥구,기흥ICT밸리 지식산업센터 B동,지식산업센터,주식회사 하나자산신탁,등록,,경기도 용인시,개별,[변경완료신고],공장용지,12555.70 ,99751.19 ,81313.37 ,18437.82 ,경기도 용인시 기흥구 기흥로 58 (구갈동),경기도 용인시 기흥구 구갈동 681,분양,건축완료,도시지역,공업지역,민간
경기도,용인시 기흥구,신광교 클라우드시티 지식산업센터,지식산업센터,(주)하나자산신탁,승인,,경기도 용인시,개별,[분양공고안]승인,"대, 대, 대, 대, 대, 대, 대, 대, 대, 대",28401.00 ,346350.13 ,311483.54 ,34866.59 ,,경기도 용인시 기흥구 영덕동 784 외 9필지,분양,미착공,도시지역,상업지역,민간
경기도,용인시 기흥구,에이스동백타워,지식산업센터,에이스동백타워관리위원회,등록,,경기도 용인시,개별,[변경완료신고],공장용지,13806.31 ,76353.55 ,72255.78 ,4097.77 ,경기도 용인시 기흥구 동백중앙로16번길 16-4 (중동),경기도 용인시 기흥구 중동 1033번지,분양/임대,건축완료,도시지역,주거지역,민간
경기도,용인시 기흥구,용인테크노밸리 지식산업센터,지식산업센터,(주)용인테크노밸리,등록,,경기도 용인시,개별,[변경완료신고],공장용지,24139.90 ,124863.57 ,96794.32 ,28069.25 ,경기도 용인시 기흥구 구성로 357 (청덕동),경기도 용인시 기흥구 청덕동 556번지,분양,건축완료,도시지역,주거지역,민간
경기도,용인시 기흥구,이너매스허브시티,지식산업센터,아시아신탁주식회사,등록,,경기도 용인시,개별,[완료신고],대,2956.50 ,13841.13 ,10124.36 ,3716.77 ,경기도 용인시 기흥구 서천로201번길 31  (농서동),경기도 용인시 기흥구 농서동 457 동 층 호,분양,건축완료,도시지역,주거지역,민간
경기도,용인시 기흥구,이호지식산업센터,지식산업센터,이호지식산업센터관리단,등록,,경기도 용인시,개별,[변경완료신고],공장용지,3402.50 ,17929.11 ,15734.83 ,2194.28 ,"경기도 용인시 기흥구 동백중앙로16번길 16-9 (중동, 대우프론티어밸리 Ⅱ)",경기도 용인시 기흥구 중동  1028번지,분양,건축완료,도시지역,주거지역,민간
경기도,용인시 기흥구,중동 대우프런티어밸리,지식산업센터,대우프론티어밸리관리위원회,등록,,경기도 용인시,개별,[변경완료신고],공장용지,10848.60 ,54065.47 ,51673.62 ,2391.85 ,"경기도 용인시 기흥구 동백중앙로16번길 16-25 (중동, 대우프론티어밸리 Ⅰ)",경기도 용인시 기흥구 중동 1030번지,분양,미착공,도시지역,주거지역,민간
경기도,용인시 기흥구,프리미엄원희캐슬 기흥서천,지식산업센터,아시아신탁주식회사,등록,,경기도 용인시,개별,[완료신고],대,18928.60 ,73881.06 ,54944.56 ,18936.50 ,경기도 용인시 기흥구 서천로201번길 14,경기도 용인시 기흥구 농서동 455번지,분양,건축완료,도시지역,주거지역,민간
경기도,용인시 기흥구,흥덕IT밸리,지식산업센터,흥덕IT밸리 관리위원회,등록,,경기도 용인시,개별,[변경완료신고],"공장용지, 공장용지",35991.80 ,152632.60 ,113136.49 ,39496.11 ,"경기도 용인시 기흥구 흥덕1로 13 (영덕동, 흥덕IT밸리) 외 1필지",경기도 용인시 기흥구 영덕동 1005 흥덕IT밸리 동 층 호 외 1필지,분양,건축완료,도시지역,주거지역,민간
경기도,용인시 기흥구,흥덕U-타워,지식산업센터,흥덕유타워지식산업센터 관리단,등록,,경기도 용인시,개별,[변경완료신고],공장용지,25486.00 ,136921.52 ,100433.15 ,36488.37 ,"경기도 용인시 기흥구 흥덕중앙로 120,  G2블럭 흥덕지구 도시지원시설내 (영덕동)",경기도 용인시 기흥구 영덕동  1029-0번지,분양,미착공,도시지역,주거지역,민간
경기도,용인시 기흥구,힉스유타워지식산업센터,지식산업센터,(주)무궁화신탁,등록,기흥힉스도시첨단산업단지,경기도 용인시,도시첨단산업단지,[완료신고],공장용지,23485.60 ,157855.57 ,103184.13 ,54671.44 ,"경기도 용인시 기흥구 중부대로 184(영덕동, 힉스유타워)",경기도 용인시 기흥구 영덕동 1315 힉스유타워,,,도시지역,주거지역,민간
경기도,용인시 수지구,광교 우미 뉴브,지식산업센터,(주)선우이엔씨,등록,,경기도 용인시,개별,[완료신고],대,21249.50 ,99998.58 ,80991.85 ,19006.73 ,"경기도 용인시 수지구 광교중앙로 338(상현동, 광교우미뉴브)",경기도 용인시 수지구 상현동 1220 광교우미뉴브,분양,건축완료,도시지역,주거지역,민간
경기도,용인시 수지구,레이 지식산업센터,지식산업센터,(주)레이,등록,,경기도 용인시,개별,[변경완료신고],공장용지,2834.50 ,5586.03 ,5123.47 ,462.56 ,경기도 용인시 수지구 대지로 265,경기도 용인시 수지구 죽전동 1360-2번지,임대,건축완료,도시지역,주거지역,민간
경기도,용인시 수지구,분당수지유타워,지식산업센터,(주)동천유타워,등록,,경기도 용인시,개별,[변경완료신고],공장용지,16544.50 ,97472.67 ,97472.67 ,0.00 ,"경기도 용인시 수지구 신수로 767 (동천동, 분당수지 U-TOWER)",경기도 용인시 수지구 동천동 899 분당수지 U-TOWER,분양,건축완료,도시지역,상업지역,민간
경기도,용인시 수지구,시그니처 광교지식산업센터,지식산업센터,시그니처광교관리단,등록,,경기도 용인시,개별,[변경완료신고],대,15237.20 ,60795.13 ,50383.40 ,10411.73 ,,경기도 용인시 수지구 상현동 1184,분양,건축완료,도시지역,주거지역,민간
경기도,용인시 수지구,시그니처광교Ⅱ지식산업센터,지식산업센터,한국자산신탁㈜,등록,,경기도 용인시,개별,[변경완료신고],대,7968.30 ,32191.77 ,30237.04 ,1954.73 ,,경기도 용인시 수지구 상현동 1187,분양,건축완료,도시지역,주거지역,민간
경기도,용인시 수지구,용인상현4지구A1블럭 지식산업센터,지식산업센터,제이비광교피에프브이주식회사,승인,,경기도 용인시,개별,[신설]승인,"잡종지, 잡종지, 잡종지, 잡종지, 잡종지, 잡종지, 잡종지, 잡종지, 잡종지, 잡종지, 잡종지, 잡종지, 잡종지, 잡종지, 잡종지, 잡종지, 잡종지, 잡종지, 잡종지, 잡종지, 잡종지, 잡종지, 잡종지, 잡종지",33555.00 ,191452.50 ,183804.39 ,7648.11 ,,경기도 용인시 수지구 상현동 414-7 외 23필지,,미착공,도시지역,녹지지역,민간
경기도,용인시 수지구,용인상현4지구A2블럭 지식산업센터,지식산업센터,제이비광교2차피에프브이(주),승인,,경기도 용인시,개별,[신설]승인,"잡종지, 잡종지, 잡종지, 잡종지, 잡종지, 잡종지, 잡종지, 잡종지, 잡종지",22280.00 ,140344.41 ,135871.84 ,4472.57 ,,경기도 용인시 수지구 상현동 414-16 외 8필지,분양,미착공,도시지역,녹지지역,민간
경기도,용인시 수지구,케이비죽전알앤디센터,지식산업센터,케이비죽전알앤디센터 운영위원회(흥국생명(주)),등록,,경기도 용인시,개별,[변경완료신고],공장용지,6264.00 ,18800.24 ,18800.24 ,0.00 ,경기도 용인시 수지구 대지로 259-1,경기도 용인시 수지구 죽전동 1360번지,분양,건축완료,도시지역,주거지역,민간
경기도,용인시 수지구,퍼시픽 써니 지식산업센터,지식산업센터,퍼시픽써니제45호전문투자형사모부동산투자회사,승인,,경기도 용인시,개별,[분양공고안]승인,공장용지,34731.20 ,99136.83 ,92499.80 ,6637.04 ,경기도 용인시 수지구 대지로 233 (죽전동),경기도 용인시 수지구 죽전동 1358,임대,건축중,도시지역,주거지역,민간
경기도,용인시 처인구,주식회사 무궁화신탁,지식산업센터,주식회사 무궁화신탁,승인,,경기도 용인시,개별,[신설]승인,"임야, 임야",59634.00 ,125846.31 ,91805.65 ,34040.67 ,,경기도 용인시 처인구 역북동 556-118 외 1필지,분양/임대,미착공,도시지역,녹지지역,민간
경기도,의왕시,(의왕최첨단비즈니스센터,지식산업센터,"(주)지,에프이앤씨",승인,,경기도 의왕시,개별,[신설]승인,대,13365.00 ,86277.40 ,35027.40 ,51250.00 ,경기도 의왕시 맑은내길 67,경기도 의왕시 오전동 150-24 번지 외 4필지,,,도시지역,공업지역,
경기도,의왕시,대영골든밸리,지식산업센터,(주)대영인테코,등록,,경기도 의왕시,개별,[완료신고],공장용지,4722.00 ,31572.67 ,12938.79 ,18633.88 ,"경기도 의왕시 경수대로 257 (고천동, 대영골든밸리)",경기도 의왕시 고천동 290-2번지,분양,건축완료,도시지역,공업지역,민간
경기도,의왕시,대현테크노월드,지식산업센터,(주)대현테크노월드,등록,,경기도 의왕시,개별,[완료신고],공장용지,5506.00 ,36606.28 ,25790.04 ,10816.24 ,"경기도 의왕시 오전공업길 19 (오전동, 대현테크노월드)",경기도 의왕시 오전동 174번지,분양,건축완료,도시지역,공업지역,민간
경기도,의왕시,더리브 비즈원,지식산업센터,(주)하나자산신탁,등록,,경기도 의왕시,개별,[완료신고],공장용지,10478.40 ,61069.52 ,49524.04 ,11545.48 ,경기도 의왕시 오봉산단3로 25(삼동),경기도 의왕시 삼동 745,분양,건축완료,도시지역,공업지역,민간
경기도,의왕시,동영벤처스텔,지식산업센터,(주)동영,등록,,경기도 의왕시,개별,[완료신고],공장용지,1066.00 ,4023.54 ,2924.33 ,1099.21 ,"경기도 의왕시 오전공업길 22 (오전동, 동영벤처스텔)",경기도 의왕시 오전동 172번지,분양,건축완료,도시지역,공업지역,민간
경기도,의왕시,벽산선영테크노피아,지식산업센터,선영화학(주),승인,,경기도 의왕시,개별,[신설변경]승인,공장용지,7546.00 ,35556.16 ,31870.65 ,3685.51 ,"경기도 의왕시 오전공업길 13 (오전동, 벽산선영테크노피아 A동)",경기도 의왕시 오전동 196-5번지,,,도시지역,공업지역,민간
경기도,의왕시,성우벤처빌,지식산업센터,성우종합건설(주),등록,,경기도 의왕시,개별,[완료신고],공장용지,8202.00 ,25771.72 ,19147.66 ,6624.06 ,경기도 의왕시 한밭들1길 11 (고천동),경기도 의왕시 고천동 332-33번지,분양,건축완료,,,민간
경기도,의왕시,성진지식산업센터,지식산업센터,성진산업개발(주),등록,,경기도 의왕시,개별,[완료신고],,2146.00 ,11554.22 ,7932.24 ,3621.98 ,"경기도 의왕시 고산로 74 (고천동, 성진아파트형공장)",경기도 의왕시 고천동 407-1번지,분양,건축완료,도시지역,공업지역,민간
경기도,의왕시,에이스 청계타워,지식산업센터,케이비부동산신탁 주식회사,등록,,경기도 의왕시,개별,[완료신고],,8422.30 ,56093.05 ,41715.60 ,14377.45 ,경기도 의왕시 성고개로 53 (포일동),경기도 의왕시 포일동 657-2번지,,,,,민간
경기도,의왕시,에이엘티 지식산업센터,지식산업센터,(주)에이엘티,등록,,경기도 의왕시,개별,[완료신고],공장용지,8262.00 ,32145.31 ,22870.04 ,9275.27 ,경기도 의왕시 맑은내길 67 (오전동),경기도 의왕시 오전동 150-24번지,임대,건축완료,도시지역,공업지역,민간
경기도,의왕시,윈텍시스템,지식산업센터,윈텍시스템(주),등록,,경기도 의왕시,개별,[완료신고],공장용지,2685.00 ,3299.10 ,2000.00 ,1299.10 ,"경기도 의왕시 벌모루앞길 14 (포일동, 윈텍벤처빌딩)",경기도 의왕시 포일동 511번지,임대,건축완료,도시지역,,민간
경기도,의왕시,의왕 고천동 지식산업센터,지식산업센터,신한자산신탁 주식회사,승인,,경기도 의왕시,개별,[신설]승인,잡종지,6907.40 ,46859.77 ,44121.62 ,2738.15 ,"경기도 의왕시 고천공업로 8(고천동, 동부익스프레스의왕공장)",경기도 의왕시 고천동 316 동부익스프레스의왕공장,,,도시지역,공업지역,민간
경기도,의왕시,의왕스마트시티 퀀텀,지식산업센터,우리자산신탁 주식회사,등록,,경기도 의왕시,개별,[완료신고],전,38264.00 ,269144.44 ,213491.76 ,55652.68 ,"경기도 의왕시 광진말로 54, 의왕스마트시티 퀀텀 (초평동)",경기도 의왕시 초평동 16-6 의왕스마트시티 퀀텀,분양,,도시지역,주거지역,민간
경기도,의왕시,의왕월드비젼,지식산업센터,이레기술산업(주),등록,,경기도 의왕시,개별,[완료신고],공장용지,2744.00 ,15659.22 ,10978.18 ,4681.04 ,"경기도 의왕시 경수대로 209, 의왕월드비젼아파트형공장 (고천동)",경기도 의왕시 고천동 234-6번지 의왕월드비젼아파트형공장,분양,건축완료,도시지역,공업지역,민간
경기도,의왕시,인덕원IT밸리,지식산업센터,(주)한국토지신탁,등록,,경기도 의왕시,개별,[완료신고],공장용지,29409.50 ,199116.93 ,189444.94 ,9671.99 ,경기도 의왕시 이미로 40 (포일동),경기도 의왕시 포일동 653번지,분양/임대,건축완료,도시지역,주거지역,민간
경기도,의왕시,장안지구 도시지원시설용지 지식산업센터,지식산업센터,인창개발(주),승인,,경기도 의왕시,개별,[신설]승인,"대, 대, 대",9546.20 ,44487.21 ,43482.12 ,1005.10 ,,경기도 의왕시 삼동 641 외 2필지,,,도시지역,주거지역,민간
경기도,의왕시,에이스 하이테크비전21,지식산업센터,케이비부동산신탁(주),등록,의왕테크노파크일반산업단지,경기도 의왕시,지방산업단지,[완료신고],공장용지,0.00 ,64254.18 ,53069.68 ,11184.50 ,경기도 의왕시 오봉산단1로 12(이동),경기도 의왕시 이동 732,분양,건축완료,도시지역,공업지역,민간
경기도,의정부시,의정부 더리브 센텀스퀘어 1동,지식산업센터,신한자산신탁 주식회사,등록,,경기도 의정부시,개별,[완료신고],대,6086.00 ,39165.79 ,18715.41 ,20450.38 ,"경기도 의정부시 배꽃길 105(민락동, 의정부 더리브 센텀스퀘어Ⅰ 지식산업센터)",경기도 의정부시 민락동 927-1 의정부 더리브 센텀스퀘어Ⅰ 지식산업센터,분양,건축완료,도시지역,주거지역,민간
경기도,의정부시,의정부 더리브 센텀스퀘어 2동,지식산업센터,신한자산신탁 주식회사,등록,,경기도 의정부시,개별,[완료신고],대,6086.00 ,38872.00 ,18415.13 ,20456.87 ,"경기도 의정부시 배꽃길 7(민락동, 의정부 더리브 센텀스퀘어Ⅱ 지식산업센터)",경기도 의정부시 민락동 927-3 의정부 더리브 센텀스퀘어Ⅱ 지식산업센터,분양/임대,건축완료,도시지역,주거지역,민간
경기도,의정부시,의정부 더리브 센텀스퀘어 3동,지식산업센터,신한자산신탁 주식회사,등록,,경기도 의정부시,개별,[완료신고],대,6086.00 ,38650.62 ,18127.63 ,20522.99 ,"경기도 의정부시 배꽃길 63(민락동, 의정부 더리브 센텀스퀘어Ⅲ 지식산업센터)",경기도 의정부시 민락동 927-2 의정부 더리브 센텀스퀘어Ⅲ 지식산업센터,분양/임대,건축완료,도시지역,주거지역,민간
경기도,의정부시,의정부 민락 듀클래스 지식산업센터,지식산업센터,(주)제니스홀딩스,승인,,경기도 의정부시,개별,[신설]승인,"대, 대",13137.71 ,91892.99 ,45173.19 ,46719.81 ,,경기도 의정부시 민락동 904 외 1필지,,미착공,도시지역,주거지역,민간
경기도,의정부시,의정부 민락 듀클래스 지식산업센터,지식산업센터,신한자산신탁 주식회사,승인,,경기도 의정부시,개별,[신설]승인,대,10036.70 ,43633.48 ,21421.60 ,22211.88 ,,경기도 의정부시 민락동 882,분양,미착공,도시지역,주거지역,민간
경기도,의정부시,한강듀클래스 의정부고산 A동,지식산업센터,신한자산신탁 주식회사,등록,,경기도 의정부시,개별,[완료신고],대,7418.20 ,47660.70 ,22821.06 ,24839.64 ,경기도 의정부시 문화로 6(고산동),경기도 의정부시 고산동 996-1,분양,건축완료,도시지역,주거지역,민간
경기도,의정부시,한강듀클래스 의정부고산 B동,지식산업센터,신한자산신탁 주식회사,등록,,경기도 의정부시,개별,[완료신고],대,7564.80 ,46839.58 ,22027.51 ,24812.07 ,경기도 의정부시 문충로 74(고산동),경기도 의정부시 고산동 996-3,분양,건축완료,도시지역,주거지역,민간
경기도,의정부시,한강듀클래스 의정부고산 C동,지식산업센터,신한자산신탁 주식회사,등록,,경기도 의정부시,개별,[완료신고],대,5887.90 ,37044.97 ,17547.95 ,19497.02 ,경기도 의정부시 문화로 10(고산동),경기도 의정부시 고산동 996-2,분양,건축완료,도시지역,주거지역,민간
경기도,의정부시,용현지식센터,지식산업센터,(주)뉴빛,등록,의정부용현일반산업단지,경기도 의정부시,지방산업단지,[완료신고],대,2940.10 ,4996.34 ,4324.11 ,672.23 ,경기도 의정부시 산단로76번길 93,경기도 의정부시 용현동 524-4번지,임대,건축완료,도시지역,공업지역,민간
경기도,이천시,NLS 이천타워,지식산업센터,(주)엔엘에스,등록,,경기도 이천시,개별,[완료신고],대,9592.00 ,5936.07 ,5102.88 ,833.20 ,경기도 이천시 대월면 대월로 866,경기도 이천시 대월면 사동리 175-16,,,도시지역,녹지지역,민간
경기도,이천시,STK아파트형 공장,지식산업센터,(주)에프에이유,등록,,경기도 이천시,개별,[변경완료신고],"잡종지, 잡종지",4646.00 ,14980.78 ,9447.10 ,5533.68 ,경기도 이천시 대산로288번길 107 (고담동) 외 1필지,경기도 이천시 고담동 71-1번지 외 1필지,분양,건축중,도시지역,녹지지역,민간
경기도,이천시,우리자연홀딩스(주) 외 4개사,지식산업센터,우리자연홀딩스(주),등록,,경기도 이천시,개별,[완료신고],"공장용지, 공장용지, 공장용지",29900.00 ,9939.86 ,4264.60 ,5675.26 ,경기도 이천시 마장면 서이천로 556 외 2필지,경기도 이천시 마장면 장암리 149-5번지 외 2필지,,미착공,,,민간
경기도,이천시,이천마장 허브스퀘어 지식산업센터,지식산업센터,(주)무궁화신탁,등록,,경기도 이천시,개별,[변경완료신고],대,2132.50 ,11707.77 ,4382.52 ,7325.25 ,,경기도 이천시 마장면 오천리 450-9,분양,건축완료,도시지역,주거지역,민간
경기도,이천시,주식회사 베스트프라퍼티,지식산업센터,주식회사 베스트프라퍼티,승인,,경기도 이천시,개별,[신설]승인,"대, 대",14285.00 ,99999.46 ,41461.82 ,58537.64 ,경기도 이천시 대월면 대월로932번길 17 외 1필지,경기도 이천시 대월면 사동리 26-1 외 1필지,,,도시지역,공업지역,민간
경기도,파주시,아르젠오너스V1,지식산업센터,(주)제이앤엘개발 ,승인,,경기도 파주시,개별,[신설]승인,대,3774.40 ,19676.51 ,7960.47 ,11716.04 ,,경기도 파주시 와동동 1498-1,,미착공,도시지역,주거지역,민간
경기도,파주시,운정한강듀클래스 ,지식산업센터,운정한강듀클래스 관리단,등록,,경기도 파주시,개별,[변경완료신고],"대, 대",6257.60 ,31232.53 ,15619.34 ,15613.19 ,경기도 파주시 가람로116번길 107 (와동동) 외 1필지,경기도 파주시 와동동 1484-0 외 1필지,분양/임대,건축완료,도시지역,주거지역,민간
경기도,파주시,(주)과학상자(지식산업센터),지식산업센터,(주)과학상자,등록,파주출판문화정보국가산업단지,(사)파주출판문화정보국가산업단지 입주기업체협의회,국가산업단지,[변경완료신고],공장용지,687.70 ,1564.00 ,1254.61 ,309.39 ,경기도 파주시 회동길 325-6 (서패동),경기도 파주시 서패동 471-4,분양/임대,미착공,도시지역,공업지역,민간
경기도,파주시,(주)굿미디어,지식산업센터,(주)굿미디어,승인,파주출판문화정보국가산업단지,(사)파주출판문화정보국가산업단지 입주기업체협의회,국가산업단지,[신설변경]승인,공장용지,676.90 ,929.24 ,675.76 ,253.48 ,경기도 파주시 회동길 527,경기도 파주시 문발동 632-1번지,분양,건축중,도시지역,공업지역,민간
경기도,파주시,(주)그룹에이치컴퍼니 지식산업센터,지식산업센터,주식회사 그룹에이치컴퍼니,등록,파주출판문화정보국가산업단지,(사)파주출판문화정보국가산업단지 입주기업체협의회,국가산업단지,[완료신고],공장용지,1020.80 ,2808.68 ,2304.84 ,503.84 ,경기도 파주시 회동길 521-1 (문발동),경기도 파주시 문발동 632-4번지,,,도시지역,공업지역,민간
경기도,파주시,(주)몽스패밀리 지식산업센터,지식산업센터,(주)몽스패밀리,등록,파주출판문화정보국가산업단지,(사)파주출판문화정보국가산업단지 입주기업체협의회,국가산업단지,[완료신고],공장용지,688.40 ,1226.26 ,997.28 ,228.98 ,경기도 파주시 회동길 471(문발동),경기도 파주시 문발동 639-1,분양/임대,건축완료,도시지역,공업지역,민간
경기도,파주시,(주)스크린 (지식산업센터),지식산업센터,(주)스크린,등록,파주출판문화정보국가산업단지,(사)파주출판문화정보국가산업단지 입주기업체협의회,국가산업단지,[변경완료신고],공장용지,990.70 ,2503.27 ,2003.17 ,500.10 ,경기도 파주시 회동길 508 (문발동),경기도 파주시 문발동 627-3,분양/임대,건축완료,도시지역,공업지역,민간
경기도,파주시,(주)에스엠디자인 지식산업센터2,지식산업센터,(주)에스엠디자인,등록,파주출판문화정보국가산업단지,(사)파주출판문화정보국가산업단지 입주기업체협의회,국가산업단지,[완료신고],공장용지,1343.20 ,1891.70 ,1532.35 ,359.35 ,경기도 파주시 직지길 84 (문발동),경기도 파주시 문발동 535-4,임대,미착공,도시지역,공업지역,민간
경기도,파주시,(주)정윤인터내셔날 지식산업센터,지식산업센터,(주)정윤인터내셔날,등록,파주출판문화정보국가산업단지,(사)파주출판문화정보국가산업단지 입주기업체협의회,국가산업단지,[완료신고],공장용지,679.90 ,1090.48 ,770.06 ,320.42 ,경기도 파주시 재두루미길 68(신촌동),경기도 파주시 신촌동 742-5,분양/임대,건축완료,도시지역,공업지역,민간
경기도,파주시,㈜에스엠디자인 지식산업센터,지식산업센터,㈜에스엠디자인,등록,파주출판문화정보국가산업단지,(사)파주출판문화정보국가산업단지 입주기업체협의회,국가산업단지,[완료신고],공장용지,1460.60 ,2474.25 ,2005.98 ,468.27 ,경기도 파주시 문발로 403-2 (신촌동),경기도 파주시 신촌동 742-8번지,분양/임대,건축완료,도시지역,공업지역,민간
경기도,파주시,경인문화사 지식산업센터,지식산업센터,경인문화사 ,등록,파주출판문화정보국가산업단지,(사)파주출판문화정보국가산업단지 입주기업체협의회,국가산업단지,[변경완료신고],공장용지,1679.50 ,4397.14 ,3574.86 ,822.28 ,경기도 파주시 회동길 445-1 (문발동),경기도 파주시 문발동 638-4번지,분양/임대,건축완료,도시지역,공업지역,민간
경기도,파주시,날마다 (지식산업센터),지식산업센터,날마다,등록,파주출판문화정보국가산업단지,(사)파주출판문화정보국가산업단지 입주기업체협의회,국가산업단지,[완료신고],공장용지,700.80 ,1705.29 ,1390.08 ,315.21 ,경기도 파주시 회동길 513 (문발동),경기도 파주시 문발동 633-2,분양/임대,건축완료,도시지역,공업지역,민간
경기도,파주시,도서출판 세화 지식산업센터,지식산업센터,도서출판 세화,등록,파주출판문화정보국가산업단지,(사)파주출판문화정보국가산업단지 입주기업체협의회,국가산업단지,[완료신고],공장용지,1001.00 ,2352.34 ,2134.19 ,218.15 ,경기도 파주시 회동길 325-22 (서패동),경기도 파주시 서패동 469-2번지,분양/임대,건축완료,도시지역,공업지역,민간
경기도,파주시,돌베개 지식산업센터,지식산업센터,도서출판 돌베개,등록,파주출판문화정보국가산업단지,(사)파주출판문화정보국가산업단지 입주기업체협의회,국가산업단지,[완료신고],공장용지,912.20 ,1040.80 ,837.03 ,203.77 ,"경기도 파주시 회동길 77-20(문발동, 돌베개)",경기도 파주시 문발동 532-4 돌베개,분양/임대,건축완료,도시지역,공업지역,민간
경기도,파주시,두그루  지식산업센터,지식산업센터,(주)두그루,등록,파주출판문화정보국가산업단지,(사)파주출판문화정보국가산업단지 입주기업체협의회,국가산업단지,[완료신고],공장용지,1345.40 ,1734.21 ,1404.84 ,329.37 ,경기도 파주시 광인사길 17 (문발동),경기도 파주시 문발동 520-9,분양/임대,건축완료,도시지역,공업지역,민간
경기도,파주시,들녘 지식산업센터,지식산업센터,도서출판 들녘,등록,파주출판문화정보국가산업단지,(사)파주출판문화정보국가산업단지 입주기업체협의회,국가산업단지,[완료신고],공장용지,1953.00 ,1639.76 ,1361.05 ,278.71 ,"경기도 파주시 회동길 198 (문발동, 들녘출판사)",경기도 파주시 문발동 513-9번지 들녘출판사,임대,건축완료,도시지역,공업지역,민간
경기도,파주시,뚜르드까망(지식산업센터),지식산업센터,뚜르드까망(지식산업센터),등록,파주출판문화정보국가산업단지,(사)파주출판문화정보국가산업단지 입주기업체협의회,국가산업단지,[완료신고],공장용지,659.60 ,1362.69 ,1106.94 ,255.75 ,경기도 파주시 회동길 349 (서패동),경기도 파주시 서패동 472-3,분양/임대,건축완료,도시지역,공업지역,민간
경기도,파주시,명필름 지식산업센터,지식산업센터,(주)명필름,등록,파주출판문화정보국가산업단지,(사)파주출판문화정보국가산업단지 입주기업체협의회,국가산업단지,[변경완료신고],공장용지,3294.70 ,8009.31 ,5869.51 ,2139.80 ,경기도 파주시 회동길 530-20(문발동),경기도 파주시 문발동 627,분양/임대,건축완료,도시지역,공업지역,민간
경기도,파주시,무카스 지식산업센터,지식산업센터,(주)무카스,등록,파주출판문화정보국가산업단지,(사)파주출판문화정보국가산업단지 입주기업체협의회,국가산업단지,[완료신고],공장용지,1389.20 ,4375.37 ,3216.43 ,1158.94 ,경기도 파주시 회동길 495(문발동),경기도 파주시 문발동 635-1,분양/임대,미착공,도시지역,공업지역,민간
경기도,파주시,밝은미래 지식산업센터,지식산업센터,밝은미래,등록,파주출판문화정보국가산업단지,(사)파주출판문화정보국가산업단지 입주기업체협의회,국가산업단지,[완료신고],공장용지,684.40 ,1702.96 ,1454.26 ,248.70 ,경기도 파주시 회동길 455-2 (문발동),경기도 파주시 문발동 639-2번지,분양/임대,건축완료,도시지역,공업지역,민간
경기도,파주시,백산지식산업센터,지식산업센터,백산출판사,등록,파주출판문화정보국가산업단지,(사)파주출판문화정보국가산업단지 입주기업체협의회,국가산업단지,[완료신고],공장용지,0.00 ,1701.75 ,1361.70 ,340.05 ,경기도 파주시 회동길 370 (서패동),경기도 파주시 서패동 473번지,분양/임대,건축완료,도시지역,공업지역,민간
경기도,파주시,시조사 지식산업센터,지식산업센터,(재)제칠일안식일예수재림교한국연합회유지재단,등록,파주출판문화정보국가산업단지,(사)파주출판문화정보국가산업단지 입주기업체협의회,국가산업단지,[완료신고],공장용지,3243.60 ,3769.70 ,3021.93 ,747.77 ,경기도 파주시 회동길 445-2(문발동),경기도 파주시 문발동 638-3,임대,건축완료,도시지역,공업지역,민간
경기도,파주시,아시아 지식산업센터,지식산업센터,(주)아시아,등록,파주출판문화정보국가산업단지,(사)파주출판문화정보국가산업단지 입주기업체협의회,국가산업단지,[완료신고],공장용지,1349.40 ,1883.19 ,1538.39 ,344.80 ,경기도 파주시 회동길 445 (문발동),경기도 파주시 문발동 638-5번지,분양/임대,건축완료,도시지역,공업지역,민간
경기도,파주시,아카넷,지식산업센터,아카넷(지식산업센터),등록,파주출판문화정보국가산업단지,(사)파주출판문화정보국가산업단지 입주기업체협의회,국가산업단지,[변경완료신고],공장용지,661.90 ,1617.53 ,1330.84 ,286.69 ,경기도 파주시 회동길 445-3 (문발동),경기도 파주시 문발동 638-1,분양/임대,건축완료,도시지역,공업지역,민간
경기도,파주시,아트팩토리엔제이에프,지식산업센터,케이비부동산신탁 주식회사,등록,파주출판문화정보국가산업단지,(사)파주출판문화정보국가산업단지 입주기업체협의회,국가산업단지,[완료신고],공장용지,10654.40 ,27257.37 ,22048.29 ,5209.08 ,경기도 파주시 회동길 480,경기도 파주시 문발동 626-11번지,분양/임대,건축완료,도시지역,공업지역,민간
경기도,파주시,엄마마음 지식산업센터,지식산업센터,엄마마음㈜,등록,파주출판문화정보국가산업단지,(사)파주출판문화정보국가산업단지 입주기업체협의회,국가산업단지,[완료신고],공장용지,1385.90 ,2981.05 ,2534.09 ,446.96 ,경기도 파주시 회동길 357 (서패동),경기도 파주시 서패동 472-2번지,임대,건축완료,도시지역,공업지역,민간
경기도,파주시,예스아이엠 지식산업센터,지식산업센터,㈜임창정,승인,파주출판문화정보국가산업단지,(사)파주출판문화정보국가산업단지 입주기업체협의회,국가산업단지,[신설변경]승인,공장용지,1651.90 ,2732.62 ,2210.23 ,522.39 ,경기도 파주시 회동길 192 (문발동),경기도 파주시 문발동 513-10번지,임대,건축중,도시지역,공업지역,민간
경기도,파주시,오브제스퀘어지식산업센터,지식산업센터,(주)오브제디벨롭먼트컴퍼니,등록,파주출판문화정보국가산업단지,(사)파주출판문화정보국가산업단지 입주기업체협의회,국가산업단지,[완료신고],공장용지,3259.40 ,12325.71 ,8949.27 ,3376.44 ,,경기도 파주시 서패동 469 번지,분양/임대,건축완료,도시지역,공업지역,민간
경기도,파주시,우리세움I 지식산업센터,지식산업센터,㈜우리세움,승인,파주출판문화정보국가산업단지,(사)파주출판문화정보국가산업단지 입주기업체협의회,국가산업단지,[신설]승인,공장용지,1521.10 ,2933.31 ,2454.24 ,479.07 ,"경기도 파주시 광인사길 68 (문발동, 성지문화사)",경기도 파주시 문발동 516-2번지 성지문화사,임대,건축중,도시지역,공업지역,민간
경기도,파주시,자음과모음 지식산업센터,지식산업센터,자음과모음 지식산업센터,등록,파주출판문화정보국가산업단지,(사)파주출판문화정보국가산업단지 입주기업체협의회,국가산업단지,[변경완료신고],공장용지,1313.90 ,2533.90 ,1160.27 ,1373.63 ,경기도 파주시 회동길 325-20 (서패동),경기도 파주시 서패동 469-1,분양/임대,건축완료,도시지역,공업지역,민간
경기도,파주시,제이티스튜디오(지식산업센터),지식산업센터,제이티스튜디오,승인,파주출판문화정보국가산업단지,(사)파주출판문화정보국가산업단지 입주기업체협의회,국가산업단지,[신설]승인,공장용지,926.40 ,1839.96 ,1600.54 ,239.42 ,경기도 파주시 회동길 37-14 (문발동),경기도 파주시 문발동 529-2번지,임대,건축중,도시지역,공업지역,민간
경기도,파주시,주식회사 자바소프트,지식산업센터,(주)자바소프트,등록,파주출판문화정보국가산업단지,(사)파주출판문화정보국가산업단지 입주기업체협의회,국가산업단지,[완료신고],공장용지,1596.50 ,3090.18 ,2545.90 ,544.28 ,"경기도 파주시 회동길 121 (문발동, (주)영교)",경기도 파주시 문발동 532-3번지 (주)영교,,,도시지역,공업지역,민간
경기도,파주시,첨단 지식산업센터,지식산업센터,㈜첨단,승인,파주출판문화정보국가산업단지,(사)파주출판문화정보국가산업단지 입주기업체협의회,국가산업단지,[신설]승인,,966.20 ,2457.42 ,2064.54 ,392.88 ,경기도 파주시 심학산로 10 (서패동),경기도 파주시 서패동 470-1번지,임대,건축중,,,민간
경기도,파주시,청아 지식산업센터,지식산업센터,청아출판사,승인,파주출판문화정보국가산업단지,(사)파주출판문화정보국가산업단지 입주기업체협의회,국가산업단지,[신설]승인,공장용지,690.60 ,1689.01 ,1362.14 ,326.87 ,경기도 파주시 회동길 363-15 (서패동),경기도 파주시 서패동 472-1번지,,,도시지역,공업지역,민간
경기도,파주시,톡 지식산업센터,지식산업센터,톡(지식산업센터),등록,파주출판문화정보국가산업단지,(사)파주출판문화정보국가산업단지 입주기업체협의회,국가산업단지,[완료신고],공장용지,963.00 ,662.89 ,469.66 ,193.23 ,경기도 파주시 심학산로 8 (서패동),경기도 파주시 서패동 470,분양/임대,건축완료,도시지역,공업지역,민간
경기도,파주시,푸른사상사(지식산업센터),지식산업센터,푸른사상사(지식산업센터),등록,파주출판문화정보국가산업단지,(사)파주출판문화정보국가산업단지 입주기업체협의회,국가산업단지,[완료신고],공장용지,678.30 ,1658.02 ,1347.95 ,310.07 ,경기도 파주시 회동길 337-16 (서패동),경기도 파주시 서패동 470-6,임대,건축완료,도시지역,공업지역,민간
경기도,파주시,풀린키 (지식산업센터),지식산업센터,(주)풀린키,등록,파주출판문화정보국가산업단지,(사)파주출판문화정보국가산업단지 입주기업체협의회,국가산업단지,[완료신고],공장용지,2479.10 ,3138.11 ,2753.40 ,384.71 ,"경기도 파주시 회동길 160(문발동, (주)풀린키)",경기도 파주시 문발동 513-14 (주)풀린키,분양/임대,건축완료,도시지역,공업지역,민간
경기도,파주시,하다니 지식산업센터,지식산업센터,(주)하다니,등록,파주출판문화정보국가산업단지,(사)파주출판문화정보국가산업단지 입주기업체협의회,국가산업단지,[변경완료신고],공장용지,1018.70 ,1539.91 ,1326.53 ,213.38 ,"경기도 파주시 회동길 57-9(문발동, 주식회사 하다니)",경기도 파주시 문발동 529-3 주식회사 하다니,분양/임대,,도시지역,공업지역,민간
경기도,파주시,혜지원 지식산업센터,지식산업센터, 혜지원(지식산업센터),등록,파주출판문화정보국가산업단지,(사)파주출판문화정보국가산업단지 입주기업체협의회,국가산업단지,[완료신고],공장용지,992.30 ,2485.33 ,2015.76 ,469.57 ,경기도 파주시 회동길 445-4 (문발동),경기도 파주시 문발동 638번지,,,도시지역,공업지역,민간
경기도,파주시,흙마당 지식산업센터,지식산업센터,흙마당 지식산업센터,승인,파주출판문화정보국가산업단지,(사)파주출판문화정보국가산업단지 입주기업체협의회,국가산업단지,[신설]승인,공장용지,963.90 ,2533.25 ,2041.69 ,491.56 ,경기도 파주시 회동길 373 (서패동),경기도 파주시 서패동 470-3번지,임대,건축중,도시지역,공업지역,민간
경기도,평택시,ACE101 지식산업센터,지식산업센터,주식회사 에이디시,등록,,경기도 평택시,개별,[완료신고],대,9410.40 ,59513.23 ,27824.32 ,31688.91 ,경기도 평택시 고덕면 도시지원1길 52,경기도 평택시 고덕면 해창리 1268,분양,건축완료,도시지역,주거지역,민간
경기도,평택시,SBC비지니스센터 ,지식산업센터,(주)무궁화신탁,등록,,경기도 평택시,개별,[완료신고],대,8413.40 ,49332.48 ,18267.09 ,31065.39 ,경기도 평택시 고덕여염로 118 (고덕동),경기도 평택시 고덕동 2045-3,,건축완료,도시지역,주거지역,민간
경기도,평택시,고덕 G1,지식산업센터,우리자산신탁 주식회사,등록,,경기도 평택시,개별,[완료신고],대,8793.10 ,54458.74 ,25882.03 ,28576.71 ,경기도 평택시 고덕면 도시지원1길 116,경기도 평택시 고덕면 해창리 1270,,건축완료,도시지역,주거지역,민간
경기도,평택시,고덕STV지식산업센터,지식산업센터,대한토지신탁(주),등록,,경기도 평택시,개별,[완료신고],대,12858.70 ,88750.90 ,49879.22 ,38871.68 ,경기도 평택시 고덕면 도시지원1길 19,경기도 평택시 고덕면 해창리 1277-1 동 층 호,분양/임대,건축완료,도시지역,주거지역,민간
경기도,평택시,고덕비즈타워,지식산업센터,(주)하나자산신탁,등록,,경기도 평택시,개별,[완료신고],대,5306.90 ,29530.61 ,11926.44 ,17604.17 ,경기도 평택시 고덕면 도시지원1길 16,경기도 평택시 고덕면 해창리 1274-3 고덕비즈타워,,건축완료,도시지역,주거지역,민간
경기도,평택시,금호 STV 더 라이브 ,지식산업센터,대한토지신탁(주),등록,,경기도 평택시,개별,[완료신고],대,7414.20 ,48534.87 ,25445.74 ,23089.13 ,,경기도 평택시 고덕면 해창리 1278-3,분양,건축완료,도시지역,주거지역,민간
경기도,평택시,명성종합건설 주식회사,지식산업센터,명성종합건설 주식회사,승인,,경기도 평택시,개별,[분양공고안]승인,"잡종지, 잡종지, 잡종지, 잡종지, 잡종지",1186.00 ,4995.33 ,3060.40 ,1934.93 ,,경기도 평택시 진위면 가곡리 550-78 외 4필지,,건축중,도시지역,공업지역,민간
경기도,평택시,삼성에이아이센터,지식산업센터,(주)무궁화신탁,등록,,경기도 평택시,개별,[완료신고],대,3859.30 ,22416.38 ,8980.17 ,13436.21 ,경기도 평택시 고덕중앙로 294 (고덕동),경기도 평택시 고덕동 2048-3,분양,건축완료,도시지역,주거지역,민간
경기도,평택시,송탄세종그랑시아,지식산업센터,(주)무궁화신탁,승인,,경기도 평택시,개별,[분양공고안]승인,"대, 대, 대, 대, 대, 대",1239.00 ,13737.01 ,4490.10 ,9246.91 ,경기도 평택시 지산로 11 (지산동) 외 5필지,경기도 평택시 지산동 768-3번지 외 5필지,,건축중,도시지역,상업지역,민간
경기도,평택시,스마트 시티,지식산업센터,주식회사 케이에스엔제이개발,승인,,경기도 평택시,개별,[신설]승인,대,1478.60 ,5364.93 ,2170.37 ,3194.56 ,,경기도 평택시 죽백동 734-7,,미착공,도시지역,주거지역,민간
경기도,평택시,스마트시티,지식산업센터,디에스개발,등록,,경기도 평택시,개별,[완료신고],대,0.00 ,4930.56 ,2877.84 ,2052.72 ,경기도 평택시 비전3로 157,경기도 평택시 죽백동 736,분양/임대,미착공,도시지역,주거지역,민간
경기도,평택시,에스타워 지식산업센터,지식산업센터,한국자산신탁(주),등록,,경기도 평택시,개별,[완료신고],대,6363.00 ,36089.09 ,14495.81 ,21593.28 ,경기도 평택시 고덕중앙로 322(고덕동),경기도 평택시 고덕동 2045-2,분양/임대,건축완료,도시지역,주거지역,민간
경기도,평택시,에스타워프라임,지식산업센터,케이비부동산신탁(주),등록,,경기도 평택시,개별,[완료신고],"대, 대, 대, 대, 대, 대, 대, 대, 대, 대, 대, 대, 대, 대, 대, 대, 대, 대, 대, 대, 대, 대, 대, 대, 대, 대, 대, 대, 대",8458.20 ,47282.35 ,22323.27 ,24959.08 ,경기도 평택시 고덕면 도시지원1길 111 외 28필지,경기도 평택시 고덕면 해창리 1272-3 외 28필지,,건축완료,도시지역,주거지역,민간
경기도,평택시,에이스퍼스트고덕,지식산업센터,주식회사 하나자산신탁,등록,,경기도 평택시,개별,[완료신고],대,10577.20 ,66560.64 ,26586.93 ,39973.71 ,경기도 평택시 고덕중앙로 290 (고덕동),경기도 평택시 고덕동 2048-2,분양/임대,미착공,도시지역,주거지역,민간
경기도,평택시,주식회사 르일구이,지식산업센터,주식회사 르일구이,승인,,경기도 평택시,개별,[신설]승인,대,8127.00 ,54104.47 ,24166.70 ,29937.77 ,,경기도 평택시 고덕면 해창리 1276-2,,건축중,도시지역,주거지역,민간
경기도,평택시,지식공작소 I-TOWER,지식산업센터,주식회사 코람코자산신탁,등록,,경기도 평택시,개별,[완료신고],대,5419.20 ,30814.81 ,14483.43 ,16331.38 ,경기도 평택시 고덕면 도시지원로 121,경기도 평택시 고덕면 해창리 1274-2,,건축완료,도시지역,주거지역,민간
경기도,평택시,지식공작소 W-TOWER,지식산업센터,교보자산신탁주식회사,등록,,경기도 평택시,개별,[완료신고],대,7351.30 ,45768.56 ,21589.00 ,24179.56 ,,경기도 평택시 고덕면 해창리 1278-2,,건축완료,도시지역,주거지역,민간
경기도,평택시,트라움파트너스,지식산업센터,트라움파트너스,승인,,경기도 평택시,개별,[신설]승인,대,46962.00 ,360107.56 ,346480.67 ,13626.89 ,,경기도 평택시 죽백동 814,분양,미착공,도시지역,주거지역,민간
경기도,평택시,평택스마트팩토리,지식산업센터,(주)하나자산신탁,등록,,경기도 평택시,개별,[완료신고],"전, 전, 전, 전, 전",13608.00 ,44549.13 ,20422.30 ,24126.83 ,경기도 평택시 청북읍 백봉길 3 평택 스마트팩토리 외 4필지,경기도 평택시 청북읍 어연리 226-3 평택 스마트팩토리 외 4필지,분양/임대,건축중,관리지역,계획관리지역,민간
경기도,평택시,프리미엄 원희캐슬 고덕신도시,지식산업센터,(주)하나자산신탁,등록,,경기도 평택시,개별,[완료신고],공장용지,5619.30 ,36367.01 ,15102.31 ,21264.70 ,"경기도 평택시 고덕중앙로 320(고덕동, 원희캐슬고덕 지식산업센터)",경기도 평택시 고덕동 2045-1 원희캐슬고덕 지식산업센터,,건축완료,도시지역,주거지역,민간
경기도,평택시,(주)그랜드코리아,지식산업센터,(주)그랜드코리아,승인,평택송탄일반산업단지,평택산업단지관리공단,지방산업단지,[신설]승인,공장용지,4835.90 ,20857.63 ,19880.96 ,976.67 ,,경기도 평택시 모곡동 449-6,,,도시지역,공업지역,민간
경기도,평택시,JH타워,지식산업센터,(주)에스피씨재현,승인,평택송탄일반산업단지,평택산업단지관리공단,지방산업단지,[신설]승인,공장용지,9898.50 ,70275.29 ,61089.58 ,9185.71 ,경기도 평택시 산단로121번길 67 (모곡동),경기도 평택시 모곡동 438-1,분양,건축중,도시지역,공업지역,민간
경기도,평택시,더퍼스트타워평택,지식산업센터,케이비부동산신탁 주식회사,등록,평택진위2일반산업단지,평택산업단지관리공단,지방산업단지,[완료신고],공장용지,10442.60 ,59627.71 ,25195.81 ,34431.90 ,경기도 평택시 진위면 진위2산단로 140 더퍼스트타워 평택,경기도 평택시 진위면 갈곶리 737-2 더퍼스트타워 평택,분양,건축완료,도시지역,공업지역,민간
경기도,평택시,디이스트 메가플렉스,지식산업센터,신영부동산신탁주식회사,승인,평택칠괴일반산업단지,평택산업단지관리공단,지방산업단지,[신설]승인,공장용지,32921.60 ,199762.07 ,186211.27 ,13550.80 ,경기도 평택시 산단로 255(칠괴동),경기도 평택시 칠괴동 577-6,,,도시지역,공업지역,민간
경기도,평택시,마제스트타워,지식산업센터,주식회사 하나자산신탁,승인,평택송탄일반산업단지,평택산업단지관리공단,지방산업단지,[신설]승인,공장용지,9702.70 ,55498.56 ,24101.04 ,31397.52 ,경기도 평택시 산단로16번길 12 (모곡동),경기도 평택시 모곡동 447-1,,,도시지역,공업지역,민간
경기도,평택시,부성유타워,지식산업센터,주식회사 부성디앤씨,승인,평택송탄일반산업단지,평택산업단지관리공단,지방산업단지,[신설]승인,"공장용지, 공장용지, 공장용지",11576.70 ,67330.88 ,64888.14 ,2442.74 ,경기도 평택시 산단로 97 (모곡동) 외 2필지,경기도 평택시 모곡동 438-8 외 2필지,분양,미착공,도시지역,공업지역,민간
경기도,평택시,스마트큐브 평택 산업센터,지식산업센터,코람코자산신탁 주식회사,등록,평택진위2일반산업단지,평택산업단지관리공단,지방산업단지,[완료신고],공장용지,6569.00 ,41214.62 ,18070.80 ,23143.82 ,경기도 평택시 진위면 진위2산단로 15-20 평택 진위 메가트론 지식산업센터 스마트큐브 지식산업센터,경기도 평택시 진위면 갈곶리 728-2 평택 진위 메가트론 지식산업센터,,건축완료,도시지역,공업지역,민간
경기도,평택시,엠에스원타워,지식산업센터,케이비부동산신탁(주),승인,평택송탄일반산업단지,평택산업단지관리공단,지방산업단지,[신설]승인,공장용지,10083.00 ,64154.77 ,60593.40 ,3561.37 ,경기도 평택시 산단로16번길 28(모곡동),경기도 평택시 모곡동 447-3,,,도시지역,공업지역,민간
경기도,평택시,주식회사 더원개발,지식산업센터,주식회사 더원개발,승인,평택송탄일반산업단지,평택산업단지관리공단,지방산업단지,[신설]승인,공장용지,6507.70 ,38477.09 ,37156.27 ,1320.82 ,경기도 평택시 산단로64번길 110(모곡동),경기도 평택시 모곡동 451-8,,,도시지역,공업지역,민간
경기도,평택시,케이비부동산신탁(주),지식산업센터,케이비부동산신탁(주),승인,평택송탄일반산업단지,평택산업단지관리공단,지방산업단지,[신설]승인,공장용지,10083.00 ,64154.77 ,60593.40 ,3561.37 ,경기도 평택시 산단로16번길 28 (모곡동),경기도 평택시 모곡동 447-3,,,도시지역,공업지역,민간
경기도,평택시,평택오션센트럴비스,지식산업센터,(주)골드랜드제이앤제이,승인,평택포승2일반산업단지,평택산업단지관리공단,지방산업단지,[신설]승인,공장용지,40663.60 ,238020.39 ,219615.29 ,18405.10 ,,경기도 평택시 포승읍 만호리 687-2,,,도시지역,공업지역,민간
경기도,평택시,평택지제센트럴타워,지식산업센터,케이비부동산신탁(주),등록,평택일반산업단지,평택산업단지관리공단,지방산업단지,[완료신고],공장용지,13565.20 ,90414.87 ,42834.61 ,47580.26 ,경기도 평택시 세교산단로 37(세교동),경기도 평택시 세교동 541-1,분양,,도시지역,공업지역,민간
경기도,포천시,포천 웰플렉스 용정산단,지식산업센터,(주)와이즈플랙스,등록,포천용정일반산업단지,경기도 포천시,지방산업단지,[완료신고],공장용지,13330.50 ,66823.39 ,51827.63 ,14995.76 ,경기도 포천시 군내면 용정경제로1길 13-20,경기도 포천시 군내면 용정리 479-1,분양,건축완료,도시지역,공업지역,민간
경기도,하남시,(주)동양개발산업,지식산업센터,주식회사 동양개발산업,승인,,경기도 하남시,개별,[신설]승인,"대, 대",5092.70 ,34342.38 ,24538.09 ,9804.29 ,,경기도 하남시 풍산동 590 외 1필지,분양,미착공,도시지역,주거지역,민간
경기도,하남시,(주)성원애드피아,지식산업센터,(주)성원애드피아,승인,,경기도 하남시,개별,[신설]승인,대,4720.00 ,45360.90 ,41297.82 ,4063.08 ,,경기도 하남시 풍산동 616,임대,미착공,도시지역,주거지역,민간
경기도,하남시,DY지식산업센터,지식산업센터,대영지식산업센터,등록,,경기도 하남시,개별,[완료신고],대,3401.80 ,4732.35 ,3386.19 ,1346.16 ,"경기도 하남시 미사강변서로 30, 대영지식센터 (풍산동)",경기도 하남시 풍산동 490번지 대영지식센터,임대,건축완료,도시지역,주거지역,민간
경기도,하남시,ITECO,지식산업센터,미래케이디비 에코시티 (주),등록,,경기도 하남시,개별,[완료신고],공장용지,197980.00 ,197980.00 ,170995.00 ,26985.00 ,"경기도 하남시 조정대로 150 (덕풍동, 아파트형공장 ITECO)",경기도 하남시 덕풍동  762번지,분양,건축완료,도시지역,주거지역,공공
경기도,하남시,U-테크밸리,지식산업센터,주식회사 하나자산신탁,등록,,경기도 하남시,개별,[완료신고],"대, 대",11027.40 ,88504.12 ,62295.93 ,26208.19 ,"경기도 하남시 미사강변중앙로7번안길 25(풍산동, u-테크밸리) 외 1필지",경기도 하남시 풍산동 595-1 u-테크밸리 외 1필지,분양,건축완료,도시지역,주거지역,민간
경기도,하남시,두산더프론트미사,지식산업센터,우리자산신탁(주),등록,,경기도 하남시,개별,[완료신고],"대, 대",4612.60 ,37798.96 ,26557.75 ,11241.21 ,"경기도 하남시 미사강변중앙로 11(풍산동, 두산 더프론트 미사) 외 1필지",경기도 하남시 풍산동 599-2 두산 더프론트 미사 외 1필지,분양,건축완료,도시지역,주거지역,민간
경기도,하남시,로얄팰리스 테크노 1차,지식산업센터,(주)한국토지신탁,등록,,경기도 하남시,개별,[완료신고],대,2870.00 ,24045.13 ,16840.45 ,7204.68 ,"경기도 하남시 하남대로 990(풍산동, 로얄팰리스 테크노1차)",경기도 하남시 풍산동 601 로얄팰리스 테크노1차,분양,건축완료,도시지역,주거지역,민간
경기도,하남시,미사 하우스디 엘타워,지식산업센터,주식회사 하나자산신탁,등록,,경기도 하남시,개별,[완료신고],대,7134.00 ,67706.62 ,47644.79 ,20061.83 ,경기도 하남시 조정대로 35 (풍산동) 미사 하우스디 엘타워,경기도 하남시 풍산동 492-0 미사 하우스디 엘타워,분양,건축완료,도시지역,주거지역,민간
경기도,하남시,미사강변 SK V1 center,지식산업센터,아시아신탁 주식회사,등록,,경기도 하남시,개별,[완료신고],대,10279.00 ,86868.06 ,61316.59 ,25551.47 ,"경기도 하남시 미사강변한강로 155(망월동, 미사강변 SK V1 center)",경기도 하남시 망월동 834-2 미사강변 SK V1 center,분양,건축완료,도시지역,주거지역,민간
경기도,하남시,미사강변 스카이폴리스,지식산업센터,한국자산신탁 주식회사,등록,,경기도 하남시,개별,[완료신고],"대, 대",38713.00 ,315935.06 ,221539.97 ,94395.09 ,"경기도 하남시 미사강변한강로 135(망월동, 미사강변 스카이폴리스) 외 1필지",경기도 하남시 망월동 834 미사강변 스카이폴리스 외 1필지,분양,건축완료,도시지역,주거지역,민간
경기도,하남시,미사동일넥서스,지식산업센터,(주)동일코퍼레이션,등록,,경기도 하남시,개별,[완료신고],대,3551.80 ,28942.11 ,20259.69 ,8682.42 ,경기도 하남시 미사강변중앙로31번길 30(풍산동),풍산동 588-5,분양,건축완료,도시지역,주거지역,민간
경기도,하남시,미사센텀비즈,지식산업센터,아시아신탁(주),등록,,경기도 하남시,개별,[완료신고],대,7916.00 ,137028.09 ,103457.41 ,33570.68 ,경기도 하남시 조정대로 45 (풍산동),경기도 하남시 풍산동 493번지,분양,건축완료,도시지역,주거지역,민간
경기도,하남시,미사테스타타워,지식산업센터,아시아신탁(주),등록,,경기도 하남시,개별,[완료신고],대,19486.06 ,165153.58 ,122753.77 ,42399.81 ,경기도 하남시 미사강변서로 25 (풍산동) 미사 테스타타워 지식산업센터,경기도 하남시 풍산동 489-0 미사 테스타타워 지식산업센터,분양,건축완료,도시지역,주거지역,민간
경기도,하남시,에코큐브 지식산업센터,지식산업센터,케이비부동산신탁주식회사,등록,,경기도 하남시,개별,[완료신고],대,3401.80 ,27317.07 ,19139.68 ,8177.39 ,"경기도 하남시 미사강변서로 22(풍산동, 에코큐브 지식산업센터)",경기도 하남시 풍산동 490-1 에코큐브 지식산업센터,분양,건축완료,도시지역,주거지역,민간
경기도,하남시,영동스마트타워,지식산업센터,(주)두원씨앤디,승인,,경기도 하남시,개별,[신설]승인,대,2932.40 ,24188.45 ,16964.01 ,7224.44 ,,경기도 하남시 풍산동 598-1,분양,건축중,도시지역,주거지역,민간
경기도,하남시,주식회사 경지,지식산업센터,주식회사 경지,승인,,경기도 하남시,개별,[신설]승인,대,4955.30 ,36151.44 ,35494.08 ,657.36 ,,경기도 하남시 풍산동 588-1,분양,미착공,도시지역,주거지역,민간
경기도,하남시,하남테크노밸리U1 CENTER,지식산업센터,아시아신탁  주식회사,등록,,경기도 하남시,개별,[완료신고],공장용지,32578.00 ,270405.80 ,219786.54 ,50619.26 ,경기도 하남시 하남대로 947 (풍산동) 하남테크노밸리 U1 CENTER,경기도 하남시 풍산동 618-0 하남테크노밸리 U1 CENTER,분양,건축완료,도시지역,주거지역,민간
경기도,하남시,하우스디 스마트밸리,지식산업센터,주식회사 하나자산신탁,등록,,경기도 하남시,개별,[완료신고],대,7017.70 ,58915.39 ,41427.27 ,17488.12 ,"경기도 하남시 미사강변서로 16, 하우스디 스마트밸리 (풍산동)",경기도 하남시 풍산동 490-2번지 하우스디 스마트밸리,분양,건축완료,도시지역,주거지역,민간
경기도,하남시,한강미사 아이에스비즈타워,지식산업센터,케이비부동산신탁주식회사,등록,,경기도 하남시,개별,[완료신고],대,8290.20 ,66338.06 ,46623.79 ,19714.27 ,"경기도 하남시 미사대로 510(덕풍동, 한강미사 아이에스비즈)",경기도 하남시 덕풍동 831 한강미사 아이에스비즈,분양,건축완료,도시지역,주거지역,민간
경기도,하남시,현대 테라타워 감일,지식산업센터,(주)무궁화신탁,등록,,경기도 하남시,개별,[완료신고],대,8160.30 ,57273.11 ,51212.35 ,6060.76 ,"경기도 하남시 신우실로 100(감이동, 현대 테라타워 감일)",경기도 하남시 감이동 474-1 현대 테라타워 감일,분양,건축완료,도시지역,주거지역,민간
경기도,하남시,현대지식산업센터 한강미사,지식산업센터,(주)하나자산신탁,등록,,경기도 하남시,개별,[완료신고],대,16529.00 ,123896.99 ,91873.71 ,32023.28 ,"경기도 하남시 미사대로 550(덕풍동, 현대지식산업센터 한강미사)",경기도 하남시 덕풍동 833-1 현대지식산업센터 한강미사,분양,건축완료,도시지역,주거지역,민간
경기도,하남시,현대지식산업센터 한강미사2차(25BL),지식산업센터,주식회사 하나자산신탁,등록,,경기도 하남시,개별,[완료신고],"대, 대",16888.60 ,138416.83 ,100448.50 ,37968.33 ,"경기도 하남시 미사대로 520 (덕풍동, 현대지식산업센터 한강미사2차(25BL)) 외 1필지",경기도 하남시 덕풍동 831-1 현대지식산업센터 한강미사2차(25BL) 외 1필지,분양,건축완료,도시지역,주거지역,민간
경기도,하남시,현대지식산업센터 한강미사2차(26BL),지식산업센터,주식회사 하나자산신탁,등록,,경기도 하남시,개별,[완료신고],대,11262.60 ,93015.13 ,65288.86 ,27726.27 ,"경기도 하남시 미사대로 540(덕풍동, 현대지식산업센터 한강미사2차(26BL))",경기도 하남시 덕풍동 833 현대지식산업센터 한강미사2차(26BL),분양,건축완료,도시지역,주거지역,민간
경기도,하남시,현대클러스터 한강미사3차,지식산업센터,주식회사 하나자산신탁,등록,,경기도 하남시,개별,[완료신고],대,12064.00 ,91979.61 ,64407.16 ,27572.45 ,"경기도 하남시 미사강변한강로 165(망월동, 현대클러스터 한강미사3차)",경기도 하남시 망월동 836 현대클러스터 한강미사3차,분양,건축완료,도시지역,주거지역,민간
경기도,하남시,화이트코리아산업(주),지식산업센터,화이트코리아산업(주),승인,,경기도 하남시,개별,[신설]승인,"대, 대",7583.70 ,56948.58 ,51796.72 ,5151.86 ,,경기도 하남시 망월동 941-1 외 1필지,분양,미착공,도시지역,주거지역,민간
경기도,하남시,희가로 프리미어,지식산업센터,(주)한국토지신탁,등록,,경기도 하남시,개별,[완료신고],대,2909.80 ,24220.86 ,17033.64 ,7187.22 ,"경기도 하남시 미사강변중앙로31번길 15(풍산동, 희가로 프리미어)",경기도 하남시 풍산동 598 희가로 프리미어,분양,건축완료,도시지역,주거지역,민간
경기도,화성시,(주)유앤미개발,지식산업센터,(주)유앤미개발,승인,,경기도 화성시,개별,[신설]승인,공장용지,10692.00 ,69800.83 ,26100.48 ,43700.35 ,,경기도 화성시 영천동 동탄2 택지개발지구 지원27-5(B/L),분양,미착공,도시지역,주거지역,민간
경기도,화성시,(주)투게더홀딩스 지식산업센터,지식산업센터,신한자산신탁(주),승인,,경기도 화성시,개별,[신설]승인,공장용지,11728.00 ,80284.32 ,29916.95 ,50367.37 ,,"경기도 화성시 영천동 동탄2택지 개발지구 지원52-1,-2 BL",분양,미착공,도시지역,주거지역,민간
경기도,화성시,(주)홈에이스산업 지식산업센터,지식산업센터,(주)홈에이스산업,승인,,경기도 화성시,개별,[신설]승인,대,5046.20 ,34931.52 ,13954.80 ,20976.72 ,,경기도 화성시 향남읍 방축리 465,,,도시지역,주거지역,민간
경기도,화성시,SH SQUAREⅡ,지식산업센터,아시아신탁(주),등록,,경기도 화성시,개별,[완료신고],공장용지,6541.00 ,35576.23 ,14323.68 ,21252.55 ,경기도 화성시 동탄대로 683 (영천동),경기도 화성시 영천동 846-2,분양,건축완료,도시지역,주거지역,민간
경기도,화성시,SH TIME SQUARE 1,지식산업센터,아시아신탁(주),등록,,경기도 화성시,개별,[완료신고],공장용지,6705.00 ,43646.33 ,17520.64 ,26125.69 ,"경기도 화성시 동탄대로 635(영천동, SH TIME SQUARE Ⅰ)",경기도 화성시 영천동 853-3 SH TIME SQUARE Ⅰ,분양,건축완료,도시지역,주거지역,민간
경기도,화성시,YK퍼스트타워,지식산업센터,(주)와이케이,등록,,경기도 화성시,개별,[완료신고],공장용지,2665.00 ,12840.49 ,5136.18 ,7704.31 ,경기도 화성시 동탄기흥로 565 (영천동),경기도 화성시 영천동 834-1,분양,건축완료,도시지역,주거지역,민간
경기도,화성시,골든아이타워,지식산업센터,(주)생보부동산신탁,등록,,경기도 화성시,개별,[완료신고],공장용지,5585.00 ,29977.78 ,12270.31 ,17707.47 ,경기도 화성시 동탄기흥로 570-6 (영천동),경기도 화성시 영천동 839-1,분양,건축완료,도시지역,주거지역,민간
경기도,화성시,더블유스페이스,지식산업센터,케이비부동산신탁 주식회사,등록,,경기도 화성시,개별,[완료신고],공장용지,3401.80 ,17812.25 ,7244.70 ,10567.55 ,경기도 화성시 동탄대로23길 101 (영천동),경기도 화성시 영천동 847-8,분양,건축완료,도시지역,주거지역,민간
경기도,화성시,더챔버라티파니,지식산업센터,㈜하나자산신탁,승인,,경기도 화성시,개별,[분양공고안]승인,공장용지,12697.00 ,82177.41 ,28511.79 ,53665.62 ,,경기도 화성시 영천동 동탄2택지개발지구(지원40-1블럭),분양,건축중,도시지역,주거지역,민간
경기도,화성시,더퍼스트타워,지식산업센터,(주)생보부동산신탁,등록,,경기도 화성시,개별,[완료신고],공장용지,9659.00 ,57692.26 ,23095.60 ,34596.66 ,경기도 화성시 동탄대로21길 10 (영천동),경기도 화성시 영천동 652-5번지,분양,건축완료,도시지역,주거지역,민간
경기도,화성시,더퍼스트타워쓰리,지식산업센터,(주)더퍼스트타워쓰리,등록,,경기도 화성시,개별,[완료신고],공장용지,5406.00 ,32814.57 ,13168.16 ,19646.41 ,"경기도 화성시 동탄기흥로 602(영천동, 더퍼스트타워)",경기도 화성시 영천동 836-1 더퍼스트타워,분양,건축완료,도시지역,주거지역,민간
경기도,화성시,더퍼스트타워투,지식산업센터,케이비부동산신탁(주),등록,,경기도 화성시,개별,[완료신고],공장용지,9820.00 ,62954.87 ,26614.74 ,36340.13 ,경기도 화성시 동탄기흥로 614 (영천동),경기도 화성시 영천동 835-1,분양,건축완료,도시지역,주거지역,민간
경기도,화성시,동익미라벨타워,지식산업센터,㈜동익동탄피에프브이,등록,,경기도 화성시,개별,[완료신고],공장용지,5996.00 ,37259.02 ,16556.86 ,20702.16 ,경기도 화성시 동탄기흥로 560 (영천동),경기도 화성시 영천동 839-2,분양,건축완료,도시지역,주거지역,민간
경기도,화성시,동탄 2 M-TOPIA 지식산업센터,지식산업센터,(주)미래개발1,승인,,경기도 화성시,개별,[신설]승인,공장용지,15008.00 ,38933.26 ,33676.43 ,5256.83 ,"경기도 화성시 동탄순환대로14길 86-11, 지원 4BL)(산척동)",산척동 산 36-15 지원 4BL),분양,미착공,도시지역,주거지역,민간
경기도,화성시,동탄 GTOWER,지식산업센터,우리자산신탁㈜,등록,,경기도 화성시,개별,[완료신고],공장용지,5196.00 ,32066.31 ,27166.63 ,4899.68 ,경기도 화성시 동탄첨단산업2로 43 (영천동),경기도 화성시 영천동 875-2,분양,건축완료,도시지역,주거지역,민간
경기도,화성시,동탄 SK V1 center,지식산업센터,아시아신탁(주),등록,,경기도 화성시,개별,[완료신고],공장용지,13364.00 ,89807.22 ,36715.59 ,53091.63 ,"경기도 화성시 동탄순환대로 830(영천동, 동탄 SK V1 center)",경기도 화성시 영천동 853-1 동탄 SK V1 center,분양,건축완료,도시지역,주거지역,민간
경기도,화성시,동탄 금강펜테리움 IT타워,지식산업센터,금강비스타,등록,,경기도 화성시,개별,[완료신고],공장용지,7550.00 ,43446.68 ,20881.56 ,22565.12 ,"경기도 화성시 동탄기흥로 557(영천동, 금강펜테리움IT타워)",경기도 화성시 영천동 832-2 금강펜테리움IT타워,분양/임대,건축완료,도시지역,주거지역,민간
경기도,화성시,동탄 금강펜테리움IT타워 4차,지식산업센터,㈜금강주택,승인,,경기도 화성시,개별,[신설]승인,대,5509.00 ,29057.64 ,15005.81 ,14051.83 ,,경기도 화성시 영천동 동탄2택지지구 도시지원50-1블럭,분양,미착공,도시지역,주거지역,민간
경기도,화성시,동탄 더큐브 온에어,지식산업센터,교보자산신탁(주),승인,,경기도 화성시,개별,[신설변경]승인,대,7843.00 ,43080.59 ,16859.96 ,26220.63 ,"경기도 화성시 지산2길 20-3, 동탄2신도시 지원27-3, 4BL(영천동)","영천동 709-1 동탄2신도시 지원27-3, 4BL",분양,건축중,도시지역,주거지역,민간
경기도,화성시,동탄 우미 뉴브,지식산업센터,(주)우산건설,등록,,경기도 화성시,개별,[완료신고],공장용지,8505.90 ,49880.57 ,20721.67 ,29158.90 ,경기도 화성시 동탄대로23길 121 (영천동),경기도 화성시 영천동 851,분양,건축완료,도시지역,주거지역,민간
경기도,화성시,동탄IT타워,지식산업센터,(주)현주건설,등록,,경기도 화성시,개별,[완료신고],공장용지,3114.00 ,15355.96 ,6194.81 ,9161.15 ,경기도 화성시 동탄순환대로 878 (영천동),경기도 화성시 영천동 832-3,분양/임대,건축완료,도시지역,주거지역,민간
경기도,화성시,동탄금강펜테리움 IX타워,지식산업센터,케이비부동산신탁㈜,등록,,경기도 화성시,개별,[완료신고],공장용지,51801.00 ,287024.48 ,117721.40 ,169303.08 ,"경기도 화성시 동탄첨단산업1로 27(영천동, 금강펜테리움 IX타워)",경기도 화성시 영천동 823-6 금강펜테리움 IX타워,분양,건축완료,도시지역,주거지역,민간
경기도,화성시,동탄센테라IT타워2,지식산업센터,케이비부동산신탁㈜,등록,,경기도 화성시,개별,[완료신고],공장용지,2784.00 ,16362.52 ,6632.73 ,9729.79 ,경기도 화성시 동탄대로 636-1 (영천동),경기도 화성시 영천동 873-5,분양,건축완료,도시지역,주거지역,민간
경기도,화성시,동탄스위트시그니처타워,지식산업센터,(주)에이치케이엘디앤씨,등록,,경기도 화성시,개별,[완료신고],공장용지,3671.90 ,18687.61 ,7595.21 ,11092.40 ,경기도 화성시 동탄대로 677-23 (영천동),경기도 화성시 영천동 847-2,분양,건축완료,도시지역,주거지역,민간
경기도,화성시,동탄아이티밸리,지식산업센터,제이엠디(주),등록,,경기도 화성시,개별,[완료신고],공장용지,3012.00 ,14613.48 ,6039.63 ,8573.85 ,경기도 화성시 동탄대로 677-10 (영천동),경기도 화성시 영천동 846-3,분양,건축완료,도시지역,주거지역,민간
경기도,화성시,동탄아이티밸리2,지식산업센터,아시아신탁㈜,등록,,경기도 화성시,개별,[완료신고],공장용지,5508.00 ,29602.92 ,12409.36 ,17193.56 ,"경기도 화성시 동탄대로 706(영천동, 동탄IT밸리Ⅱ)",경기도 화성시 영천동 862-2 동탄IT밸리Ⅱ,분양,건축완료,도시지역,주거지역,민간
경기도,화성시,동탄역 메가비즈타워 A동,지식산업센터,아시아신탁(주),등록,,경기도 화성시,개별,[완료신고],공장용지,3012.00 ,16527.98 ,6650.89 ,9877.09 ,경기도 화성시 동탄대로 646-2 (영천동),경기도 화성시 영천동 873-1,분양,건축완료,도시지역,주거지역,민간
경기도,화성시,동탄역 메가비즈타워 B동,지식산업센터,"(주)하나로씨앤씨,블루베리킹덤(주)",등록,,경기도 화성시,개별,[변경완료신고],공장용지,3245.00 ,17183.75 ,6985.42 ,10198.33 ,경기도 화성시 동탄대로 646-4 (영천동),경기도 화성시 영천동 873-2,분양,건축완료,도시지역,주거지역,민간
경기도,화성시,동탄역 메가비즈타워 C동,지식산업센터,(주)하나자산신탁,등록,,경기도 화성시,개별,[변경완료신고],공장용지,2970.00 ,15245.94 ,6353.34 ,8892.60 ,경기도 화성시 동탄대로 636-3 (영천동),경기도 화성시 영천동 873-4,분양,건축완료,도시지역,주거지역,민간
경기도,화성시,동탄역센테라아이티타워,지식산업센터,(주)코리아신탁,등록,,경기도 화성시,개별,[완료신고],공장용지,2725.00 ,14120.10 ,5678.04 ,8442.06 ,경기도 화성시 동탄대로 643 (영천동),경기도 화성시 영천동 852-1,분양,건축완료,도시지역,주거지역,민간
경기도,화성시,동탄케이밸리,지식산업센터,서정디엔씨㈜,등록,,경기도 화성시,개별,[변경완료신고],공장용지,3114.00 ,15259.33 ,6107.36 ,9151.97 ,경기도 화성시 동탄첨단산업1로 14 (영천동),경기도 화성시 영천동 832-1,분양,건축완료,도시지역,주거지역,민간
경기도,화성시,동탄코너원스마트타워,지식산업센터,아시아신탁㈜,등록,,경기도 화성시,개별,[완료신고],공장용지,4260.00 ,24252.31 ,10574.56 ,13677.75 ,경기도 화성시 동탄영천로 131 (영천동),경기도 화성시 영천동 875-1,분양,건축완료,도시지역,주거지역,민간
경기도,화성시,듀캐슬타워동탄,지식산업센터,대신자산신탁(주),승인,,경기도 화성시,개별,[신설]승인,대,1378.10 ,7510.02 ,3006.97 ,4503.05 ,,경기도 화성시 송동 682-1,분양,미착공,도시지역,주거지역,민간
경기도,화성시,루체스타비즈,지식산업센터,국제자산신탁(주),등록,,경기도 화성시,개별,[완료신고],공장용지,5102.00 ,31109.07 ,12879.22 ,18229.85 ,"경기도 화성시 동탄기흥로 594-7(영천동, 루체스타비즈)",경기도 화성시 영천동 836-2 루체스타비즈,분양,건축완료,도시지역,주거지역,민간
경기도,화성시,병점지식산업센터-1,지식산업센터,㈜랜드미,승인,,경기도 화성시,개별,[신설]승인,대,7412.00 ,34767.62 ,15231.26 ,19536.36 ,,경기도 화성시 병점동 화성병점복합타운지구 도시-1BL,분양,미착공,도시지역,상업지역,민간
경기도,화성시,병점지식산업센터-2,지식산업센터,㈜랜드미,승인,,경기도 화성시,개별,[신설]승인,대,8031.00 ,36830.22 ,16318.12 ,20512.10 ,,경기도 화성시 병점동 화성병점복합타운지구 도시-2BL,분양,미착공,도시지역,상업지역,민간
경기도,화성시,비젼IT타워,지식산업센터,코리아신탁(주),등록,,경기도 화성시,개별,[완료신고],공장용지,2980.00 ,15285.28 ,6275.06 ,9010.22 ,경기도 화성시 동탄대로 677-5 (영천동),경기도 화성시 영천동 848-1,분양,건축완료,도시지역,주거지역,민간
경기도,화성시,삼성어반타워,지식산업센터,(주)생보부동산신탁,등록,,경기도 화성시,개별,[완료신고],공장용지,2838.00 ,15239.56 ,6212.70 ,9026.86 ,경기도 화성시 동탄대로 637 (영천동),경기도 화성시 영천동 852-2,분양,건축완료,도시지역,주거지역,민간
경기도,화성시,삼성테크노타워,지식산업센터,코리아신탁(주),등록,,경기도 화성시,개별,[완료신고],공장용지,2640.00 ,11905.09 ,4825.80 ,7079.29 ,경기도 화성시 동탄첨단산업1로 20 (영천동),경기도 화성시 영천동 831-1,분양,건축완료,도시지역,주거지역,민간
경기도,화성시,샹보르 줌타워,지식산업센터,㈜하나자산신탁,등록,,경기도 화성시,개별,[완료신고],공장용지,5508.00 ,29963.34 ,11941.45 ,18021.89 ,경기도 화성시 동탄대로 700 (영천동),경기도 화성시 영천동 862-3,분양,건축완료,도시지역,주거지역,민간
경기도,화성시,서영아너시티,지식산업센터,서영건설플러스㈜,등록,,경기도 화성시,개별,[완료신고],공장용지,2849.00 ,14312.23 ,5780.23 ,8532.00 ,경기도 화성시 동탄영천로 101 (영천동),경기도 화성시 영천동 878-3,분양,건축완료,도시지역,주거지역,민간
경기도,화성시,신동탄 헤센IT타워,지식산업센터,신한자산신탁(주),등록,,경기도 화성시,개별,[완료신고],대,7097.40 ,21760.89 ,16221.94 ,5538.95 ,경기도 화성시 영통로60번길 7 (반월동),경기도 화성시 반월동 976,분양,건축완료,도시지역,주거지역,민간
경기도,화성시,신영부동산신탁 주식회사,지식산업센터,신영부동산신탁 주식회사,승인,,경기도 화성시,개별,[신설]승인,"대, 대",4053.40 ,24512.62 ,20001.16 ,4511.46 ,,경기도 화성시 남양읍 북양리 691-5 외 1필지,,,도시지역,주거지역,민간
경기도,화성시,아너스카이,지식산업센터,교보자산신탁㈜,등록,,경기도 화성시,개별,[완료신고],공장용지,3710.00 ,19779.50 ,8001.98 ,11777.52 ,경기도 화성시 동탄대로23길 93 (영천동),경기도 화성시 영천동 847-6,분양,건축완료,도시지역,주거지역,민간
경기도,화성시,에이팩시티,지식산업센터,한국자산신탁(주),등록,,경기도 화성시,개별,[완료신고],공장용지,11098.00 ,72072.83 ,31907.88 ,40164.95 ,경기도 화성시 동탄순환대로 823 (영천동),경기도 화성시 영천동 652-4번지,분양,건축완료,도시지역,주거지역,민간
경기도,화성시,엘앤씨 사옥,지식산업센터,(주)엘앤씨바이오,승인,,경기도 화성시,개별,[신설]승인,공장용지,4333.10 ,28576.70 ,14813.12 ,13763.58 ,,경기도 화성시 영천동 847-1,임대,미착공,도시지역,주거지역,민간
경기도,화성시,우정스마트베이,지식산업센터,한국자산신탁(주),등록,,경기도 화성시,개별,[완료신고],공장용지,22775.80 ,26410.52 ,22857.77 ,3552.75 ,경기도 화성시 우정읍 주곡리 1115번지,경기도 화성시 우정읍 주곡리 1115번지,분양/임대,건축완료,관리지역,계획관리지역,민간
경기도,화성시,원희캐슬봉담,지식산업센터,주식회사 원희캐슬봉담,등록,,경기도 화성시,개별,[완료신고],공장용지,7597.70 ,51169.25 ,14454.25 ,36715.00 ,경기도 화성시 봉담읍 동화길 51,경기도 화성시 봉담읍 동화리 564 동 층 호,분양,건축완료,도시지역,주거지역,민간
경기도,화성시,으뜸U-테크밸리,지식산업센터,케이제이(주),등록,,경기도 화성시,개별,[완료신고],공장용지,2640.00 ,12034.53 ,4739.29 ,7295.24 ,경기도 화성시 동탄기흥로 559 (영천동),경기도 화성시 영천동 834-2,분양,건축완료,도시지역,주거지역,민간
경기도,화성시,이든 앤 스페이스,지식산업센터,신한자산신탁주식회사,등록,,경기도 화성시,개별,[완료신고],공장용지,0.00 ,49888.75 ,23025.90 ,26862.85 ,"경기도 화성시 동탄영천로 105, 이든 앤 스페이스 (영천동)",경기도 화성시 영천동 878-2 이든 앤 스페이스,분양,건축완료,도시지역,주거지역,민간
경기도,화성시,한국야스카와전기(주),지식산업센터,시이나알버트히데노리,승인,,경기도 화성시,개별,[신설변경]승인,공장용지,3493.60 ,5903.84 ,4923.28 ,980.56 ,,경기도 화성시 영천동 845-4,임대,미착공,도시지역,주거지역,민간
경기도,화성시,현대 실리콘앨리 동탄,지식산업센터,(주)무궁화신탁,등록,,경기도 화성시,개별,[완료신고],공장용지,36330.90 ,238551.15 ,93591.91 ,144959.24 ,경기도 화성시 동탄영천로 150 (영천동),경기도 화성시 영천동 844-1,분양,건축완료,도시지역,주거지역,민간
경기도,화성시,효성아이시티타워,지식산업센터,㈜효성,등록,,경기도 화성시,개별,[완료신고],공장용지,3667.00 ,19160.41 ,7975.11 ,11185.30 ,경기도 화성시 동탄대로 677-12 (영천동),경기도 화성시 영천동 846-1,분양,건축완료,도시지역,주거지역,민간
경기도,화성시,FIRST KOREA,지식산업센터,아시아신탁(주),등록,화성동탄도시첨단산업단지,화성도시공사,도시첨단산업단지,[완료신고],대,4332.00 ,20865.29 ,8714.14 ,12151.15 ,경기도 화성시 동탄첨단산업1로 58 (영천동),경기도 화성시 영천동 204-3번지,,건축완료,도시지역,주거지역,민간
경기도,화성시,동탄 엠타워,지식산업센터,케이비부동산신탁(주),등록,화성동탄도시첨단산업단지,화성도시공사,도시첨단산업단지,[변경완료신고],공장용지,10595.00 ,68938.11 ,28515.18 ,40422.93 ,경기도 화성시 동탄첨단산업1로 51-9 (영천동),경기도 화성시 영천동 193-2번지,,건축완료,도시지역,주거지역,민간
경기도,화성시,동탄비즈타워,지식산업센터,(주)코람코자산신탁,등록,화성동탄도시첨단산업단지,화성도시공사,도시첨단산업단지,[완료신고],대,5668.00 ,30653.66 ,12588.05 ,18065.61 ,"경기도 화성시 동탄첨단산업1로 63-12, 동탄비즈타워 (산업 3-1블럭) (영천동)",경기도 화성시 영천동 265-2번지 동탄비즈타워 (산업 3-1블럭),,건축완료,도시지역,주거지역,민간
경상남도,김해시,울타리식품(주),지식산업센터,(주)울타리식품,등록,,경상남도 김해시,개별,[완료신고],공장용지,1342.00 ,1654.64 ,867.07 ,787.57 ,경상남도 김해시 대동면 대동로983번길 54,경상남도 김해시 대동면 대감리 771-2번지,분양,건축중,도시지역,주거지역,민간
경상남도,김해시,재단법인김해시차세대의생명융합산업지원센터,지식산업센터,첨단의생명테크노타운,등록,,경상남도 김해시,개별,[완료신고],"공장용지, 공장용지, 공장용지, 공장용지, 공장용지, 공장용지, 공장용지",21590.00 ,9901.21 ,3449.55 ,6451.66 ,경상남도 김해시 주촌면 농소리 158-4번지 외 6필지,경상남도 김해시 주촌면 농소리 158-4번지 외 6필지,임대,미착공,도시지역,공업지역,공공
경상남도,김해시,김해오픈이노베이션(OI)지식산업센터,지식산업센터,김해시장,승인,서김해일반산업단지,경상남도 김해시,지방산업단지,[신설]승인,공장용지,6000.00 ,14360.48 ,6604.77 ,7755.71 ,,경상남도 김해시 풍유동 1005-4,,,도시지역,공업지역,공공
경상남도,사천시,사천시 공공임대형 지식산업센터,지식산업센터,사천시청,승인,경남우주항공국가산업단지,한국산업단지공단 경남지역본부 경남서부지사,국가산업단지,[신설]승인,전,7000.00 ,80.00 ,80.00 ,0.00 ,,경상남도 사천시 용현면 통양리 533-1 (A3-2블럭),,미착공,도시지역,공업지역,공공
경상남도,양산시,디비개발 주식회사,지식산업센터,디비개발 주식회사,승인,,경상남도 양산시,개별,[신설]승인,,8066.00 ,37523.15 ,36642.31 ,880.84 ,,경상남도 양산시 동면 사송리 1215-1 양산사송공공주택지구 자족10-1블럭,분양,미착공,도시지역,주거지역,민간
경상남도,양산시,양산사송지식산업센터,지식산업센터,(주)피엠케이포,승인,,경상남도 양산시,개별,[신설]승인,답,8907.00 ,62933.34 ,25600.94 ,37332.40 ,,경상남도 양산시 동면 사송리 양산사송공공주택지구 자9-1BL,,,도시지역,주거지역,민간
경상남도,진주시,(주) 에이치케이바이오텍,지식산업센터,(주) 에이치케이바이오텍,승인,,경상남도 진주시,개별,[신설]승인,대,4294.80 ,16091.67 ,9324.11 ,6767.56 ,,경상남도 진주시 충무공동 87-24,,미착공,도시지역,주거지역,민간
경상남도,진주시,EASY SMART,지식산업센터,(주)의령소바,승인,,경상남도 진주시,개별,[신설]승인,대,3998.80 ,18722.13 ,6436.76 ,12285.37 ,,경상남도 진주시 충무공동 87-15,분양/임대,,도시지역,주거지역,민간
경상남도,진주시,드림IT밸리,지식산업센터,(주)코람코자산신탁,등록,,경상남도 진주시,개별,[완료신고],대,5148.00 ,24395.51 ,17185.52 ,7209.99 ,경상남도 진주시 범골로54번길 30-9,경상남도 진주시 충무공동 87-23번지 (클5-4-6),분양/임대,미착공,도시지역,주거지역,민간
경상남도,진주시,윙스타워,지식산업센터,국제자산신탁(주),등록,,경상남도 진주시,개별,[완료신고],공장용지,16308.60 ,85609.26 ,60551.67 ,25057.59 ,경상남도 진주시 동부로169번길 12 (충무공동),경상남도 진주시 충무공동 69-3번지,분양,건축완료,도시지역,공업지역,민간
경상남도,진주시,주식회사 인애바이오,지식산업센터,주식회사 인애바이오,등록,,경상남도 진주시,개별,[완료신고],대,7495.70 ,2999.25 ,2101.32 ,897.93 ,,경상남도 진주시 충무공동 69-5 동 층 호,,건축완료,도시지역,공업지역,민간
경상남도,진주시,주식회사 케이비코스메틱,지식산업센터,주식회사 케이비코스메틱,등록,,경상남도 진주시,개별,[완료신고],대,7509.40 ,4965.07 ,3480.88 ,1484.19 ,경상남도 진주시 동부로 201  (충무공동),경상남도 진주시 충무공동 69-4 동 층 호,,미착공,도시지역,공업지역,민간
경상남도,진주시,진주지식산업센터,지식산업센터,진주시,등록,,경상남도 진주시,개별,[완료신고],전,7361.00 ,15856.80 ,5941.98 ,9914.82 ,경상남도 진주시 망경남길44번길 22 (망경동) 진주지식산업센터,경상남도 진주시 망경동 57-2,임대,건축완료,도시지역,주거지역,공공
경상남도,창원시 마산회원구,중리아파트형공장(경남개발공사),지식산업센터,경남개발공사(중리아파트형공장),등록,,경상남도 창원시,개별,[완료신고],"공장용지, 공장용지, 공장용지, 공장용지, 공장용지",9017.70 ,25478.74 ,16951.08 ,8527.66 ,경상남도 창원시 마산회원구 내서읍 광려천남로 59 (경남개발공사 아파트형공장) 외 4필지,경상남도 창원시 마산회원구 내서읍 중리 1121-9번지 외 4필지,분양,건축완료,도시지역,공업지역,민간
경상남도,창원시 성산구,(주)성지,지식산업센터,(주)성지,등록,창원국가산업단지,한국산업단지공단 경남지역본부,국가산업단지,[완료신고],공장용지,4056.20 ,5948.03 ,4899.14 ,1048.89 ,"경상남도 창원시 성산구 공단로 230 (웅남동, (주)성지)",경상남도 창원시 성산구 웅남동 48번지 (주)성지,분양,건축완료,도시지역,공업지역,민간
경상남도,창원시 성산구,국제신탁(주)SK테크노파크,지식산업센터,국제신탁(주)SK테크노파크,등록,창원국가산업단지,한국산업단지공단 경남지역본부,국가산업단지,[변경완료신고],공장용지,35282.40 ,203895.24 ,188557.53 ,15337.71 ,"경상남도 창원시 성산구 완암로 50 (성산동, SK테크노파크)",경상남도 창원시 성산구 성산동 77-1 SK테크노파크,분양/임대,건축완료,도시지역,공업지역,민간
경상남도,창원시 성산구,아이케이(IK)지식산업센터,지식산업센터,아이케이(IK),등록,창원국가산업단지,한국산업단지공단 경남지역본부,국가산업단지,[변경완료신고],"공장용지, 공장용지, 공장용지",5445.40 ,2362.12 ,1987.73 ,374.39 ,"경상남도 창원시 성산구 연덕로27번길 13 (웅남동, 아이케이) 외 2필지",경상남도 창원시 성산구 웅남동 61-81 아이케이 동 층 호 외 2필지,임대,건축완료,도시지역,공업지역,민간
경상남도,창원시 성산구,창원제4지식산업센터,지식산업센터,한국산업단지공단(경남지역본부),등록,창원국가산업단지,한국산업단지공단 경남지역본부,국가산업단지,[완료신고],공장용지,46564.00 ,17890.82 ,16769.81 ,1121.01 ,"경상남도 창원시 성산구 완암로 3 (웅남동, 한국산업단지공단 창원제4아파트형공장)",경상남도 창원시 성산구 웅남동 55-7번지,임대,건축완료,도시지역,공업지역,공공
경상남도,창원시 성산구,창원지식산업센터,지식산업센터,삼환종합기계공업(주),등록,창원국가산업단지,한국산업단지공단 경남지역본부,국가산업단지,[완료신고],공장용지,39176.80 ,74960.10 ,71593.10 ,3367.00 ,경상남도 창원시 성산구 웅남로 316 (웅남동),경상남도 창원시 성산구 웅남동 45번지,분양,건축완료,도시지역,공업지역,민간
경상남도,창원시 성산구,코리아지식산업센터,지식산업센터,코리아테크(주),등록,창원국가산업단지,한국산업단지공단 경남지역본부,국가산업단지,[변경완료신고],공장용지,27936.90 ,35319.89 ,34354.62 ,965.27 ,경상남도 창원시 성산구 남면로 219 (대원동),경상남도 창원시 성산구 대원동 91-10번지,분양,건축완료,도시지역,공업지역,민간
경상남도,창원시 의창구,창원테크노밸리지식산업센터,지식산업센터,(주)창원테크노밸리,등록,,경상남도 창원시,개별,[완료신고],공장용지,8164.50 ,28290.07 ,18423.30 ,9866.77 ,경상남도 창원시 의창구 소계로 12,경상남도 창원시 의창구 팔용동 215번지,분양,건축완료,도시지역,공업지역,민간
경상남도,창원시 의창구,리팩토리 창원 1공장,지식산업센터,대한토지신탁,등록,창원국가산업단지,한국산업단지공단 경남지역본부,국가산업단지,[완료신고],공장용지,3335.30 ,7020.91 ,3568.66 ,3452.25 ,경상남도 창원시 의창구 팔용로 355 (팔용동),경상남도 창원시 팔룡동 27-7번지,임대,미착공,도시지역,공업지역,공공
경상남도,창원시 의창구,스마트업타워,지식산업센터,(주)아라컨소시엄,등록,창원국가산업단지,한국산업단지공단 경남지역본부,국가산업단지,[변경완료신고],대,9041.00 ,62119.31 ,47274.40 ,14844.91 ,경상남도 창원시 의창구 차룡로48번길 44 (팔용동),경상남도 창원시 의창구 팔용동 40-5,분양/임대,건축완료,도시지역,공업지역,민간
경상남도,창원시 의창구,신화더플렉스시티,지식산업센터,우리자산신탁(주),승인,창원국가산업단지,한국산업단지공단 경남지역본부,국가산업단지,[신설]승인,공장용지,14876.70 ,96945.54 ,80743.35 ,16202.19 ,,경상남도 창원시 의창구 팔용동 23-6,분양,건축완료,도시지역,공업지역,민간
경상남도,창원시 의창구,신화테크노밸리,지식산업센터,(주)스틸뱅크,등록,창원국가산업단지,한국산업단지공단 경남지역본부,국가산업단지,[변경완료신고],공장용지,14876.60 ,51515.75 ,36313.52 ,15202.24 ,경상남도 창원시 의창구 평산로 23 (팔용동),경상남도 창원시 의창구 팔용동 23-7,분양/임대,건축완료,도시지역,공업지역,민간
경상남도,창원시 의창구,차룡지식산업센터,지식산업센터,수옵틱스,등록,창원국가산업단지,한국산업단지공단 경남지역본부,국가산업단지,[완료신고],공장용지,1983.60 ,4317.58 ,2757.57 ,1560.01 ,경상남도 창원시 의창구 차룡로14번길 67 (팔용동),경상남도 창원시 의창구 팔용동 58-4번지,분양,건축완료,도시지역,공업지역,민간
경상남도,창원시 의창구,창원제2지식산업센터,지식산업센터,한국산업단지공단(경남지역본부),등록,창원국가산업단지,한국산업단지공단 경남지역본부,국가산업단지,[완료신고],공장용지,7686.00 ,6606.53 ,5496.56 ,1109.97 ,경상남도 창원시 의창구 창원대로204번길 9 (팔용동),경상남도 창원시 팔룡동 21-4번지,임대,건축완료,도시지역,공업지역,공공
경상남도,창원시 의창구,창원제3지식산업센터,지식산업센터,한국산업단지공단(경남지역본부),등록,창원국가산업단지,한국산업단지공단 경남지역본부,국가산업단지,[완료신고],공장용지,70500.00 ,44036.82 ,39937.09 ,4099.73 ,"경상남도 창원시 의창구 창원대로363번길 11 (팔용동, 창원제3표준공장)",경상남도 창원시 의창구 팔용동 36번지,임대,건축완료,도시지역,공업지역,공공
경상남도,창원시 의창구,창원제5지식산업센터,지식산업센터,한국산업단지공단(경남지역본부),등록,창원국가산업단지,한국산업단지공단 경남지역본부,국가산업단지,[완료신고],공장용지,14659.00 ,22629.00 ,21465.20 ,1163.80 ,경상남도 창원시 의창구 사화로 210 (팔용동),경상남도 창원시 의창구 팔용동 41-3번지,임대,건축완료,도시지역,공업지역,공공
경상남도,창원시 의창구,팔용메카밸리지식산업센터,지식산업센터,(주)유진하이텍,등록,창원국가산업단지,한국산업단지공단 경남지역본부,국가산업단지,[완료신고],공장용지,2423.50 ,5577.77 ,5530.73 ,47.04 ,경상남도 창원시 의창구 반계로 33 (팔용동),경상남도 창원시 의창구 팔용동 24-26번지,분양,건축완료,도시지역,공업지역,민간
경상남도,창원시 진해구,(주)페가서스인터네셔널,지식산업센터,(주)페가서스인터네셔널,등록,,경상남도 창원시,개별,[완료신고],공장용지,7263.00 ,3295.23 ,3216.73 ,78.50 ,경상남도 창원시 진해구 마천로18번길 27 (마천동),경상남도 창원시 진해구 마천동 161-1번지,,건축완료,도시지역,녹지지역,민간
경상남도,창원시 진해구,진해 공공임대형 지식산업센터,지식산업센터,창원시청,등록,,경상남도 창원시,개별,[완료신고],대,9628.00 ,12074.19 ,5209.07 ,6865.12 ,경상남도 창원시 진해구 연구단지1길 16 (여좌동),경상남도 창원시 진해구 여좌동 951,임대,건축완료,도시지역,주거지역,공공
경상북도,경산시,경산지식산업센터,지식산업센터,경산시청,승인,,경상북도 경산시,개별,[신설]승인,과수원,6950.00 ,15890.42 ,4729.50 ,11160.92 ,,"경상북도 경산시 임당동 799 경산대임 공공주택지구내 자족시설 2-1, 2-2",,미착공,도시지역,주거지역,공공
경상북도,구미시,3D 프린팅 제조혁신센터,지식산업센터,구미시청,등록,,경상북도 구미시,개별,[완료신고],대,27393.00 ,3882.90 ,2016.00 ,1866.90 ,경상북도 구미시 구미대로 350-27,경상북도 구미시 신평동 188-1번지,임대,건축완료,도시지역,공업지역,공공
경상북도,구미시,구미지식산업센터,지식산업센터,(재)구미전자정보기술원,등록,구미국가산업단지,한국산업단지공단 경북지역본부,국가산업단지,[완료신고],공장용지,7273.00 ,18820.29 ,15492.75 ,3327.54 ,경상북도 구미시 산호대로 253 (공단동),경상북도 구미시 공단동 256-24번지,임대,건축완료,도시지역,공업지역,공공
경상북도,구미시,성원직물(주),지식산업센터,성원직물(주),등록,구미국가산업단지,한국산업단지공단 경북지역본부,국가산업단지,[완료신고],공장용지,1650.00 ,1188.33 ,956.00 ,232.33 ,경상북도 구미시 1공단로 169,경상북도 구미시 공단동 249-1번지,,건축완료,도시지역,공업지역,민간
경상북도,구미시,아시아신탁(주),지식산업센터,아시아신탁(주),등록,구미국가산업단지,한국산업단지공단 경북지역본부,국가산업단지,[완료신고],공장용지,9567.00 ,56966.86 ,46516.50 ,10450.36 ,"경상북도 구미시 1공단로 212, 외 1필지 (공단동)",경상북도 구미시 공단동 260-10 외 1필지,,건축완료,도시지역,공업지역,민간
경상북도,구미시,온페이스 지식산업센터,지식산업센터,온페이스개발(주),승인,구미국가산업단지,한국산업단지공단 경북지역본부,국가산업단지,[신설]승인,"공장용지, 공장용지",0.00 ,0.00 ,0.00 ,0.00 ,,경상북도 구미시 공단동 184-12 외 1필지,분양,미착공,도시지역,공업지역,민간
경상북도,구미시,우성테크노밸리,지식산업센터,세원테크노밸리 관리단,등록,구미국가산업단지,한국산업단지공단 경북지역본부,국가산업단지,[변경완료신고],공장용지,9112.00 ,45505.11 ,38039.34 ,7465.77 ,경상북도 구미시 수출대로 152 (공단동),경상북도 구미시 공단동 193-8번지,,건축완료,도시지역,공업지역,민간
경상북도,김천시,(주)탑런 에이피솔루션,지식산업센터,(주)탑런 에이피솔루션,등록,,경상북도 김천시,개별,[변경완료신고],대,6056.90 ,4431.18 ,4125.82 ,305.36 ,"경상북도 김천시 혁신로 315-26 (율곡동, 에이피스퀘어)",경상북도 김천시 율곡동 1099 에이피스퀘어,임대,건축완료,도시지역,주거지역,민간
경상북도,김천시,스네일파크(Snail Park),지식산업센터,주식회사에이티엠코리아,등록,,경상북도 김천시,개별,[완료신고],대,2360.90 ,2616.50 ,2350.63 ,265.87 ,경상북도 김천시 혁신로 288-5 (율곡동),경상북도 김천시 율곡동 1116,,건축완료,도시지역,주거지역,민간
경상북도,김천시,에이펙스인텍(주),지식산업센터,에이펙스인텍(주),승인,,경상북도 김천시,개별,[신설]승인,대,4765.70 ,9155.75 ,7847.40 ,1308.35 ,,경상북도 김천시 율곡동 1095,,,도시지역,주거지역,민간
경상북도,김천시,위드시스템(주),지식산업센터,위드시스템(주),등록,,경상북도 김천시,개별,[완료신고],대,4099.50 ,9767.59 ,8172.06 ,1595.53 ,경상북도 김천시 혁신로 315-17 (율곡동) 위드시스템(주),경상북도 김천시 율곡동 1104-0,분양/임대,미착공,도시지역,주거지역,민간
경상북도,김천시,율곡테크노밸리,지식산업센터,주식회사 율곡테크노밸리,등록,,경상북도 김천시,개별,[완료신고],대,10650.10 ,13179.36 ,5949.27 ,7230.09 ,경상북도 김천시 혁신8로 5,경상북도 김천시 율곡동 1111번지,분양,건축완료,도시지역,주거지역,민간
경상북도,김천시,주식회사 엘비에스,지식산업센터,주식회사 엘비에스,승인,,경상북도 김천시,개별,[신설]승인,대,4979.60 ,27263.60 ,17120.30 ,10143.30 ,,경상북도 김천시 율곡동 1096,,,도시지역,주거지역,민간
경상북도,김천시,주식회사 유에이썬,지식산업센터,주식회사 유에이썬,등록,,경상북도 김천시,개별,[완료신고],대,2497.00 ,1684.60 ,1204.20 ,480.40 ,경상북도 김천시 혁신로 288-2  (율곡동),경상북도 김천시 율곡동 1118,임대,건축완료,도시지역,주거지역,민간
경상북도,김천시,지텍크리스탈파크,지식산업센터,지텍주식회사,등록,,경상북도 김천시,개별,[완료신고],대,9878.80 ,16147.76 ,10292.56 ,5855.20 ,경상북도 김천시 혁신로 303 (율곡동),경상북도 김천시 율곡동 1106,분양/임대,건축완료,도시지역,주거지역,민간
경상북도,김천시,헥스테크노피아,지식산업센터,(주)니나노컴퍼니,등록,,경상북도 김천시,개별,[변경완료신고],공장용지,3711.10 ,2541.22 ,1803.04 ,738.18 ,경상북도 김천시 혁신로 315-11 (율곡동),경상북도 김천시 율곡동 1105번지,,미착공,도시지역,주거지역,민간
경상북도,안동시,안동시 청년전용지식산업센터,지식산업센터,안동시청,등록,,경상북도 안동시,개별,[완료신고],"대, 대",387.00 ,905.16 ,233.20 ,671.96 ,경상북도 안동시 동흥2길 21(동부동) 외 1필지,경상북도 안동시 동부동 197-2 외 1필지,임대,건축완료,도시지역,상업지역,공공
경상북도,칠곡군,경북하이테크빌리지 창업연구센타,지식산업센터,경북하이테크빌리지창업연구센타,등록,,경상북도 칠곡군,개별,[완료신고],공장용지,9974.00 ,6253.94 ,3357.01 ,2896.93 ,경상북도 칠곡군 왜관읍 공단로1길 83,경상북도 칠곡군 왜관읍 삼청리 926번지,분양,건축완료,도시지역,녹지지역,공공
경상북도,포항시 북구,우리자산신탁(주),지식산업센터,우리자산신탁(주),승인,,경상북도 포항시,개별,[신설변경]승인,"대, 대, 대",5491.60 ,68899.38 ,66398.91 ,2500.47 ,,경상북도 포항시 북구 죽도동 646-1 외 2필지,,미착공,도시지역,상업지역,민간
경상북도,포항시 북구,포항지식산업센터,지식산업센터,포항시청,등록,,대구경북경제자유구역청,개별,[완료신고],공장용지,10000.00 ,13300.89 ,11138.80 ,2162.09 ,,경상북도 포항시 북구 흥해읍 이인리 포항융합기술산업지구 I6-1,임대,건축완료,도시지역,공업지역,공공
광주광역시,광산구,오솔지식산업센터,지식산업센터,(주)오솔,승인,,(사)하남산업단지관리공단,개별,[신설]승인,공장용지,2044.60 ,0.00 ,0.00 ,0.00 ,광주광역시 광산구 용아로 581  (장덕동),광주광역시 광산구 장덕동 977-22 동 층 호,,,도시지역,공업지역,민간
광주광역시,광산구,(주)오솔,지식산업센터,(주)오솔,승인,광주하남일반산업단지,(사)하남산업단지관리공단,지방산업단지,[신설]승인,공장용지,2044.70 ,2925.30 ,2118.40 ,806.90 ,광주광역시 광산구 용아로 581 (장덕동),광주광역시 광산구 장덕동 977-22,분양,미착공,도시지역,공업지역,민간
광주광역시,광산구,KBI하남,지식산업센터,(주)하나자산신탁,등록,광주하남일반산업단지,(사)하남산업단지관리공단,지방산업단지,[완료신고],공장용지,13550.00 ,60262.04 ,43211.23 ,17050.81 ,광주광역시 광산구 하남산단6번로 57 (오선동),광주광역시 광산구 오선동 270-106번지,분양,건축중,도시지역,공업지역,민간
광주광역시,광산구,Kbi하남,지식산업센터,나영산업개발(주),승인,광주하남일반산업단지,(사)하남산업단지관리공단,지방산업단지,[신설]승인,공장용지,13550.00 ,60262.04 ,43211.23 ,17050.81 ,광주광역시 광산구 하남산단6번로 57 (오선동),광주광역시 광산구 오선동 270-106번지,분양,건축중,도시지역,공업지역,민간
광주광역시,광산구,중진공하남아파트형공장,지식산업센터,(주)알엠택,등록,광주하남일반산업단지,(사)하남산업단지관리공단,지방산업단지,[완료신고],공장용지,232.32 ,425.25 ,425.25 ,0.00 ,"광주광역시 광산구 하남산단천변좌로 25, 404호 (오선동)",광주광역시 광산구 오선동 548-6번지 404호,분양,건축완료,도시지역,공업지역,공공
광주광역시,광산구,중진공하남아파트형공장,지식산업센터,최대영,승인,광주하남일반산업단지,(사)하남산업단지관리공단,지방산업단지,[신설]승인,공장용지,232.32 ,425.25 ,425.25 ,0.00 ,"광주광역시 광산구 하남산단천변좌로 25, 아파트형공장301호 (오선동)",광주광역시 광산구 오선동 548-6 번지 아파트형공장301호,분양,건축완료,도시지역,공업지역,공공
광주광역시,남구,에너지산업 지식산업센터,지식산업센터,광주광역시,승인,광주남구도시첨단산업단지,광주경제자유구역청,도시첨단산업단지,[신설]승인,,5115.50 ,10402.15 ,5208.22 ,5193.93 ,,광주광역시 남구 압촌동 497,,미착공,도시지역,주거지역,공공
광주광역시,동구,광주 임대형 지식산업센터,지식산업센터,광주광역시,승인,,광주광역시 동구,개별,[신설변경]승인,대,5992.50 ,11650.04 ,8417.08 ,3232.96 ,광주광역시 동구 장동로 35 (동명동),광주광역시 동구 동명동 143-78번지,,건축완료,도시지역,주거지역,공공
광주광역시,북구,주식회사 빈센트,지식산업센터,주식회사 빈센트,등록,,광주광역시 북구,개별,[완료신고],대,1501.40 ,0.00 ,0.00 ,0.00 ,광주광역시 북구 삼정로 4 (두암동),광주광역시 북구 두암동 969-7번지,,미착공,도시지역,주거지역,민간
광주광역시,북구,지식산업센터,지식산업센터,주식회사 빈센트,승인,,광주광역시 북구,개별,[신설]승인,대,2501.40 ,2595.99 ,1298.00 ,1298.00 ,광주광역시 북구 삼정로 4,광주광역시 북구 두암동 969-7번지,분양/임대,미착공,도시지역,주거지역,민간
광주광역시,북구,캠퍼스혁신파크 도시첨단산업단지 HUB동 산업1블록,지식산업센터,한국토지주택공사,승인,,광주광역시 북구,개별,[신설]승인,학교용지,10399.00 ,19009.83 ,9325.97 ,9683.86 ,"광주광역시 북구 용봉로 77(용봉동, 전남대학교)",광주광역시 북구 용봉동 300 전남대학교,,,도시지역,공업지역,공공
광주광역시,북구,(재)광주테크노파크,지식산업센터,(재)광주테크노파크,등록,광주첨단과학국가산업단지,한국산업단지공단 광주지역본부,국가산업단지,[완료신고],공장용지,99173.80 ,40849.19 ,29299.19 ,11550.00 ,광주광역시 북구 첨단과기로 333 (대촌동),광주광역시 북구 대촌동 958-3번지,임대,건축완료,도시지역,공업지역,공공
광주광역시,북구,TJS지식산업센터,지식산업센터,(유)티제이에스개발,등록,광주첨단과학국가산업단지,한국산업단지공단 광주지역본부,국가산업단지,[변경완료신고],대,1675.20 ,5467.81 ,4375.23 ,1092.58 ,광주광역시 북구 첨단과기로208번길 17-23 (오룡동),광주광역시 북구 오룡동 1110-42,분양/임대,건축완료,도시지역,공업지역,민간
광주광역시,북구,광주하이테크센터,지식산업센터,한국산업단지공단,등록,광주첨단과학국가산업단지,한국산업단지공단 광주지역본부,국가산업단지,[완료신고],공장용지,9277.60 ,7580.64 ,3728.16 ,3852.48 ,광주광역시 북구 첨단과기로 313 (대촌동),광주광역시 북구 대촌동 958-14번지,임대,건축완료,도시지역,공업지역,민간
광주광역시,북구,나사지식산업센터,지식산업센터,(주)나사,등록,광주첨단과학국가산업단지,한국산업단지공단 광주지역본부,국가산업단지,[변경완료신고],대,3305.00 ,1298.05 ,1095.52 ,202.53 ,광주광역시 북구 첨단과기로208번길 28 (오룡동),광주광역시 북구 오룡동 1110-24번지,임대,건축완료,도시지역,공업지역,민간
광주광역시,북구,더 센텀하이테크,지식산업센터,케이비부동산신탁(주),등록,광주첨단과학국가산업단지,한국산업단지공단 광주지역본부,국가산업단지,[완료신고],공장용지,15757.50 ,81063.63 ,56779.17 ,24284.46 ,광주광역시 북구 첨단연신로 284 (연제동),광주광역시 북구 연제동 1011-0,,건축완료,도시지역,공업지역,민간
광주광역시,북구,락지식산업센터,지식산업센터,(주)락앤크리에이티브,등록,광주첨단과학국가산업단지,한국산업단지공단 광주지역본부,국가산업단지,[완료신고],대,1671.40 ,2352.96 ,0.00 ,2352.96 ,광주광역시 북구 첨단과기로208번길 17-13 (오룡동),광주광역시 북구 오룡동 1110-37번지,임대,건축완료,도시지역,공업지역,민간
광주광역시,북구,마루힐 아이비씨 지식산업센터,지식산업센터,코리아신탁 주식회사,등록,광주첨단과학국가산업단지,한국산업단지공단 광주지역본부,국가산업단지,[완료신고],대,9450.00 ,48091.63 ,39594.49 ,8497.14 ,광주광역시 북구 첨단과기로208번길 43-10 (오룡동),광주광역시 북구 오룡동 1110-22번지,분양/임대,건축완료,도시지역,공업지역,민간
광주광역시,북구,센트럴스퀘어 지식산업센터,지식산업센터,(주)무궁화신탁,등록,광주첨단과학국가산업단지,한국산업단지공단 광주지역본부,국가산업단지,[완료신고],공장용지,6614.10 ,32347.20 ,25914.63 ,6432.57 ,,광주광역시 북구 연제동 1074,분양,건축완료,도시지역,공업지역,민간
광주광역시,북구,애니온스퀘어,지식산업센터,(주)애니온,승인,광주첨단과학국가산업단지,한국산업단지공단 광주지역본부,국가산업단지,[신설]승인,공장용지,9953.50 ,62476.11 ,46084.54 ,16391.57 ,광주광역시 북구 양일로18번길 7(연제동),광주광역시 북구 연제동 1097,,미착공,도시지역,공업지역,민간
광주광역시,북구,와이어스파크 첨단지식산업센터,지식산업센터,코리아신탁(주),승인,광주첨단과학국가산업단지,한국산업단지공단 광주지역본부,국가산업단지,[신설]승인,대,11330.00 ,74629.46 ,59856.12 ,14773.34 ,"광주광역시 북구 첨단과기로208번길 43-20, (1110-43번지) (오룡동)",광주광역시 북구 오룡동 1110-43,분양,건축완료,도시지역,공업지역,민간
광주광역시,북구,유포리아 지식산업센터,지식산업센터,(주)나래물류,승인,광주첨단과학국가산업단지,한국산업단지공단 광주지역본부,국가산업단지,[신설]승인,대,1653.00 ,2991.38 ,0.00 ,2991.38 ,광주광역시 북구 첨단과기로208번길 17-15(오룡동),광주광역시 북구 오룡동 1110-38,,건축완료,도시지역,공업지역,민간
광주광역시,북구,유한회사 재이,지식산업센터,유한회사 재이,승인,광주첨단과학국가산업단지,한국산업단지공단 광주지역본부,국가산업단지,[신설]승인,대,1652.90 ,2310.20 ,1908.57 ,401.62 ,광주광역시 북구 첨단과기로208번길 17-19 (오룡동),광주광역시 북구 오룡동 1110-40,임대,건축완료,도시지역,공업지역,민간
광주광역시,북구,전남과학대학 POST BI,지식산업센터,학교법인 우암학원,등록,광주첨단과학국가산업단지,한국산업단지공단 광주지역본부,국가산업단지,[완료신고],공장용지,13224.80 ,6076.80 ,5292.00 ,784.80 ,"광주광역시 북구 첨단벤처소로 51 (월출동, 전남과학대창업보육센터)",광주광역시 북구 월출동  970-14번지,임대,건축완료,도시지역,공업지역,민간
광주광역시,북구,첨단 리채비즈타워,지식산업센터,코리아신탁(주),등록,광주첨단과학국가산업단지,한국산업단지공단 광주지역본부,국가산업단지,[완료신고],공장용지,13287.10 ,62856.42 ,60063.93 ,2792.49 ,광주광역시 북구 첨단연신로 37 (연제동),광주광역시 북구 연제동 1038-6,,건축완료,도시지역,공업지역,민간
광주광역시,북구,첨단씨티빌딩,지식산업센터,유한회사 이노벨리,등록,광주첨단과학국가산업단지,한국산업단지공단 광주지역본부,국가산업단지,[변경완료신고],대,1652.90 ,0.00 ,0.00 ,0.00 ,광주광역시 북구 첨단과기로208번길 17-17 (오룡동),광주광역시 북구 오룡동 1110-39번지,분양/임대,건축완료,도시지역,공업지역,민간
광주광역시,북구,투유지식산업센터,지식산업센터,(유)에스에이치투,승인,광주첨단과학국가산업단지,한국산업단지공단 광주지역본부,국가산업단지,[신설]승인,대,1677.00 ,6851.64 ,5009.06 ,1842.58 ,광주광역시 북구 첨단과기로208번길 17-21 (오룡동),광주광역시 북구 오룡동 1110-14,분양/임대,미착공,도시지역,공업지역,민간
광주광역시,북구,티지엠지식산업센터,지식산업센터,(유)티지엠파트너스,승인,광주첨단과학국가산업단지,한국산업단지공단 광주지역본부,국가산업단지,[신설]승인,대,1650.00 ,6231.19 ,4401.40 ,1829.79 ,,광주광역시 북구 오룡동  1110-36,분양/임대,건축완료,도시지역,공업지역,민간
광주광역시,북구,한국광기술원,지식산업센터,한국광기술원,승인,광주첨단과학국가산업단지,한국산업단지공단 광주지역본부,국가산업단지,[분양공고안]승인,"공장용지, 공장용지, 공장용지, 공장용지",7890.80 ,35831.94 ,35830.94 ,1.00 ,"광주광역시 북구 첨단벤처로108번길 9 (월출동, 한국광기술원) 외 3필지",광주광역시 북구 월출동 971-35번지 외 3필지,임대,건축완료,도시지역,공업지역,공공
광주광역시,북구,허드슨1041,지식산업센터,한국자산신탁(주),등록,광주첨단과학국가산업단지,한국산업단지공단 광주지역본부,국가산업단지,[완료신고],공장용지,6618.00 ,37879.46 ,26650.82 ,11228.64 ,,광주광역시 북구 연제동 1041,,건축완료,도시지역,공업지역,민간
광주광역시,북구,(주)대광,지식산업센터,(주)대광,승인,광주본촌일반산업단지,본촌산업단지관리공단,지방산업단지,[신설]승인,공장용지,0.00 ,69475.36 ,33848.74 ,35626.62 ,,광주광역시 북구 일곡동 758-,분양/임대,미착공,도시지역,공업지역,민간
광주광역시,북구,(주)대광,지식산업센터,(주)대광,승인,광주본촌일반산업단지,본촌산업단지관리공단,지방산업단지,[신설]승인,공장용지,24934.00 ,188081.97 ,86454.72 ,101627.25 ,광주광역시 북구 양일로 147-46(일곡동),광주광역시 북구 일곡동 758,분양/임대,미착공,도시지역,주거지역,민간
광주광역시,북구,광양프런티어밸리 9차,지식산업센터,우리자산신탁(주),등록,광주본촌일반산업단지,광주광역시 북구,지방산업단지,[완료신고],공장용지,0.00 ,0.00 ,0.00 ,0.00 ,,광주광역시 북구 일곡동 758-17,,건축완료,도시지역,공업지역,민간
광주광역시,북구,창업기업성정지원센터,지식산업센터,광주광역시청(창업기업성장지원센터),승인,광주본촌일반산업단지,광주광역시 북구,지방산업단지,[신설]승인,공장용지,6600.00 ,0.00 ,0.00 ,0.00 ,,광주광역시 북구 일곡동 758-14,,,도시지역,공업지역,공공
대구광역시,남구,하림,지식산업센터,하림,등록,,대구광역시 남구,개별,[완료신고],대,922.00 ,2262.53 ,1881.73 ,380.80 ,대구광역시 남구 안골길 64 (대명동),대구광역시 남구 대명동 859-1번지,임대,건축완료,도시지역,주거지역,민간
대구광역시,달서구,드림타워,지식산업센터,디엠개발(주),등록,,대구광역시 달서구,개별,[완료신고],대,1655.80 ,4366.64 ,2237.14 ,2129.50 ,대구광역시 달서구 상인로 14 (상인동),대구광역시 달서구 상인동 1563-2번지,분양,미착공,도시지역,주거지역,민간
대구광역시,달서구,월성아파트형공장,지식산업센터,대구광역시장,등록,,대구광역시 달서구,개별,[변경완료신고],공장용지,2212.10 ,7485.17 ,6502.27 ,982.90 ,"대구광역시 달서구 월성로 79 (월성동, 아파트형공장)",대구광역시 달서구 월성동 86-1번지,분양,건축완료,도시지역,주거지역,공공
대구광역시,달서구,제봉뜰두류봉제지식산업센터,지식산업센터,대구광역시,등록,,대구광역시 달서구,개별,[완료신고],공장용지,2992.00 ,8046.36 ,3313.72 ,4732.64 ,"대구광역시 달서구 두류남9길 17 (두류동, 지식산업센터)",대구광역시 달서구 두류동 1250-4 지식산업센터,임대,건축완료,도시지역,주거지역,공공
대구광역시,달서구,(재)대구테크노파크,지식산업센터,(재)대구테크노파크,등록,성서지방산업단지,대구성서산업단지관리공단,지방산업단지,[변경완료신고],공장용지,13991.30 ,22670.16 ,22090.83 ,579.33 ,"대구광역시 달서구 성서공단로11길 62, 대구테크노파크벤처공장 (호산동)",대구광역시 달서구 호산동 711번지,임대,건축완료,도시지역,공업지역,민간
대구광역시,달서구,(주)대진코스텍,지식산업센터,(주)대진코스텍,등록,성서지방산업단지,대구성서산업단지관리공단,지방산업단지,[변경완료신고],공장용지,1835.00 ,2911.34 ,2341.33 ,570.01 ,"대구광역시 달서구 달서대로 573, 3차단지 60-1B 5-2L (신당동)",대구광역시 달서구 신당동 1320-8번지 3차단지 60-1B 5-2L,임대,건축완료,도시지역,공업지역,민간
대구광역시,달서구,(주)성서지식산업센터,지식산업센터,(주)성서지식산업센터,등록,성서지방산업단지,대구성서산업단지관리공단,지방산업단지,[완료신고],공장용지,5504.00 ,13075.55 ,11397.21 ,1678.34 ,"대구광역시 달서구 성서로 229, 1차단지 96B 6L (갈산동)",대구광역시 달서구 갈산동  970-9번지,분양,건축완료,도시지역,공업지역,민간
대구광역시,달서구,MJ테크노파크,지식산업센터,(주)미진주택건설,등록,성서지방산업단지,대구성서산업단지관리공단,지방산업단지,[변경완료신고],공장용지,17812.00 ,20234.84 ,19402.96 ,831.88 ,대구광역시 달서구 달서대로109길 20 (신당동),대구광역시 달서구 신당동  1320-1번지,분양,건축완료,도시지역,공업지역,민간
대구광역시,달서구,갤러리얀 지식산업센터,지식산업센터,(주)대영합섬,등록,성서지방산업단지,대구성서산업단지관리공단,지방산업단지,[완료신고],공장용지,3636.00 ,2536.35 ,1792.95 ,743.40 ,"대구광역시 달서구 달서대로109안길 16, (3차단지 60-1B 9-1L)(신당동)",대구광역시 달서구 신당동 1320-39 (3차단지 60-1B 9-1L),임대,건축완료,도시지역,공업지역,민간
대구광역시,달서구,뉴비젼 지식산업센터,지식산업센터,(주)뉴제일,등록,성서지방산업단지,대구성서산업단지관리공단,지방산업단지,[완료신고],공장용지,0.00 ,14217.24 ,14217.24 ,0.00 ,"대구광역시 달서구 성서공단로39길 27,  (2차단지 10-1B 3-2L) (갈산동)",대구광역시 달서구 갈산동 358-180번지 (2차단지 10-1B 3-2L),분양,건축완료,도시지역,공업지역,민간
대구광역시,달서구,대구테크노파크 성서캠퍼스T,지식산업센터,(재)대구테크노파크,등록,성서지방산업단지,대구성서산업단지관리공단,지방산업단지,[완료신고],공장용지,16530.10 ,22739.27 ,22739.27 ,0.00 ,"대구광역시 달서구 성서공단로 46-17 (대천동, 지식산업센터)",대구광역시 달서구 대천동  891-5번지,분양/임대,건축완료,도시지역,공업지역,공공
대구광역시,달서구,동원비즈플랫폼,지식산업센터,(주)성서플랫폼,등록,성서지방산업단지,대구성서산업단지관리공단,지방산업단지,[변경완료신고],공장용지,7836.00 ,36849.08 ,18776.98 ,18072.10 ,대구광역시 달서구 성서로 329 (갈산동) 동원비즈플랫폼,대구광역시 달서구 갈산동 100-32,분양,건축완료,도시지역,공업지역,민간
대구광역시,달서구,모다지식산업센터(주) (가동),지식산업센터,모다지식산업센터(주),등록,성서지방산업단지,대구성서산업단지관리공단,지방산업단지,[완료신고],공장용지,2952.80 ,1974.93 ,1587.53 ,387.40 ,"대구광역시 달서구 달서대로91길 35, 성서3차단지 97B 3-2L (호림동)",대구광역시 달서구 호림동 9-6번지 성서3차단지 97B 3-2L,분양,건축완료,도시지역,공업지역,민간
대구광역시,달서구,모다지식산업센터(주) (나동),지식산업센터,모다지식산업센터(주),등록,성서지방산업단지,대구성서산업단지관리공단,지방산업단지,[완료신고],공장용지,2952.80 ,8398.50 ,6766.84 ,1631.66 ,"대구광역시 달서구 달서대로91길 35, 성서3차단지 97B 3-2L (호림동)",대구광역시 달서구 호림동 9-6번지 성서3차단지 97B 3-2L,분양,건축완료,도시지역,공업지역,민간
대구광역시,달서구,비젼지식산업센터,지식산업센터,비젼디엔씨(주),등록,성서지방산업단지,대구성서산업단지관리공단,지방산업단지,[변경완료신고],"공장용지, 공장용지",11636.00 ,11160.84 ,10924.10 ,236.74 ,"대구광역시 달서구 성서공단로35길 42,  (2차단지 10-1/1) (갈산동) (총 2 필지) 외 1필지",대구광역시 달서구 갈산동  358-111번지 외 1필지,분양,건축완료,도시지역,공업지역,민간
대구광역시,달서구,성서드림타운,지식산업센터,(주)성서드림타운,등록,성서지방산업단지,대구성서산업단지관리공단,지방산업단지,[변경완료신고],공장용지,7128.00 ,33702.84 ,17635.83 ,16067.01 ,대구광역시 달서구 성서공단남로 37 (월암동),대구광역시 달서구 월암동 1-224번지,분양/임대,건축완료,도시지역,공업지역,민간
대구광역시,달서구,신월성 더 하이브,지식산업센터,대덕피에프브이(주),승인,대구출판산업단지,대구성서산업단지관리공단,지방산업단지,[신설]승인,공장용지,4108.00 ,23495.00 ,8700.53 ,14794.47 ,"대구광역시 달서구 성서로36안길 42, (출판단지 76L)(월성동, 가설건축물 콘테이너)",대구광역시 달서구 월성동 1800 가설건축물 콘테이너 (출판단지 76L),분양/임대,건축중,도시지역,공업지역,민간
대구광역시,달서구,이앤씨이노비즈타워,지식산업센터,(주)대구이앤씨,등록,성서지방산업단지,대구성서산업단지관리공단,지방산업단지,[완료신고],공장용지,6405.00 ,34470.14 ,27887.43 ,6582.71 ,"대구광역시 달서구 달서대로 559,  (3차단지 60-1B 3L) (신당동)",대구광역시 달서구 신당동  1320-2번지,분양,건축완료,도시지역,공업지역,민간
대구광역시,달서구,일신테크노밸리,지식산업센터,(주)진성엠테크,등록,성서지방산업단지,대구성서산업단지관리공단,지방산업단지,[변경완료신고],공장용지,6844.00 ,23933.01 ,19254.15 ,4678.86 ,"대구광역시 달서구 달서대로 555, 일신테크노밸리 (신당동)",대구광역시 달서구 신당동 1261번지 일신테크노밸리,분양,건축완료,도시지역,공업지역,민간
대구광역시,달서구,펜타플렉스 대구,지식산업센터,에스아이케이(주),승인,성서지방산업단지,대구성서산업단지관리공단,지방산업단지,[신설]승인,공장용지,42885.10 ,280707.71 ,197213.71 ,83494.00 ,"대구광역시 달서구 성서공단로11길 63, (3차단지 81B 1L) (호산동)",대구광역시 달서구 호산동 710 (3차단지 81B 1L),,미착공,도시지역,공업지역,민간
대구광역시,달서구,한길지식산업센터,지식산업센터,한길,등록,성서지방산업단지,대구성서산업단지관리공단,지방산업단지,[완료신고],공장용지,4813.58 ,7150.90 ,5730.49 ,1420.41 ,대구광역시 달서구 달구벌대로 1130 (신당동),대구광역시 달서구 신당동  1320-11번지,임대,건축완료,도시지역,공업지역,민간
대구광역시,달성군,대구경북기계협동조합,지식산업센터,대구경북기계협동조합,등록,성서5차첨단산업단지,대구성서산업단지관리공단,지방산업단지,[변경완료신고],공장용지,2729.80 ,2959.88 ,2392.82 ,567.06 ,대구광역시 달성군 다사읍 세천리 1684-2번지,대구광역시 달성군 다사읍 세천리 1684-2번지,임대,건축완료,도시지역,공업지역,민간
대구광역시,동구,신기동 596번지,지식산업센터,(주)진보케미칼,등록,,대구광역시 동구,개별,[변경완료신고],대,1500.00 ,3572.89 ,2583.69 ,989.20 ,대구광역시 동구 안심로 188 (신기동),대구광역시 동구 신기동  596번지,,미착공,도시지역,주거지역,민간
대구광역시,동구,이시아폴리스 지식산업센터,지식산업센터,(주)솔로몬이앤씨,승인,대구이시아폴리스일반산업단지,대구시티밸리산업단지관리공단,지방산업단지,[신설변경]승인,공장용지,13265.70 ,19031.44 ,16804.89 ,2226.55 ,대구광역시 동구 봉무동 1546-3번지,대구광역시 동구 봉무동 1546-3번지,,,도시지역,공업지역,민간
대구광역시,북구,안경테표면처리센터,지식산업센터,대구광역시,등록,,대구광역시 북구,개별,[완료신고],대,2489.00 ,6930.22 ,3912.27 ,3017.95 ,대구광역시 북구 오봉로 166 (침산동),대구광역시 북구 침산동 999번지,임대,건축완료,도시지역,공업지역,공공
대구광역시,북구,경북대학교 캠퍼스 혁신파크 도시첨단산업단지 HUB동,지식산업센터,한국토지주택공사,승인,경북대 캠퍼스 혁신파크 도시첨단산업단지,대구광역시 북구,도시첨단산업단지,[신설]승인,학교용지,5637.00 ,22249.47 ,16180.80 ,6068.67 ,"대구광역시 북구 대학로 80(산격동, 경북대학교)",대구광역시 북구 산격동 1370-1 경북대학교,,,도시지역,공업지역,공공
대구광역시,북구,EYE VIL,지식산업센터,대구광역시북구청,등록,대구제3일반산업단지,대구광역시 북구,지방산업단지,[완료신고],공장용지,3083.90 ,9957.61 ,5241.21 ,4716.40 ,대구광역시 북구 3공단로 240 (노원동3가),대구광역시 북구 노원동3가 20-12번지,임대,건축완료,도시지역,공업지역,공공
대구광역시,북구,검단테크파트,지식산업센터,조일주택건설(주),등록,북구검단일반산업단지,대구시티밸리산업단지관리공단,지방산업단지,[변경완료신고],공장용지,4780.00 ,3861.20 ,3713.81 ,147.39 ,대구광역시 북구 검단공단로 26 (검단동),대구광역시 북구 검단동 887-62 번지,분양,건축완료,도시지역,공업지역,민간
대구광역시,북구,검단팩토리밸리,지식산업센터,(주)미래로산전,등록,북구검단일반산업단지,대구시티밸리산업단지관리공단,지방산업단지,[완료신고],"대, 대",41887.00 ,31568.88 ,24046.52 ,7522.36 ,대구광역시 북구 검단로 135 (검단동) 외 1필지,대구광역시 북구 검단동 838-4 외 1필지,분양,건축완료,도시지역,공업지역,민간
대구광역시,북구,대구광역시지식산업센터,지식산업센터,아파트형공장,승인,대구제3일반산업단지,대구제3산업단지관리공단,지방산업단지,[신설]승인,대,4300.00 ,13478.00 ,11439.00 ,2039.00 ,대구광역시 북구 오봉로 166 (침산동),대구광역시 북구 침산동 999번지,임대,미착공,도시지역,공업지역,공공
대구광역시,북구,제2임대형 지식산업센터,지식산업센터,대구광역시,승인,대구제3일반산업단지,대구광역시 북구,지방산업단지,[신설]승인,학교용지,3905.04 ,9108.99 ,3120.40 ,5988.59 ,,대구광역시 북구 노원동3가 262-3,,,도시지역,공업지역,공공
대구광역시,북구,진성인더스트리타운,지식산업센터,(주)진성엠테크,승인,북구검단일반산업단지,대구시티밸리산업단지관리공단,지방산업단지,[신설]승인,공장용지,30090.00 ,42634.85 ,28567.12 ,14067.73 ,대구광역시 북구 검단로31길 62,대구광역시 북구 검단동 711 번지,분양/임대,미착공,도시지역,공업지역,민간
대구광역시,서구,디센터 1976,지식산업센터,디센터1976 관리단,등록,서대구일반산업단지,서대구산업단지관리공단,지방산업단지,[변경완료신고],공장용지,11820.00 ,81858.15 ,59979.13 ,21879.02 ,대구광역시 서구 와룡로 307 (중리동),대구광역시 서구 중리동 1166-1번지,분양,건축완료,도시지역,공업지역,민간
대구광역시,서구,서대구산단 복합지식산업센터,지식산업센터,(주)산단재생1호서대구지식산업센터위탁부동산투자회사,등록,서대구일반산업단지,서대구산업단지관리공단,지방산업단지,[완료신고],공장용지,0.00 ,33661.73 ,30819.03 ,2842.70 ,대구광역시 서구 와룡로90길 41(이현동),대구광역시 서구 이현동 748,임대,미착공,도시지역,공업지역,민간
대구광역시,수성구,대구범물아파트형공장,지식산업센터,중소기업진흥공단,등록,,대구광역시 수성구,개별,[변경완료신고],대,2780.10 ,10032.37 ,6747.26 ,3285.11 ,대구광역시 수성구 범안로 93 (범물동),대구광역시 수성구 범물동 1287-1번지,분양,건축완료,도시지역,주거지역,공공
대구광역시,수성구,SW융합테크비즈센터,지식산업센터,대구광역시 ,등록,대구경북경제자유구역수성의료지구,대구경북경제자유구역청,지방산업단지,[완료신고],대,5062.70 ,13095.61 ,4822.53 ,8273.08 ,대구광역시 수성구 알파시티1로 160 (대흥동),대구광역시 수성구 대흥동 848-1번지,분양,건축완료,도시지역,주거지역,공공
대구광역시,수성구,태왕알파시티 수성 지식산업센터,지식산업센터,(주)딜로스,등록,대구경북경제자유구역수성의료지구,대구경북경제자유구역청,지방산업단지,[완료신고],대,6213.20 ,41093.56 ,16142.43 ,24951.13 ,대구광역시 수성구 알파시티1로42길 11 (대흥동),대구광역시 수성구 대흥동 829-3 동 층 호,분양,건축완료,도시지역,주거지역,민간
대전광역시,대덕구,한남대 캠퍼스혁신파크(산학연혁신허브),지식산업센터,한국토지주택공사,등록,,대전광역시,개별,[완료신고],학교용지,11307.90 ,22263.89 ,10475.62 ,11788.27 ,"대전광역시 대덕구 한남로 70(오정동, 한남대학교)",대전광역시 대덕구 오정동 133 한남대학교,,,도시지역,주거지역,공공
대전광역시,대덕구,가온비즈타워,지식산업센터,한국자산신탁(주),등록,"대전지방1,2지방산업단지",대전산업단지관리공단,지방산업단지,[완료신고],공장용지,10608.70 ,69597.25 ,64697.36 ,4899.89 ,"대전광역시 대덕구 대화로 120(대화동, 가온비즈타워)",대전광역시 대덕구 대화동 611 가온비즈타워,분양,건축완료,도시지역,공업지역,민간
대전광역시,대덕구,대전 플랫폼시티,지식산업센터,교보자산신탁(주),등록,"대전지방1,2지방산업단지",대전산업단지관리공단,지방산업단지,[완료신고],공장용지,6210.00 ,40460.65 ,33553.26 ,6907.39 ,"대전광역시 대덕구 대전로1331번길 40 (읍내동, 대전 플랫폼시티 지식산업센터)",대전광역시 대덕구 읍내동 450-1 대전 플랫폼시티 지식산업센터 동 층 호,분양,건축중,도시지역,공업지역,민간
대전광역시,대덕구,벤처타운 장영실관,지식산업센터,벤처타운 장영실관,등록,대전지방4지방산업단지,대덕연구개발특구지원본부 인프라조성단 기반조성팀,지방산업단지,[완료신고],공장용지,6613.20 ,6841.79 ,4775.06 ,2066.73 ,"대전광역시 대덕구 신일동로 105 (신일동, 벤쳐타운장영실관)",대전광역시 대덕구 신일동 1688-5번지,임대,건축완료,도시지역,공업지역,공공
대전광역시,대덕구,벤처타운다산관,지식산업센터,벤처타운 다산관,등록,대전지방4지방산업단지,대덕연구개발특구지원본부 인프라조성단 기반조성팀,지방산업단지,[변경완료신고],공장용지,3300.00 ,2534.52 ,1408.79 ,1125.73 ,"대전광역시 대덕구 신일서로85번길 91 (신일동, 벤쳐타운다산관)",대전광역시 대덕구 신일동 1687-2번지,임대,건축완료,도시지역,공업지역,공공
대전광역시,대덕구,벤처타운장영실관,지식산업센터,대전광역시장,등록,대전지방4지방산업단지,대덕연구개발특구지원본부 인프라조성단 기반조성팀,지방산업단지,[완료신고],공장용지,6613.20 ,6841.79 ,4775.06 ,2066.73 ,"대전광역시 대덕구 신일동로 105 (신일동, 벤쳐타운장영실관)",대전광역시 대덕구 신일동 1688-5번지,분양,건축완료,도시지역,공업지역,공공
대전광역시,대덕구,펜타플랙스 대전,지식산업센터,(주)하나자산신탁,등록,"대전지방1,2지방산업단지",대전산업단지관리공단,지방산업단지,[완료신고],"공장용지, 공장용지, 공장용지",10302.00 ,66397.73 ,62327.68 ,4070.05 ,"대전광역시 대덕구 대전로1331번길 245 (대화동, 금풍) 외 2필지",대전광역시 대덕구 대화동 40-37번지 금풍 외 2필지,분양,건축완료,도시지역,공업지역,민간
대전광역시,동구,대전지식산업센터,지식산업센터,대전광역시청,등록,,대전광역시 동구,개별,[완료신고],공장용지,4062.00 ,15550.71 ,4351.43 ,11199.28 ,"대전광역시 동구 계족로 151(대동, 대전지식산업센터)",대전광역시 동구 대동 549 대전지식산업센터,,건축완료,도시지역,주거지역,공공
대전광역시,동구,판암아파트형공장,지식산업센터,중소기업진흥공단,등록,,대전광역시 동구,개별,[완료신고],대,3000.00 ,9219.20 ,5073.85 ,4145.35 ,대전광역시 동구 새울로 41 (판암동),대전광역시 동구 판암동  239-2번지,분양,건축완료,도시지역,주거지역,공공
대전광역시,서구,둔산테크노,지식산업센터,둔산아파트형공장자치운영회,등록,,대전광역시 서구,개별,[변경완료신고],대,1500.00 ,5475.10 ,3086.55 ,2388.55 ,대전광역시 서구 갈마역로 155 (월평동),대전광역시 서구 월평동  218-1번지,분양,건축완료,도시지역,주거지역,민간
대전광역시,유성구,도안더리브시그니처,지식산업센터,(주)하나자산신탁,등록,,대전광역시 유성구,개별,[완료신고],공장용지,1749.00 ,99551.87 ,73961.76 ,25590.11 ,대전광역시 유성구 복용동 236-3번지,대전광역시 유성구 복용동 236-3번지,분양/임대,건축완료,도시지역,녹지지역,민간
대전광역시,유성구,복용동 지식산업센터,지식산업센터,우리자산신탁 주식회사,승인,,대전광역시 유성구,개별,[신설변경]승인,"대, 대, 대, 대, 대",31277.00 ,195626.33 ,183915.56 ,11710.77 ,대전광역시 유성구 유성대로 490 (복용동) 외 4필지,대전광역시 유성구 복용동 225-7 외 4필지,,미착공,도시지역,공업지역,민간
대전광역시,유성구,남정건설(주),지식산업센터,남정건설(주),승인,대덕테크노밸리,(재)연구개발특구진흥재단,지방산업단지,[신설변경]승인,공장용지,24083.10 ,111075.96 ,60102.97 ,50972.99 ,대전광역시 유성구 테크노4로 17,대전광역시 유성구 관평동 684번지,분양,미착공,도시지역,공업지역,민간
대전광역시,유성구,디버프리,지식산업센터,(주)디버프리,승인,대덕테크노밸리,(재)연구개발특구진흥재단,지방산업단지,[신설변경]승인,공장용지,17560.80 ,76070.43 ,53010.19 ,23060.24 ,대전광역시 유성구 관평동 대덕테크노밸리 I3-6-4,대전광역시 유성구 관평동 대덕테크노밸리 I3-6-4,분양,미착공,도시지역,공업지역,민간
대전광역시,유성구,미건테크노월드,지식산업센터,(주)미건의료기,승인,대덕테크노밸리,(재)연구개발특구진흥재단,지방산업단지,[신설]승인,공장용지,34662.70 ,40910.68 ,28030.30 ,12880.38 ,"대전광역시 유성구 테크노2로 199 (용산동, 미건테크노월드)",대전광역시 유성구 용산동 533번지,분양,건축중,도시지역,공업지역,민간
대전광역시,유성구,한백,지식산업센터,(주)한백산업개발,등록,대덕테크노밸리,(재)연구개발특구진흥재단,지방산업단지,[완료신고],공장용지,17542.70 ,76410.47 ,51081.90 ,25328.57 ,대전광역시 유성구 관평동 대덕테크노밸리 I3-6-3,대전광역시 유성구 관평동 대덕테크노밸리 I3-6-3,분양,미착공,도시지역,공업지역,민간
부산광역시,강서구,디에트르 지식산업센터,지식산업센터,대방건설(주),승인,,부산광역시 강서구,개별,[신설변경]승인,대,20762.00 ,128493.64 ,60156.26 ,68337.38 ,,부산광역시 강서구 명지동 482,분양,미착공,도시지역,공업지역,민간
부산광역시,강서구,에코델타 첨단지식산업센터,지식산업센터,부산광역시,승인,,부산광역시 강서구,개별,[신설]승인,답,5213.00 ,7134.74 ,6712.45 ,422.29 ,,부산광역시 강서구 명지동 3021-3,,,도시지역,주거지역,공공
부산광역시,강서구,에코델타시티 반도 아이비플래닛,지식산업센터,주식회사 반도종합건설,승인,,부산광역시 강서구,개별,[분양공고안]승인,대,27749.00 ,166292.17 ,158386.52 ,7905.65 ,"부산광역시 강서구 에코1로 82, 8층 (명지동)",부산광역시 강서구 명지동 3159-10 8층,분양,,도시지역,공업지역,민간
부산광역시,강서구,부산청정도금센터,지식산업센터,한국산업단지공단,등록,명지녹산국가산업단지,한국산업단지공단 부산지역본부,국가산업단지,[완료신고],공장용지,16284.00 ,16358.70 ,13795.55 ,2563.15 ,"부산광역시 강서구 녹산산단382로14번가길 20 (송정동, 부산청정도금센터)",부산광역시 강서구 송정동 1735-2번지,분양,건축완료,도시지역,공업지역,공공
부산광역시,강서구,(재)부산테크노파크 POST-BI 동,지식산업센터,(재)부산테크노파크,승인,부산과학일반산업단지,부산경제진흥원,지방산업단지,[신설]승인,공장용지,31858.70 ,13353.00 ,12007.00 ,1346.00 ,부산광역시 강서구 과학산단1로60번길 31 (지사동),부산광역시 강서구 지사동 1276-0번지,임대,건축완료,도시지역,공업지역,공공
부산광역시,강서구,BAICA아파트형공장,지식산업센터,부산자동차부품공업협동조합,등록,부산과학일반산업단지,부산경제진흥원,지방산업단지,[변경완료신고],공장용지,1617.37 ,1405.12 ,875.34 ,529.78 ,"부산광역시 강서구 과학산단1로 31 (지사동, 자동차부품공장(아파트형공장))",부산광역시 강서구 지사동 1214-6번지,임대,건축완료,도시지역,공업지역,민간
부산광역시,강서구,LG CNS 부산글로벌클라우드 데이터센터,지식산업센터,(주)엘지씨엔에스,등록,부산미음일반산업단지,부산·진해경제자유구역청,지방산업단지,[완료신고],공장용지,12447.00 ,32531.32 ,32531.32 ,0.00 ,부산광역시 강서구 미음동 0번지 I31-2,부산광역시 강서구 미음동 0번지 I31-2,분양,건축완료,도시지역,공업지역,민간
부산광역시,강서구,LG CNS 부산글로벌클라우드 데이터센터,지식산업센터,(주)엘지씨엔에스,승인,부산미음일반산업단지,부산·진해경제자유구역청,지방산업단지,[신설]승인,공장용지,8118.00 ,20702.78 ,20132.78 ,570.00 ,부산광역시 강서구 미음동 0-0번지 미음지구 I 31블록 3롯트,부산광역시 강서구 미음동 0-0번지 미음지구 I 31블록 3롯트,임대,미착공,도시지역,공업지역,민간
부산광역시,강서구,LG CNS 부산글로벌클라우드 데이터센터,지식산업센터,(주)엘지씨엔에스,승인,부산미음일반산업단지,부산·진해경제자유구역청,지방산업단지,[신설]승인,공장용지,9718.00 ,24352.78 ,23732.78 ,620.00 ,부산광역시 강서구 미음동 0-0번지 미음지구 I 31블록 4롯트,부산광역시 강서구 미음동 0-0번지 미음지구 I 31블록 4롯트,임대,미착공,도시지역,공업지역,민간
부산광역시,강서구,LG CNS 부산글로벌클라우드 데이터센터,지식산업센터,(주)엘지씨엔에스,승인,부산미음일반산업단지,부산·진해경제자유구역청,지방산업단지,[신설]승인,공장용지,9320.00 ,23772.78 ,23147.78 ,625.00 ,부산광역시 강서구 미음동 0-0번지 미음지구 I 31블록 1롯트,부산광역시 강서구 미음동 0-0번지 미음지구 I 31블록 1롯트,임대,미착공,도시지역,공업지역,민간
부산광역시,강서구,부산시기계공업협동조,지식산업센터,부산시기계공업협동조,등록,부산강서화전일반산업단지,부산경제진흥원,지방산업단지,[완료신고],공장용지,6529.70 ,8241.15 ,6742.88 ,1498.27 ,부산광역시 강서구 화전산단6로 71 (화전동),부산광역시 강서구 화전동 598-17번지,분양,건축완료,관리지역,계획관리지역,공공
부산광역시,금정구,금강통신(주),지식산업센터,금강통신(주),등록,,부산광역시 금정구,개별,[완료신고],대,567.10 ,1171.24 ,1171.24 ,0.00 ,부산광역시 금정구 개좌로 266-19,부산광역시 금정구 회동동 556-7번지,,건축완료,도시지역,공업지역,민간
부산광역시,금정구,대신자산신탁 주식회사,지식산업센터,대신자산신탁 주식회사,승인,,부산광역시 금정구,개별,[분양공고안]승인,"공장용지, 공장용지",4315.50 ,35236.50 ,32124.50 ,3112.00 ,"부산광역시 금정구 공단로8번길 16(금사동, 동일산업사) 외 1필지",부산광역시 금정구 금사동 105-2 동일산업사 외 1필지,,건축중,도시지역,공업지역,민간
부산광역시,금정구,보림팩토피아,지식산업센터,금사협업화사업조합,등록,,부산광역시 금정구,개별,[완료신고],공장용지,3903.10 ,19660.57 ,13405.23 ,6255.34 ,부산광역시 금정구 공단동로41번길 10 (금사동),부산광역시 금정구 금사동 37-10번지,분양,건축완료,도시지역,공업지역,민간
부산광역시,금정구,신한자산신탁 주식회사,지식산업센터,신한자산신탁 주식회사,승인,,부산광역시 금정구,개별,[신설]승인,"대, 대, 대, 대",5558.60 ,45534.04 ,43937.56 ,1596.48 ,부산광역시 금정구 공단로8번길 11(금사동) 외 3필지,부산광역시 금정구 금사동 106-1 외 3필지,,미착공,도시지역,공업지역,민간
부산광역시,금정구,브이원타워,지식산업센터,(주)코리아벨로우즈,등록,회동.석대 도시첨단산업단지,부산경제진흥원,도시첨단산업단지,[변경완료신고],공장용지,3892.80 ,16304.16 ,11421.28 ,4882.88 ,부산광역시 금정구 개좌로 273-20 (회동동),부산광역시 금정구 회동동 552-1번지,분양,건축완료,도시지역,공업지역,민간
부산광역시,금정구,비젼테크,지식산업센터,(주)비젼테크,등록,회동.석대 도시첨단산업단지,부산경제진흥원,도시첨단산업단지,[완료신고],공장용지,6432.50 ,6591.09 ,5286.69 ,1304.40 ,부산광역시 금정구 개좌로 263 (회동동),부산광역시 금정구 회동동 555-4번지,임대,건축완료,도시지역,상업지역,민간
부산광역시,남구,BIFC II,지식산업센터,교보자산신탁 주식회사,승인,,부산광역시 남구,개별,[신설]승인,대,10293.80 ,146768.73 ,73527.44 ,73241.29 ,,부산광역시 남구 문현동 1226,분양/임대,건축중,도시지역,상업지역,민간
부산광역시,남구,감만동 지식산업센터,지식산업센터,주식회사 케이닉스,승인,,부산광역시 남구,개별,[신설]승인,대,10717.70 ,77550.24 ,73444.13 ,4106.11 ,부산광역시 남구 무민사로 7-14 (감만동),부산광역시 남구 감만동 511-38,,미착공,도시지역,공업지역,민간
부산광역시,남구,부산시범공단,지식산업센터,(주)경동건설,등록,,부산광역시 남구,개별,[완료신고],공장용지,6101.00 ,16203.00 ,14566.00 ,1637.00 ,"부산광역시 남구 용호로159번길 94 (용호동, .)",부산광역시 남구 용호동 377-3번지,분양,건축완료,도시지역,공업지역,민간
부산광역시,남구,우암부두 지식산업센터,지식산업센터,부산광역시,등록,,부산광역시 남구,개별,[변경완료신고],,0.00 ,9306.48 ,4370.72 ,4935.76 ,"부산광역시 남구 신선로 2, 우암부두 지식산업센터 (우암동)",부산광역시 남구 우암동 301 우암부두 지식산업센터,임대,건축완료,도시지역,공업지역,공공
부산광역시,동구,부산광역시 동구 범일동 지식산업센터,지식산업센터,한국투자부동산신탁 주식회사,승인,,부산광역시 동구,개별,[신설]승인,대,4010.70 ,68615.72 ,66428.78 ,2186.94 ,,"부산광역시 동구 범일동 330-1 외 5필지(330-208, 330-231, 330-244, 330-247, 330-249)",,미착공,도시지역,상업지역,민간
부산광역시,북구,(주)휴맥,지식산업센터,(주)휴맥,등록,,부산광역시 북구,개별,[완료신고],대,1832.00 ,2781.91 ,1968.95 ,812.96 ,"부산광역시 북구 와석장터로 64, (주)휴맥 (화명동)",부산광역시 북구 화명동 705번지 (주)휴맥,임대,건축완료,도시지역,주거지역,민간
부산광역시,북구,대영인더스빌,지식산업센터,(주)대가종합건설,승인,,부산광역시 북구,개별,[신설]승인,대,2000.10 ,5029.85 ,2272.95 ,2756.90 ,"부산광역시 북구 효열로 7 (금곡동, 대영인더스빌)",부산광역시 북구 금곡동 1116-6번지,분양,미착공,도시지역,주거지역,민간
부산광역시,북구,부산지식산업센터,지식산업센터,부산광역시,등록,,부산광역시 북구,개별,[완료신고],대,9900.00 ,16226.86 ,8894.08 ,7332.78 ,부산광역시 북구 효열로 111,부산광역시 북구 금곡동 812-8번지,임대,건축완료,도시지역,주거지역,공공
부산광역시,북구,금곡센트럴파크 A-1,지식산업센터,(주)금곡벤처밸리,승인,금곡도시첨단산업단지,부산광역시 북구,도시첨단산업단지,[신설]승인,대,5271.00 ,52312.32 ,42277.44 ,10034.87 ,,부산광역시 북구 금곡동 1053,,미착공,도시지역,주거지역,민간
부산광역시,북구,금곡센트럴파크 A-2,지식산업센터,(주)금곡벤처밸리,승인,금곡도시첨단산업단지,부산광역시 북구,도시첨단산업단지,[신설]승인,대,5271.00 ,47817.86 ,42990.21 ,4827.65 ,,부산광역시 북구 금곡동 1053,,,도시지역,주거지역,민간
부산광역시,북구,금곡센트럴파크 B-1,지식산업센터,(주)금곡벤처밸리,승인,금곡도시첨단산업단지,부산광역시 북구,도시첨단산업단지,[신설]승인,"대, 대, 대",0.00 ,0.00 ,0.00 ,0.00 ,,부산광역시 북구 금곡동 1053 외 2필지,,,도시지역,주거지역,민간
부산광역시,북구,금곡센트럴파크 B-2,지식산업센터,(주)금곡벤처밸리,승인,금곡도시첨단산업단지,부산광역시 북구,도시첨단산업단지,[신설]승인,"대, 대",18018.00 ,0.00 ,0.00 ,0.00 ,,부산광역시 북구 금곡동 1053 외 1필지,,,도시지역,주거지역,민간
부산광역시,사상구,점프타워 4차,지식산업센터,케이비부동산신탁(주),승인,,부산광역시 사상구,개별,[신설]승인,공장용지,12680.70 ,88345.41 ,38973.89 ,49371.52 ,부산광역시 사상구 학감대로221번길 26(감전동),부산광역시 사상구 감전동 156-1,분양,,도시지역,공업지역,민간
부산광역시,사상구,첨단신발융합허브센터,지식산업센터,부산광역시,등록,,(재)부산테크노파크,개별,[완료신고],공장용지,12674.50 ,20493.65 ,10293.16 ,10200.49 ,부산광역시 사상구 낙동대로943번길 235 (감전동),부산광역시 사상구 감전동 515-4번지,,건축완료,도시지역,공업지역,공공
부산광역시,사상구,하이퍼인부산,지식산업센터,케이비부동산신탁(주),승인,,부산광역시 사상구,개별,[신설]승인,공장용지,9931.90 ,82184.45 ,36792.77 ,45391.68 ,부산광역시 사상구 새벽시장로 100 (감전동),부산광역시 사상구 감전동 142-9,분양,,도시지역,공업지역,민간
부산광역시,사상구,한일제조공동물류 지식산업센터,지식산업센터,한일제조공동물류(주) 외 1,승인,,부산광역시 사상구,개별,[신설]승인,"공장용지, 공장용지",3685.00 ,14869.49 ,12464.53 ,2404.96 ,부산광역시 사상구 새벽시장로9번길 16(감전동) 외 1필지,부산광역시 사상구 감전동 127-27 외 1필지,분양,미착공,도시지역,공업지역,민간
부산광역시,사상구,부산벤처타워주식회사,지식산업센터,부산벤처타워주식회사,등록,부산모라도시첨단산업단지,부산경제진흥원,도시첨단산업단지,[완료신고],대,6473.90 ,55017.23 ,37654.81 ,17362.42 ,부산광역시 사상구 모라로 22,부산광역시 사상구 모라동 1375번지,분양,건축완료,도시지역,주거지역,민간
부산광역시,사상구,금양수소기술퀀텀센터,지식산업센터,(주)금양,등록,사상재생사업지구,부산경제진흥원,지방산업단지,[변경완료신고],공장용지,3515.90 ,13193.83 ,10474.61 ,2719.22 ,부산광역시 사상구 낙동대로960번길 77 (감전동),부산광역시 사상구 감전동 951-1,,건축완료,도시지역,공업지역,민간
부산광역시,사상구,점프 타워 3차,지식산업센터,점프사상주식회사,승인,사상재생사업지구,부산경제진흥원,지방산업단지,[신설]승인,"공장용지, 공장용지",9092.50 ,0.00 ,0.00 ,0.00 ,"부산광역시 사상구 학장로95번길 30(학장동, 후소산기(주)) 외 1필지",부산광역시 사상구 학장동 730-5 후소산기(주) 외 1필지,,,도시지역,공업지역,민간
부산광역시,사상구,주식회사 뉴그린시티 ,지식산업센터,주식회사 뉴그린시티 ,승인,사상재생사업지구,부산경제진흥원,지방산업단지,[신설]승인,공장용지,16578.80 ,114085.38 ,110653.02 ,3432.36 ,부산광역시 사상구 낙동대로970번길 69(감전동),부산광역시 사상구 감전동 950-1,,미착공,도시지역,공업지역,민간
부산광역시,사상구,주식회사 사상테크노밸리,지식산업센터,주식회사 사상테크노밸리,승인,사상재생사업지구,부산경제진흥원,지방산업단지,[신설]승인,공장용지,15645.60 ,103622.99 ,98378.60 ,5244.39 ,부산광역시 사상구 학장로63번길 24(학장동),부산광역시 사상구 학장동 750-1,,미착공,도시지역,공업지역,민간
부산광역시,사하구,리드원 부산 지식산업센터,지식산업센터,(주)태광에셋,승인,,부산광역시 사하구,개별,[신설]승인,공장용지,14123.00 ,118359.17 ,47789.01 ,70570.16 ,부산광역시 사하구 신산로 65(신평동),부산광역시 사하구 신평동 370-6,,,도시지역,공업지역,민간
부산광역시,사하구,미정,지식산업센터,KB부동산신탁(주),승인,,부산광역시 사하구,개별,[신설]승인,"공장용지, 공장용지, 공장용지, 공장용지, 공장용지, 공장용지, 공장용지, 공장용지, 공장용지",11646.39 ,93856.96 ,38433.57 ,55423.39 ,부산광역시 사하구 다대로 342(장림동) 외 8필지,부산광역시 사하구 장림동 488 외 8필지,,,도시지역,공업지역,민간
부산광역시,사하구,스카이더테라스 부산,지식산업센터,신한자산신탁주식회사,승인,,부산광역시 사하구,개별,[신설]승인,공장용지,4998.00 ,36292.99 ,16539.00 ,19753.99 ,부산광역시 사하구 장림번영로104번길 64(장림동),부산광역시 사하구 장림동 343-1,,,도시지역,공업지역,민간
부산광역시,사하구,에이스밀,지식산업센터,부산광역시도시개발공사,등록,,부산광역시 사하구,개별,[완료신고],공장용지,3306.00 ,9369.86 ,8251.36 ,1118.50 ,"부산광역시 사하구 하신중앙로27번길 17 (장림동, 에이스밀) (총 2 필지) 외 1필지",부산광역시 사하구 장림동 1146번지 외 1필지,임대,미착공,도시지역,공업지역,공공
부산광역시,사하구,제너럴디벨롭먼트(주),지식산업센터,제너럴디벨롭먼트(주),승인,,부산광역시 사하구,개별,[신설]승인,대,11911.00 ,55907.61 ,53141.41 ,2766.20 ,부산광역시 사하구 다대로83번길 110 외 3필지,부산광역시 사하구 구평동 19번지 외 3필지 외 3필지,,,도시지역,공업지역,민간
부산광역시,사하구,삼한골든게이트,지식산업센터,삼한주택,등록,서부산스마트밸리(기존단지),신평장림산업단지관리공단,지방산업단지,[변경완료신고],공장용지,1698.51 ,9705.14 ,9705.14 ,0.00 ,"부산광역시 사하구 신산북로 11 (신평동, 삼한골든게이트)",부산광역시 사하구 신평동 469-2번지,,미착공,관리지역,계획관리지역,민간
부산광역시,사하구,서부산 스마트 T 타워,지식산업센터,(주)하나자산신탁,승인,서부산스마트밸리(기존단지),신평장림산업단지관리공단,지방산업단지,[신설]승인,"공장용지, 공장용지, 공장용지, 공장용지",12889.40 ,112666.48 ,92773.71 ,19892.77 ,부산광역시 사하구 을숙도대로 601(신평동) 외 3필지,부산광역시 사하구 신평동 532 외 3필지,분양,건축중,도시지역,공업지역,민간
부산광역시,사하구,서부산SKV1,지식산업센터,우리자산신탁주식회사,승인,서부산스마트밸리(기존단지),신평장림산업단지관리공단,지방산업단지,[신설변경]승인,"공장용지, 공장용지",18532.40 ,165613.45 ,125583.65 ,40029.80 ,부산광역시 사하구 다대로170번길 71(신평동) 외 1필지,부산광역시 사하구 신평동 520 외 1필지,분양,건축중,도시지역,공업지역,민간
부산광역시,사하구,장림동 지식산업센터,지식산업센터,라이언홀딩스주식회사,승인,서부산스마트밸리(기존단지),신평장림산업단지관리공단,지방산업단지,[신설]승인,공장용지,5073.20 ,44413.70 ,42007.33 ,2406.37 ,부산광역시 사하구 을숙도대로 618(장림동),부산광역시 사하구 장림동 1034,,미착공,도시지역,공업지역,민간
부산광역시,사하구,점프신평주식회사,지식산업센터,케이비부동산신탁(주),승인,서부산스마트밸리(협업단지),한국산업단지공단 부산지역본부 사하사무소,지방산업단지,[신설]승인,공장용지,3325.90 ,24207.88 ,22424.17 ,1783.71 ,부산광역시 사하구 신산로29번길 51(신평동),부산광역시 사하구 신평동 648-2,분양/임대,미착공,도시지역,공업지역,민간
부산광역시,사하구,점프타워 사하,지식산업센터,케이비부동산신탁 주식회사,승인,서부산스마트밸리(기존단지),신평장림산업단지관리공단,지방산업단지,[신설]승인,"공장용지, 공장용지, 공장용지",9104.10 ,68946.65 ,64230.65 ,4716.00 ,부산광역시 사하구 을숙도대로569번길 40(신평동) 외 2필지,부산광역시 사하구 신평동 515 외 2필지,,미착공,도시지역,공업지역,민간
부산광역시,사하구,주식회사 루트54,지식산업센터,주식회사 루트 54,승인,서부산스마트밸리(협업단지),한국산업단지공단 부산지역본부 사하사무소,지방산업단지,[신설]승인,공장용지,4428.20 ,37682.34 ,35275.83 ,2406.51 ,부산광역시 사하구 신산로13번길 54 (신평동),부산광역시 사하구 신평동 648-1,분양,미착공,도시지역,공업지역,민간
부산광역시,사하구,펜타플렉스 메트로,지식산업센터,(주)하나자산신탁,승인,서부산스마트밸리(기존단지),신평장림산업단지관리공단,지방산업단지,[신설]승인,"공장용지, 공장용지",11427.40 ,96396.73 ,85051.53 ,11345.20 ,부산광역시 사하구 신산로 170(신평동) 외 1필지,부산광역시 사하구 신평동 546 외 1필지,분양,건축중,도시지역,공업지역,민간
부산광역시,사하구,펜타플렉스 부산,지식산업센터,케이비부동산신탁(주),등록,서부산스마트밸리(기존단지),신평장림산업단지관리공단,지방산업단지,[변경완료신고],공장용지,10035.60 ,86308.87 ,81970.29 ,4338.58 ,부산광역시 사하구 신산로 122(신평동),부산광역시 사하구 신평동 493,분양,건축중,도시지역,공업지역,민간
부산광역시,서구,수산가공선진화단지,지식산업센터,부산광역시국제수산물유통시설관리사업소,등록,,부산광역시 서구,개별,[완료신고],대,52344.80 ,54479.82 ,48390.60 ,6089.22 ,"부산광역시 서구 원양로 1, 수산가공선진화단지 (암남동)",부산광역시 서구 암남동 704-13번지 수산가공선진화단지,임대,건축완료,도시지역,공업지역,공공
부산광역시,해운대구,센텀 아트리온 지식산업센터,지식산업센터,주식회사 아트리온,승인,,부산광역시 해운대구,개별,[신설]승인,"대, 대, 대, 대, 대, 대, 대, 대",2045.60 ,15771.25 ,14423.90 ,1347.35 ,"부산광역시 해운대구 해운대로 147(재송동, 이데아호텔) 외 7필지",부산광역시 해운대구 재송동 1095-2 이데아호텔 외 7필지,,,도시지역,상업지역,민간
부산광역시,해운대구,아이티타워,지식산업센터,(주)오트로닉,등록,회동.석대 도시첨단산업단지,부산경제진흥원,도시첨단산업단지,[완료신고],공장용지,1638.10 ,7266.24 ,5660.26 ,1605.98 ,부산광역시 해운대구 반송로525번길 25 (석대동),부산광역시 해운대구 석대동 634번지,분양,건축완료,도시지역,공업지역,민간
부산광역시,해운대구,테크노타워,지식산업센터,(주)테크노에프에스,등록,회동.석대 도시첨단산업단지,부산경제진흥원,도시첨단산업단지,[완료신고],공장용지,1664.30 ,6806.64 ,4085.63 ,2721.01 ,"부산광역시 해운대구 반송로513번길 66-47 (석대동, 석대동 6170000 공장 ((주)테크노에스에스))",부산광역시 해운대구 석대동 617번지 석대동 6170000 공장 ((주)테크노에스에스),분양,건축완료,도시지역,공업지역,민간
부산광역시,해운대구,(주)웹스,지식산업센터,"(주)웹스, (주)웹스에이치엠",등록,부산센텀시티일반산업단지,부산경제진흥원,지방산업단지,[변경완료신고],공장용지,6487.19 ,5442.80 ,4677.57 ,765.23 ,부산광역시 해운대구 센텀동로 45 (우동),부산광역시 해운대구 우동 1476번지,임대,건축완료,도시지역,상업지역,민간
부산광역시,해운대구,KNN타워,지식산업센터,(주)KNN,등록,부산센텀시티일반산업단지,부산경제진흥원,지방산업단지,[완료신고],"공장용지, 공장용지",10009.30 ,82008.02 ,35660.54 ,46347.48 ,부산광역시 해운대구 센텀서로 30 외 1필지,부산광역시 해운대구 우동 1468 번지 외 1필지,분양/임대,건축완료,도시지역,상업지역,민간
부산광역시,해운대구,벽산e-센텀클래스원,지식산업센터,(주)맥서러씨,등록,부산센텀시티일반산업단지,부산경제진흥원,지방산업단지,[완료신고],공장용지,8156.80 ,55637.23 ,29451.67 ,26185.56 ,"부산광역시 해운대구 센텀동로 99,  벽산 e-센텀클래스원 (재송동)",부산광역시 해운대구 재송동  1210번지,분양,건축완료,도시지역,상업지역,민간
부산광역시,해운대구,벽산e-센텀클래스원2차,지식산업센터,(주)맥서러씨,등록,부산센텀시티일반산업단지,부산경제진흥원,지방산업단지,[변경완료신고],대,3919.80 ,27259.83 ,13865.10 ,13394.73 ,"부산광역시 해운대구 센텀동로 71, 벽산eⅡ클래스원 (우동)",부산광역시 해운대구 우동 1454번지 벽산eⅡ클래스원,분양,건축완료,도시지역,상업지역,민간
부산광역시,해운대구,센텀SH밸리,지식산업센터,(주)삼희테크,등록,부산센텀시티일반산업단지,부산경제진흥원,지방산업단지,[변경완료신고],대,2162.50 ,13715.81 ,7931.99 ,5783.82 ,"부산광역시 해운대구 센텀동로 35 (우동, 센텀SH밸리)",부산광역시 해운대구 우동  1474번지,분양,건축완료,도시지역,상업지역,민간
부산광역시,해운대구,센텀T타워,지식산업센터,(주)패앤제이컨설팅,등록,부산센텀시티일반산업단지,부산경제진흥원,지방산업단지,[완료신고],공장용지,2585.80 ,18517.88 ,8661.40 ,9856.48 ,부산광역시 해운대구 센텀중앙로 66 (우동) 센텀 T 타워,부산광역시 해운대구 우동 1460-0 센텀 T 타워,분양,건축완료,도시지역,상업지역,민간
부산광역시,해운대구,센텀그린타워,지식산업센터,(주)금양통신,등록,부산센텀시티일반산업단지,부산경제진흥원,지방산업단지,[완료신고],공장용지,0.00 ,35677.88 ,17046.26 ,18631.62 ,"부산광역시 해운대구 센텀중앙로 78 (우동, 센텀그린타워(CENTUM GREEN TOWER))",부산광역시 해운대구 우동  1462번지,분양,건축완료,도시지역,상업지역,민간
부산광역시,해운대구,센텀사이언스파크,지식산업센터,센텀사이언스파크 주식회사,등록,부산센텀시티일반산업단지,부산경제진흥원,지방산업단지,[완료신고],공장용지,6342.50 ,45144.09 ,21370.39 ,23773.70 ,"부산광역시 해운대구 센텀중앙로 79 (우동, 센텀사이언스파크)",부산광역시 해운대구 우동  1463-1번지,임대,건축완료,도시지역,공업지역,민간
부산광역시,해운대구,센텀스카이비즈,지식산업센터,"아이에스동서(주),(주)윈스틸",등록,부산센텀시티일반산업단지,부산경제진흥원,지방산업단지,[완료신고],공장용지,13225.20 ,118290.80 ,60817.92 ,57472.88 ,부산광역시 해운대구 센텀중앙로 97 (재송동),부산광역시 해운대구 재송동 1208-2번지,분양/임대,건축완료,도시지역,상업지역,민간
부산광역시,해운대구,센텀아이에스타워,지식산업센터,(주)아이에스건설,등록,부산센텀시티일반산업단지,부산경제진흥원,지방산업단지,[변경완료신고],대,4883.00 ,68792.97 ,38817.76 ,29975.21 ,"부산광역시 해운대구 센텀북대로 60,  외 2필지 (재송동)",부산광역시 해운대구 재송동  1209번지,분양,건축완료,도시지역,상업지역,민간
부산광역시,해운대구,에이스하이테크21,지식산업센터,에이스종합건설주식회사,등록,부산센텀시티일반산업단지,부산경제진흥원,지방산업단지,[완료신고],대,4785.70 ,58512.21 ,35549.48 ,22962.73 ,"부산광역시 해운대구 센텀중앙로 48,  에이스하이테크21 (우동)",부산광역시 해운대구 우동  1470번지,분양,건축완료,도시지역,상업지역,민간
부산광역시,해운대구,엔에스엔,지식산업센터,(합)서전텔콤,등록,부산센텀시티일반산업단지,부산경제진흥원,지방산업단지,[완료신고],공장용지,2646.50 ,6831.42 ,4516.28 ,2315.14 ,부산광역시 해운대구 센텀5로 41(우동),부산광역시 해운대구 우동 1473,임대,건축완료,도시지역,상업지역,민간
부산광역시,해운대구,인텔리움센텀,지식산업센터,(주)에스비티,등록,부산센텀시티일반산업단지,부산경제진흥원,지방산업단지,[변경완료신고],대,2111.90 ,14963.44 ,7967.84 ,6995.60 ,"부산광역시 해운대구 센텀6로 21,  인텔리움센텀 (우동)",부산광역시 해운대구 우동 1458번지 인텔리움센텀,분양,건축완료,도시지역,상업지역,민간
부산광역시,해운대구,체크독미디어(주),지식산업센터,체크독미디어(주),등록,부산센텀시티일반산업단지,부산경제진흥원,지방산업단지,[변경완료신고],공장용지,1083.90 ,2616.09 ,2308.12 ,307.97 ,부산광역시 해운대구 센텀동로 51 (우동),부산광역시 해운대구 우동 1478번지,임대,건축완료,도시지역,상업지역,민간
부산광역시,해운대구,큐비e센텀,지식산업센터,태광실업(주),등록,부산센텀시티일반산업단지,부산경제진흥원,지방산업단지,[완료신고],대,8263.00 ,59191.60 ,29385.22 ,29806.38 ,부산광역시 해운대구 센텀중앙로 90 (재송동),부산광역시 해운대구 재송동  1212번지,분양,건축완료,도시지역,상업지역,민간
부산광역시,해운대구,퍼스트인센텀,지식산업센터,(주)제이더블유스워드,등록,부산센텀시티일반산업단지,부산경제진흥원,지방산업단지,[완료신고],공장용지,1651.50 ,9952.53 ,5656.25 ,4296.28 ,"부산광역시 해운대구 센텀중앙로 60,  퍼스트인센텀 (우동)",부산광역시 해운대구 우동 1459 번지 퍼스트인센텀,분양,건축완료,도시지역,상업지역,민간
서울특별시,강남구,강남 에이스타워,지식산업센터,주식회사 정진뉴어반,등록,,서울특별시 강남구,개별,[완료신고],대,5708.60 ,35523.09 ,33012.89 ,2510.20 ,서울특별시 강남구 자곡로 174-10,서울특별시 강남구 자곡동 649번지,분양/임대,건축완료,도시지역,주거지역,민간
서울특별시,강남구,케이투코리아 주식회사,지식산업센터,케이투코리아 주식회사,등록,,서울특별시 강남구,개별,[완료신고],대,5750.80 ,38931.27 ,33451.51 ,5479.76 ,서울특별시 강남구 자곡로 174-14,서울특별시 강남구 자곡동 648번지,,건축완료,도시지역,주거지역,민간
서울특별시,강남구,풍림 엑슬루프라임,지식산업센터,엔티산업 주식회사,승인,,서울특별시 강남구,개별,[신설변경]승인,대,5903.60 ,43114.59 ,30236.56 ,12878.03 ,서울특별시 강남구 자곡동 650번지,서울특별시 강남구 자곡동 650번지,분양,건축완료,도시지역,주거지역,민간
서울특별시,강동구,NICE그룹 지식산업센터,지식산업센터,"(주)NICE홀딩스, (주)NICE신용평가정보",등록,,서울특별시 강동구,개별,[완료신고],대,1833.00 ,13117.83 ,7312.44 ,5805.39 ,서울특별시 강동구 상일동 377번지,서울특별시 강동구 상일동 377번지,,건축완료,도시지역,주거지역,민간
서울특별시,강동구,강동U1센터,지식산업센터, ㈜강동식스피에프브이 ,등록,,서울특별시 강동구,개별,[완료신고],잡종지,10195.00 ,68785.88 ,51660.83 ,17125.05 ,,서울특별시 강동구 고덕동 343-2,분양,건축완료,도시지역,주거지역,민간
서울특별시,강동구,세종지식산업센터,지식산업센터,주식회사 세종텔레콤,등록,,서울특별시 강동구,개별,[완료신고],잡종지,3424.00 ,0.00 ,0.00 ,0.00 ,"서울특별시 강동구 상일로10길 36, 강일2택지개발사업지구내 도시지원시설용지3-④,3-⑤ (상일동)",서울특별시 강동구 상일동 373-1번지,분양,건축완료,도시지역,주거지역,민간
서울특별시,강북구,강북유니온빌딩,지식산업센터,중소기업진흥공단,등록,,서울특별시 강북구,개별,[완료신고],대,2150.00 ,8462.72 ,3815.82 ,4646.90 ,서울특별시 강북구 번제3동 239번지 강북유니온빌딩,서울특별시 강북구 번제3동 239번지 강북유니온빌딩,분양,건축완료,도시지역,주거지역,공공
서울특별시,강북구,강북전자공단,지식산업센터,중소기업진흥공단,등록,,서울특별시 강북구,개별,[완료신고],대,2150.00 ,8416.19 ,3541.65 ,4874.54 ,"서울특별시 강북구 덕릉로40길 74 (번동, 영구임대주택지구내)",서울특별시 강북구 번동 229-10번지,분양,건축완료,도시지역,주거지역,공공
서울특별시,강서구,NH서울축산농협 NH서울타워,지식산업센터,서울축산업협동조합,등록,,서울특별시 강서구,개별,[완료신고],대,7611.20 ,61315.86 ,44899.63 ,16416.23 ,"서울특별시 강서구 양천로 570 (등촌동, NH서울축산농협 NH서울타워)",서울특별시 강서구 등촌동 631-5 NH서울축산농협 NH서울타워,임대,건축완료,도시지역,공업지역,민간
서울특별시,강서구,가양동 449-19 지식산업센터,지식산업센터,케이스퀘어그랜드강서피에프브이 주식회사,승인,,서울특별시 강서구,개별,[신설]승인,대,22871.30 ,192006.14 ,137990.49 ,54015.65 ,서울특별시 강서구 양천로 559(가양동),서울특별시 강서구 가양동 449-19,,,도시지역,공업지역,민간
서울특별시,강서구,가양동 63-1 일원 지식산업센터,지식산업센터,인창개발(주),승인,,서울특별시 강서구,개별,[신설]승인,공장용지,45209.00 ,352260.19 ,293363.96 ,58896.23 ,,서울특별시 강서구 가양동 63-1 일원,분양,미착공,도시지역,공업지역,민간
서울특별시,강서구,가양동 92-1 일원 지식산업센터,지식산업센터,인창개발(주),승인,,서울특별시 강서구,개별,[신설]승인,"공장용지, 공장용지",27983.00 ,203662.36 ,163376.32 ,40286.04 ,"서울특별시 강서구 양천로 373(가양동, 제일제당) 외 1필지",서울특별시 강서구 가양동 92-1 제일제당 외 1필지,분양,미착공,도시지역,공업지역,민간
서울특별시,강서구,가양역 더리브 아너비즈타워,지식산업센터,신한자산신탁 주식회사,등록,,서울특별시 강서구,개별,[완료신고],"대, 대, 대, 대",3190.30 ,31585.02 ,27969.82 ,3615.20 ,서울특별시 강서구 양천로 532  (등촌동) 외 3필지,서울특별시 강서구 등촌동 629-1 외 3필지,분양,건축완료,도시지역,공업지역,민간
서울특별시,강서구,가양역 더스카이밸리 5차,지식산업센터,우리자산신탁 주식회사,등록,,서울특별시 강서구,개별,[완료신고],대,5591.00 ,45233.13 ,31792.28 ,13440.85 ,서울특별시 강서구 화곡로 416 (등촌동),서울특별시 강서구 등촌동 628-9번지,분양,건축완료,도시지역,공업지역,민간
서울특별시,강서구,가양역데시앙플렉스,지식산업센터,케이비부동산신탁 주식회사,등록,,서울특별시 강서구,개별,[완료신고],"대, 대",5238.00 ,46776.39 ,39571.49 ,7204.90 ,"서울특별시 강서구 양천로 424 (등촌동, 가양역 데시앙플렉스 지식산업센터) 외 1필지",서울특별시 강서구 등촌동 14-7 가양역 데시앙플렉스 지식산업센터 외 1필지,분양,건축완료,도시지역,공업지역,민간
서울특별시,강서구,가양테크노타운,지식산업센터,도시개발공사,등록,,서울특별시 강서구,개별,[완료신고],대,11430.00 ,47350.24 ,43613.24 ,3737.00 ,"서울특별시 강서구 허준로 217 (가양동, 가양테크노타운)",서울특별시 강서구 가양제3동 1487번지,분양,건축완료,도시지역,주거지역,공공
서울특별시,강서구,강서 한화비즈메트로 이차,지식산업센터,(주)코람코자산신탁,등록,,서울특별시 강서구,개별,[변경완료신고],대,4081.80 ,29029.30 ,27771.50 ,1257.80 ,서울특별시 강서구 양천로 551-24 (가양동),서울특별시 강서구 가양동 449-21번지,분양,건축완료,도시지역,공업지역,민간
서울특별시,강서구,강서 한화비즈메트로 일차,지식산업센터,(주)코람코자산신탁,등록,,서울특별시 강서구,개별,[변경완료신고],대,6365.90 ,45788.42 ,41468.04 ,4320.38 ,"서울특별시 강서구 양천로 551-17, 외 2필지 (가양동)",서울특별시 강서구 가양동 449-4번지 외 2필지,분양,건축완료,도시지역,공업지역,민간
서울특별시,강서구,강서IT밸리,지식산업센터,(주)코빅코리아,등록,,서울특별시 강서구,개별,[변경완료신고],대,3321.20 ,23728.45 ,17935.80 ,5792.65 ,"서울특별시 강서구 화곡로68길 82, 강서IT밸리 (등촌동)",서울특별시 강서구 등촌동 638-3번지,분양,건축완료,도시지역,공업지역,민간
서울특별시,강서구,강서한강자이타워,지식산업센터,(주)무궁화신탁,등록,,서울특별시 강서구,개별,[완료신고],공장용지,21719.80 ,99597.41 ,75253.79 ,24343.62 ,"서울특별시 강서구 양천로 401 (가양동, 강서한강자이타워)",서울특별시 강서구 가양동 1498번지 강서한강자이타워,분양,건축완료,도시지역,공업지역,민간
서울특별시,강서구,놀라움마곡 지식산업센터,지식산업센터,롯데건설 주식회사,등록,,서울특별시 강서구,개별,[완료신고],대,3432.00 ,30710.23 ,28461.15 ,2249.08 ,서울특별시 강서구 양천로47길 40 (마곡동),서울특별시 강서구 마곡동 9번지,분양,건축완료,도시지역,공업지역,민간
서울특별시,강서구,더 리브 골드타워,지식산업센터,아시아신탁 주식회사,등록,,서울특별시 강서구,개별,[완료신고],,0.00 ,35780.50 ,29793.25 ,5987.25 ,"서울특별시 강서구 양천로 400-12(등촌동, 더리브골드타워)",서울특별시 강서구 등촌동 849 더리브골드타워,분양,건축완료,도시지역,공업지역,민간
서울특별시,강서구,등촌동629-7외 2필지 지식산업센터,지식산업센터,(주)와이에이치디앤씨,승인,,서울특별시 강서구,개별,[신설]승인,대,10434.10 ,99598.98 ,91955.01 ,7643.97 ,서울특별시 강서구 공항대로45길 92(등촌동),서울특별시 강서구 등촌동 629-7,분양,미착공,도시지역,공업지역,민간
서울특별시,강서구,등촌역 AK밸리,지식산업센터,한국자산신탁 주식회사,승인,,서울특별시 강서구,개별,[분양공고안]승인,대,2046.70 ,15793.73 ,14935.07 ,858.66 ,"서울특별시 강서구 공항대로59다길 101(염창동, 하늘바람빌딩)",서울특별시 강서구 염창동 267-22 하늘바람빌딩,분양,건축중,도시지역,공업지역,민간
서울특별시,강서구,마스터밸류에이스 지식산업센터,지식산업센터,주식회사 하나자산신탁,등록,,서울특별시 강서구,개별,[완료신고],공장용지,3404.20 ,24200000.00 ,24200000.00 ,6422.19 ,서울특별시 강서구 양천로 547  (가양동),서울특별시 강서구 가양동 449-12 동 층 호,분양,건축완료,도시지역,공업지역,민간
서울특별시,강서구,비젼타워,지식산업센터,도시개발공사,등록,,서울특별시 강서구,개별,[변경완료신고],대,3305.80 ,9481.40 ,9115.98 ,365.42 ,"서울특별시 강서구 양천로57길 26(가양동, 가양아파트형공장)",서울특별시 강서구 가양동 1481-4 가양아파트형공장,분양,건축완료,도시지역,주거지역,공공
서울특별시,강서구,아벨테크노,지식산업센터,(주)생보부동산신탁,승인,,서울특별시 강서구,개별,[]승인,"대, 대",4245.10 ,29927.49 ,25606.34 ,4321.15 ,서울특별시 강서구 화곡로68길 15 (등촌동) 외 1필지,서울특별시 강서구 등촌동 628-7번지 외 1필지,분양,건축완료,도시지역,공업지역,민간
서울특별시,강서구,아벨테크노,지식산업센터,(주)생보부동산신탁,승인,,서울특별시 강서구,개별,[]승인,"대, 대",4245.10 ,29927.49 ,25606.34 ,4321.15 ,서울특별시 강서구 화곡로68길 15 (등촌동) 외 1필지,서울특별시 강서구 등촌동 628-7번지 외 1필지,분양,건축완료,도시지역,공업지역,민간
서울특별시,강서구,아벨테크노,지식산업센터, (주)생보부동산신탁 ,등록,,서울특별시 강서구,개별,[완료신고],"대, 대",4245.10 ,29927.49 ,25606.34 ,4321.15 ,서울특별시 강서구 화곡로68길 15 (등촌동) 외 1필지,서울특별시 강서구 등촌동 628-7번지 외 1필지,분양,건축완료,도시지역,공업지역,민간
서울특별시,강서구,에이스테크노타워,지식산업센터,에이스종합건설,등록,,서울특별시 강서구,개별,[완료신고],공장용지,2285.50 ,17901.13 ,16726.13 ,1175.00 ,서울특별시 강서구 강서로 468 (등촌동),서울특별시 강서구 등촌동 684-1번지,분양,건축완료,도시지역,주거지역,민간
서울특별시,강서구,우리벤처타운,지식산업센터,우리종합건설,등록,,서울특별시 강서구,개별,[완료신고],대,2474.70 ,18575.41 ,11154.41 ,7421.00 ,"서울특별시 강서구 강서로 466 (등촌동, 우리벤처타운)",서울특별시 강서구 등촌동 684-2번지,분양,건축완료,도시지역,주거지역,민간
서울특별시,강서구,우림블루나인비즈니스센터,지식산업센터,(주)킴스디앤아이,등록,,서울특별시 강서구,개별,[완료신고],대,19865.40 ,132407.00 ,107679.21 ,24727.79 ,"서울특별시 강서구 양천로 583, 번지외 1필지 (염창동)",서울특별시 강서구 염창동 240-21번지 번지외 1필지,분양,미착공,도시지역,공업지역,민간
서울특별시,강서구,한강G트리타워,지식산업센터,주식회사 하나자산신탁,등록,,서울특별시 강서구,개별,[완료신고],대,1609.10 ,12400.47 ,8753.51 ,3646.96 ,서울특별시 강서구 양천로 738 (염창동),서울특별시 강서구 염창동 261-4번지,분양,건축완료,도시지역,공업지역,민간
서울특별시,강서구,마곡보타닉게이트,지식산업센터,(주)한국토지신탁,등록,서울마곡일반산업단지,재단법인서울경제진흥원,지방산업단지,[완료신고],대,5897.30 ,37736.84 ,30191.96 ,7544.88 ,서울특별시 강서구 마곡동로 166  (마곡동),서울특별시 강서구 마곡동 779 동 층 호,,,도시지역,공업지역,민간
서울특별시,강서구,"산업시설구역 D13BL(D13-1,D13-2)",지식산업센터,신한자산신탁(주),승인,서울마곡일반산업단지,재단법인서울경제진흥원,지방산업단지,[신설변경]승인,대,15006.40 ,99982.27 ,80136.27 ,19846.00 ,,"서울특별시 강서구 마곡동 779-1 산업시설구역 D13-1, 13-2",,,도시지역,공업지역,민간
서울특별시,강서구,산업시설구역 D18-A(마곡 아이파크 디 어반),지식산업센터,신한자산신탁(주),등록,서울마곡일반산업단지,재단법인서울경제진흥원,지방산업단지,[완료신고],대,10086.00 ,72175.31 ,58280.35 ,13894.97 ,"서울특별시 강서구 마곡중앙8로7길 57(마곡동, 마곡 아이파크 디어반)",서울특별시 강서구 마곡동 783 마곡 아이파크 디어반,,,도시지역,공업지역,민간
서울특별시,강서구,"산업시설구역 D18-B(18-3,4,7,8)",지식산업센터,신한자산신탁(주),승인,서울마곡일반산업단지,재단법인서울경제진흥원,지방산업단지,[신설변경]승인,대,11679.00 ,76025.06 ,60950.47 ,15074.59 ,,"서울특별시 강서구 마곡동 783-2 산업시설구역 D18-B(18-3,4,7,8)",,,도시지역,공업지역,민간
서울특별시,관악구,산타플러스,지식산업센터,산타플러스,등록,,서울특별시 관악구,개별,[완료신고],공장용지,891.10 ,3602.19 ,1950.31 ,1651.88 ,서울특별시 관악구 난곡로 60 (신림동),서울특별시 관악구 신림동 1735-7번지,분양,건축완료,도시지역,주거지역,민간
서울특별시,구로구,STX W-타워,지식산업센터,(주)엘에이엠산업개발,등록,,서울특별시 구로구,개별,[완료신고],대,7384.00 ,55745.41 ,52063.98 ,3681.43 ,"서울특별시 구로구 경인로53길 90 (구로동, 기아자동차학원) (총 2 필지)",서울특별시 구로구 구로동 615-1번지,,건축완료,도시지역,공업지역,민간
서울특별시,구로구,개봉디스페이스,지식산업센터,주식회사 하나자산신탁,승인,,서울특별시 구로구,개별,[신설]승인,대,1986.00 ,16511.73 ,15979.58 ,532.15 ,,서울특별시 구로구 개봉동 144-5,,건축중,도시지역,공업지역,민간
서울특별시,구로구,고려중앙학원,지식산업센터,학교법인 고려중앙학원,승인,,서울특별시 구로구,개별,[신설]승인,대,4446.41 ,4446.41 ,3121.01 ,1325.40 ,"서울특별시 구로구 디지털로 226(가리봉동, 디지털로 크림슨빌딩)",서울특별시 구로구 가리봉동 135-6 디지털로 크림슨빌딩,임대,건축중,도시지역,공업지역,민간
서울특별시,구로구,구로 SK V1 center,지식산업센터,에스케이에코플랜트주식회사,등록,,서울특별시 구로구,개별,[완료신고],,8317.00 ,0.00 ,0.00 ,0.00 ,서울특별시 구로구 부광로 88(항동),서울특별시 구로구 항동 산51-1,분양,건축완료,도시지역,주거지역,민간
서울특별시,구로구,구로대명밸리온 지식산업센터,지식산업센터,케이비부동산신탁(주),등록,,서울특별시 구로구,개별,[완료신고],공장용지,4346.00 ,38461.52 ,34350.67 ,4110.85 ,서울특별시 구로구 경인로53가길 10 (구로동),서울특별시 구로구 구로동 614-50번지,분양,건축완료,도시지역,공업지역,민간
서울특별시,구로구,구로에이스캠프,지식산업센터,주식회사 하나자산신탁,등록,,서울특별시 구로구,개별,[완료신고],전,12230.00 ,87021.54 ,71633.64 ,15387.90 ,서울특별시 구로구 부광로 96-5(항동),서울특별시 구로구 항동 206-1,분양,건축완료,도시지역,주거지역,민간
서울특별시,구로구,그린빌딩지식산업센터,지식산업센터,(주)한국종합공해시험연구소,등록,,서울특별시 구로구,개별,[완료신고],대,850.00 ,2279.37 ,2237.25 ,42.12 ,서울특별시 구로구 경인로53나길 23 (구로동),서울특별시 구로구 구로동 614-53,임대,건축완료,도시지역,공업지역,민간
서울특별시,구로구,대륭포스트타워9차,지식산업센터,피아이에이구로역피에브프이 주식회사,승인,,서울특별시 구로구,개별,[신설]승인,대,18089.00 ,121270.40 ,104134.44 ,17135.96 ,,서울특별시 구로구 구로동 584-12,분양,,도시지역,주거지역,민간
서울특별시,구로구,미래에코타워 지식산업센터,지식산업센터,케이비부동산신탁(주),등록,,서울특별시 구로구,개별,[완료신고],대,2666.00 ,10287.69 ,8313.16 ,1974.53 ,서울특별시 구로구 경인로53길 32(구로동),서울특별시 구로구 구로동 609-7,,건축완료,도시지역,공업지역,민간
서울특별시,구로구,미정(고척동 77외),지식산업센터,신영부동산신탁회사,승인,,서울특별시 구로구,개별,[신설]승인,"대, 대",3507.00 ,18200.72 ,17668.57 ,532.15 ,서울특별시 구로구 중앙로6길 16 (고척동) 외 1필지,서울특별시 구로구 고척동 78-2 외 1필지,,,도시지역,공업지역,민간
서울특별시,구로구,미정(고척동76-23외 11필지),지식산업센터,신한자산신탁 주식회사,승인,,서울특별시 구로구,개별,[신설]승인,잡종지,592.00 ,38543.74 ,30063.21 ,8480.53 ,서울특별시 구로구 중앙로 19 (고척동),서울특별시 구로구 고척동 76-23,,,도시지역,공업지역,민간
서울특별시,구로구,미정(하이엔드타워구차),지식산업센터,하이앤드타워구차(유),승인,,서울특별시 구로구,개별,[신설]승인,대,4196.00 ,17011.45 ,16679.26 ,332.19 ,,서울특별시 구로구 구로동 614-2,,미착공,도시지역,공업지역,민간
서울특별시,구로구,생각공장,지식산업센터,에스케이디앤디(주),승인,,서울특별시 구로구,개별,[신설]승인,대,16027.00 ,64391.00 ,47133.00 ,17258.00 ,,서울특별시 구로구 구로동 636-89,분양,건축중,도시지역,공업지역,민간
서울특별시,구로구,오브코스 구로,지식산업센터,마스턴제166호구로피에프브이 주식회사 ,승인,,서울특별시 구로구,개별,[신설]승인,대,6784.00 ,60182.00 ,58160.21 ,2021.79 ,서울특별시 구로구 구일로 144,서울특별시 구로구 구로동 646-6,,건축중,도시지역,공업지역,민간
서울특별시,구로구,천강,지식산업센터,(주)천강종합건설,등록,,서울특별시 구로구,개별,[완료신고],,0.00 ,0.00 ,0.00 ,0.00 ,"서울특별시 구로구 구로중앙로 218 (신도림동, 천강아파트형공장)",서울특별시 구로구 신도림동 402-3번지,,건축완료,,,민간
서울특별시,구로구,파트너스타워2차,지식산업센터,(주)케이알제2호개발전문위탁관리부동산투자회사,등록,,서울특별시 구로구,개별,[완료신고],"대, 대",0.00 ,18659.55 ,13160.85 ,5498.70 ,"서울특별시 구로구 디지털로32가길 16, 파트너스타워2차 (구로동) 외 1필지",서울특별시 구로구 구로동 1128-3번지 파트너스타워2차 외 1필지,분양,건축완료,도시지역,공업지역,민간
서울특별시,구로구,하이큐브 구로,지식산업센터,아시아신탁주식회사,승인,,서울특별시 구로구,개별,[신설]승인,대,27768.97 ,27768.97 ,25433.58 ,2335.39 ,,서울특별시 구로구 고척동 85-15,분양,건축중,도시지역,공업지역,민간
서울특별시,구로구,한영IT,지식산업센터,신한자산신탁 주식회사,등록,,서울특별시 구로구,개별,[완료신고],대,2534.00 ,8665.85 ,8156.00 ,509.85 ,,서울특별시 구로구 구로동 609-9,분양,건축완료,도시지역,공업지역,민간
서울특별시,구로구,해든산업개발,지식산업센터,해든산업개발,승인,,서울특별시 구로구,개별,[신설]승인,"대, 대, 대, 대",4313.00 ,38023.73 ,37122.73 ,901.00 ,"서울특별시 구로구 경인로53나길 19 (구로동, 삼영지이티) 외 3필지",서울특별시 구로구 구로동 614-50번지 삼영지이티 외 3필지,,,도시지역,공업지역,민간
서울특별시,구로구,HR2071,지식산업센터,(주)조인스에이치알,등록,서울디지털국가산업단지,한국산업단지공단 서울지역본부,국가산업단지,[완료신고],공장용지,628.00 ,1685.40 ,1311.88 ,373.52 ,"서울특별시 구로구 디지털로31길 59-14(구로동, HR2071)",서울특별시 구로구 구로동 197-39 HR2071,임대,건축완료,도시지역,공업지역,민간
서울특별시,구로구,JNK디지털타워,지식산업센터,케이비부동산신탁(주),등록,서울디지털국가산업단지,한국산업단지공단 서울지역본부,국가산업단지,[완료신고],공장용지,7898.00 ,56903.87 ,45625.78 ,11278.08 ,"서울특별시 구로구 디지털로26길 111 (구로동, JNK디지털타워)",서울특별시 구로구 구로동 222-3번지,,건축완료,도시지역,공업지역,민간
서울특별시,구로구,NHN KCP,지식산업센터,엔에이치엔케이씨피(주),등록,서울디지털국가산업단지,한국산업단지공단 서울지역본부,국가산업단지,[변경완료신고],공장용지,2975.00 ,14831.02 ,13430.19 ,1400.83 ,"서울특별시 구로구 디지털로26길 72 (구로동, NHN KCP)",서울특별시 구로구 구로동 222-22 NHN KCP,분양,건축완료,도시지역,공업지역,민간
서울특별시,구로구,TP타워,지식산업센터,티피(주),등록,서울디지털국가산업단지,한국산업단지공단 서울지역본부,국가산업단지,[변경완료신고],공장용지,6320.00 ,46549.73 ,35373.19 ,11176.54 ,"서울특별시 구로구 디지털로31길 12 (구로동, TP타워)",서울특별시 구로구 구로동 197-21 TP타워,임대,건축완료,도시지역,공업지역,민간
서울특별시,구로구,대륭포스트타워1차,지식산업센터,대륭포스트1차 입주자대표운영위원회,등록,서울디지털국가산업단지,한국산업단지공단 서울지역본부,국가산업단지,[변경완료신고],공장용지,12820.00 ,93504.75 ,74906.25 ,18598.50 ,"서울특별시 구로구 디지털로 288 (구로동, 대륭포스트타워1)",서울특별시 구로구 구로동 212-8번지,분양,건축완료,도시지역,공업지역,민간
서울특별시,구로구,대륭포스트타워2차,지식산업센터,대륭종합건설(주),등록,서울디지털국가산업단지,한국산업단지공단 서울지역본부,국가산업단지,[완료신고],공장용지,10305.00 ,77397.65 ,61964.67 ,15432.98 ,"서울특별시 구로구 디지털로 306 (구로동, 대륭포스트타워2) (총 5 필지)",서울특별시 구로구 구로동  182-13번지,분양,건축완료,도시지역,공업지역,민간
서울특별시,구로구,대륭포스트타워3차,지식산업센터,대륭종합건설(주),등록,서울디지털국가산업단지,한국산업단지공단 서울지역본부,국가산업단지,[변경완료신고],공장용지,7087.00 ,51039.71 ,41080.16 ,9959.55 ,"서울특별시 구로구 디지털로34길 27 (구로동, 대륭포스트타워Ⅲ)",서울특별시 구로구 구로동  182-4번지,분양,건축완료,도시지역,공업지역,민간
서울특별시,구로구,대륭포스트타워7차,지식산업센터,리앤리어드바이저스(주),등록,서울디지털국가산업단지,한국산업단지공단 서울지역본부,국가산업단지,[완료신고],"공장용지, 공장용지",6086.00 ,49587.10 ,40586.75 ,9000.35 ,"서울특별시 구로구 디지털로33길 48 (구로동, 대륭포스트타워7차) (총 2 필지) 외 1필지",서울특별시 구로구 구로동  170-10번지 외 1필지,,건축완료,도시지역,공업지역,민간
서울특별시,구로구,대륭포스트타워8차,지식산업센터,대륭종합건설(주),등록,서울디지털국가산업단지,한국산업단지공단 서울지역본부,국가산업단지,[완료신고],공장용지,13095.00 ,99509.94 ,74420.55 ,25089.39 ,서울특별시 구로구 디지털로26길 43  (구로동),서울특별시 구로구 구로동 235-3,분양,건축완료,도시지역,공업지역,민간
서울특별시,구로구,동일테크노타운 1차,지식산업센터,동일토건(주),승인,서울디지털국가산업단지,한국산업단지공단 서울지역본부,국가산업단지,[신설변경]승인,공장용지,1685.00 ,9176.42 ,9176.42 ,0.00 ,서울특별시 구로구 디지털로26길 110 (구로동),서울특별시 구로구 구로동 826번지,분양,건축완료,도시지역,공업지역,민간
서울특별시,구로구,동일테크노타운 6차,지식산업센터,동일토건(주),등록,서울디지털국가산업단지,한국산업단지공단 서울지역본부,국가산업단지,[변경완료신고],공장용지,1128.00 ,4876.29 ,3883.53 ,992.76 ,"서울특별시 구로구 디지털로26길 110 (구로동, 동일테크노타운)",서울특별시 구로구 구로동  826-1번지,분양,건축완료,도시지역,공업지역,민간
서울특별시,구로구,드림마크원데이터센타,지식산업센터,드림마크원(주),등록,서울디지털국가산업단지,한국산업단지공단 서울지역본부,국가산업단지,[변경완료신고],공장용지,5718.00 ,23145.77 ,12480.90 ,10664.87 ,서울특별시 구로구 디지털로31길 61 (구로동),서울특별시 구로구 구로동 197-12번지,임대,건축완료,도시지역,공업지역,민간
서울특별시,구로구,마리오디지털타워,지식산업센터,마리오타워입주자대표회의,등록,서울디지털국가산업단지,한국산업단지공단 서울지역본부,국가산업단지,[변경완료신고],공장용지,11936.00 ,74101.84 ,59470.81 ,14631.03 ,"서울특별시 구로구 디지털로30길 28 (구로동, 마리오 타워)",서울특별시 구로구 구로동  222-12번지,분양,건축완료,도시지역,공업지역,민간
서울특별시,구로구,벽산디지털밸리1차,지식산업센터,벽산디지털밸리1차 입주사대표회의,등록,서울디지털국가산업단지,한국산업단지공단 서울지역본부,국가산업단지,[변경완료신고],공장용지,5520.00 ,34121.59 ,28698.16 ,5423.43 ,"서울특별시 구로구 디지털로27길 24 (구로동, 벽산디지털밸리)",서울특별시 구로구 구로동212-16번지,분양,건축완료,도시지역,공업지역,민간
서울특별시,구로구,벽산디지털밸리3차,지식산업센터,광동제약(주),등록,서울디지털국가산업단지,한국산업단지공단 서울지역본부,국가산업단지,[변경완료신고],공장용지,5689.00 ,38580.47 ,31168.07 ,7412.40 ,"서울특별시 구로구 디지털로 271 (구로동, 벽산디지털밸리III)",서울특별시 구로구 구로동  212-13번지,분양,건축완료,도시지역,공업지역,민간
서울특별시,구로구,벽산디지털밸리7차,지식산업센터,(주)신산디앤아이,등록,서울디지털국가산업단지,한국산업단지공단 서울지역본부,국가산업단지,[완료신고],공장용지,3660.00 ,25437.82 ,20533.14 ,4904.68 ,"서울특별시 구로구 디지털로33길 50 (구로동, 벽산 디지털밸리7)",서울특별시 구로구 구로동 170-13번지,,건축완료,도시지역,공업지역,민간
서울특별시,구로구,삼성IT밸리,지식산업센터,금성디지탈밸리(주),등록,서울디지털국가산업단지,한국산업단지공단 서울지역본부,국가산업단지,[완료신고],공장용지,7270.00 ,46627.34 ,37352.60 ,9274.74 ,"서울특별시 구로구 디지털로33길 27 (구로동, 삼성IT밸리)",서울특별시 구로구 구로동  197-5번지,분양,건축완료,도시지역,공업지역,민간
서울특별시,구로구,아남빌딩,지식산업센터,아남전자(주),등록,서울디지털국가산업단지,한국산업단지공단 서울지역본부,국가산업단지,[변경완료신고],공장용지,1497.00 ,8348.74 ,8012.13 ,336.61 ,서울특별시 구로구 디지털로27가길 27 (구로동),서울특별시 구로구 구로동 197-47번지,임대,건축완료,도시지역,공업지역,민간
서울특별시,구로구,아티스포럼,지식산업센터,대신자산신탁(주),등록,서울디지털국가산업단지,한국산업단지공단 서울지역본부,국가산업단지,[변경완료신고],공장용지,8559.00 ,63098.33 ,51492.15 ,11606.18 ,"서울특별시 구로구 디지털로31길 62 (구로동, 아티스포럼)",서울특별시 구로구 구로동 197-11 아티스포럼,분양,건축완료,도시지역,공업지역,민간
서울특별시,구로구,에이스테크노타워 1차,지식산업센터,에이스테크노타워 1차 입주자대표위원회,등록,서울디지털국가산업단지,한국산업단지공단 서울지역본부,국가산업단지,[변경완료신고],공장용지,5584.00 ,34233.04 ,30494.99 ,3738.05 ,서울특별시 구로구 디지털로31길 38-9 (구로동) 에이스테크노타워1차,서울특별시 구로구 구로동 197-17 에이스테크노타워1차,분양,건축완료,도시지역,공업지역,민간
서울특별시,구로구,에이스테크노타워 2차,지식산업센터,에이스테크노타워2차 자치위원회,등록,서울디지털국가산업단지,한국산업단지공단 서울지역본부,국가산업단지,[변경완료신고],공장용지,4959.00 ,25358.42 ,23307.78 ,2050.64 ,"서울특별시 구로구 디지털로31길 19 (구로동, 에이스테크노타워Ⅱ) (총 2 필지)",서울특별시 구로구 구로동  197-7번지,분양,건축완료,도시지역,공업지역,민간
서울특별시,구로구,에이스테크노타워 3차,지식산업센터,에이스종합건설(주),등록,서울디지털국가산업단지,한국산업단지공단 서울지역본부,국가산업단지,[변경완료신고],공장용지,6488.00 ,38079.82 ,27305.07 ,10774.75 ,"서울특별시 구로구 디지털로29길 38 (구로동, 에이스테크노타워Ⅲ)",서울특별시 구로구 구로동  197-48번지,분양,건축완료,도시지역,공업지역,민간
서울특별시,구로구,에이스테크노타워 5차,지식산업센터,에이스테크노타워 5차 입주자 자치회,등록,서울디지털국가산업단지,한국산업단지공단 서울지역본부,국가산업단지,[변경완료신고],공장용지,6390.00 ,40419.81 ,34187.07 ,6232.74 ,서울특별시 구로구 디지털로31길 20 (구로동),서울특별시 구로구 구로동 197-22번지,분양,건축완료,도시지역,공업지역,민간
서울특별시,구로구,에이스테크노타워 8차,지식산업센터,에이스테크노타워 8차 자치위원회,등록,서울디지털국가산업단지,한국산업단지공단 서울지역본부,국가산업단지,[변경완료신고],공장용지,6778.00 ,42352.06 ,31899.65 ,10452.41 ,"서울특별시 구로구 디지털로33길 11 (구로동, 에이스 테크노타워8)",서울특별시 구로구 구로동  191-7번지,분양,건축완료,도시지역,공업지역,민간
서울특별시,구로구,에이스트윈타워1차,지식산업센터,에이스트윈타워자치위원회,등록,서울디지털국가산업단지,한국산업단지공단 서울지역본부,국가산업단지,[변경완료신고],공장용지,6467.00 ,41723.60 ,31868.29 ,9855.31 ,서울특별시 구로구 디지털로 285 (구로동),서울특별시 구로구 구로동 212-1번지,분양,건축완료,도시지역,공업지역,민간
서울특별시,구로구,에이스트윈타워2차,지식산업센터,에이스트윈타워자치위원회,등록,서울디지털국가산업단지,한국산업단지공단 서울지역본부,국가산업단지,[변경완료신고],공장용지,6357.00 ,61049.05 ,51543.64 ,9505.41 ,서울특별시 구로구 디지털로 273 (구로동),서울특별시 구로구 구로동 212-30번지,분양,건축완료,도시지역,공업지역,민간
서울특별시,구로구,에이스하이앤드타워2차,지식산업센터,하이앤드타워이차(주),등록,서울디지털국가산업단지,한국산업단지공단 서울지역본부,국가산업단지,[변경완료신고],공장용지,6740.00 ,43023.43 ,35904.99 ,7118.44 ,"서울특별시 구로구 디지털로26길 61 (구로동, 에이스 하이엔드타워Ⅱ)",서울특별시 구로구 구로동  222-14번지,분양,건축완료,도시지역,공업지역,민간
서울특별시,구로구,에이스하이엔드타워,지식산업센터,에이스종합건설(주),등록,서울디지털국가산업단지,한국산업단지공단 서울지역본부,국가산업단지,[완료신고],공장용지,11648.00 ,74299.77 ,59577.79 ,14721.98 ,"서울특별시 구로구 디지털로26길 5 (구로동, 에이스 하이-엔드타워)",서울특별시 구로구 구로동 235-2번지,분양,건축완료,도시지역,공업지역,민간
서울특별시,구로구,오닉스 지식산업센터,지식산업센터,오닉스 지식산업센터 관리단,등록,서울디지털국가산업단지,한국산업단지공단 서울지역본부,국가산업단지,[변경완료신고],공장용지,1110.00 ,8359.11 ,6017.23 ,2341.88 ,서울특별시 구로구 디지털로27가길 17 (구로동) 오닉스 지식산업센터,서울특별시 구로구 구로동 197-30 오닉스 지식산업센터,분양,건축완료,도시지역,공업지역,민간
서울특별시,구로구,우림이비즈센터,지식산업센터,(주)우림휴먼텍,등록,서울디지털국가산업단지,한국산업단지공단 서울지역본부,국가산업단지,[변경완료신고],공장용지,9382.00 ,60133.10 ,57761.55 ,2371.55 ,"서울특별시 구로구 디지털로33길 28 (구로동, 우림이비지센타)",서울특별시 구로구 구로동  170-5번지,분양,건축완료,도시지역,공업지역,민간
서울특별시,구로구,우림이비즈센터2차,지식산업센터,우림글로벌(주),등록,서울디지털국가산업단지,한국산업단지공단 서울지역본부,국가산업단지,[완료신고],공장용지,8579.00 ,54632.61 ,43919.74 ,10712.87 ,"서울특별시 구로구 디지털로33길 12 (구로동, 우림이비지센터2차)",서울특별시 구로구 구로동  184-1번지,분양,건축완료,도시지역,공업지역,민간
서울특별시,구로구,이-스페이스,지식산업센터,e-SPACE관리운영위원회,등록,서울디지털국가산업단지,한국산업단지공단 서울지역본부,국가산업단지,[변경완료신고],공장용지,6186.00 ,38115.60 ,35902.70 ,2212.90 ,"서울특별시 구로구 디지털로27길 36 (구로동, 이-스페이스)",서울특별시 구로구 구로동  212-26번지,분양,건축완료,도시지역,공업지역,민간
서울특별시,구로구,이앤씨드림타워2차,지식산업센터,씨에스이앤씨(주),등록,서울디지털국가산업단지,한국산업단지공단 서울지역본부,국가산업단지,[변경완료신고],공장용지,7081.00 ,47419.18 ,33205.70 ,14213.48 ,"서울특별시 구로구 디지털로33길 55 (구로동, 이앤씨벤처드림타워2차)",서울특별시 구로구 구로동 197-10번지,분양,건축완료,도시지역,공업지역,민간
서울특별시,구로구,이앤씨드림타워3차,지식산업센터,이앤씨에스(주),등록,서울디지털국가산업단지,한국산업단지공단 서울지역본부,국가산업단지,[변경완료신고],공장용지,4846.00 ,32213.06 ,22595.02 ,9618.04 ,"서울특별시 구로구 디지털로31길 38-21 (구로동, 이앤씨벤처드림타워 3차)",서울특별시 구로구 구로동  197-33번지,분양,건축완료,도시지역,공업지역,민간
서울특별시,구로구,이앤씨드림타워5차,지식산업센터,이앤씨5차운영위원회,등록,서울디지털국가산업단지,한국산업단지공단 서울지역본부,국가산업단지,[변경완료신고],공장용지,3037.00 ,19966.49 ,15971.79 ,3994.70 ,"서울특별시 구로구 디지털로31길 53 (구로동, 이앤씨벤처드림타워5차)",서울특별시 구로구 구로동  197-13번지,분양,건축완료,도시지역,공업지역,민간
서울특별시,구로구,이앤씨벤처드림타워6차,지식산업센터,이앤씨6차 운영위원회,등록,서울디지털국가산업단지,한국산업단지공단 서울지역본부,국가산업단지,[변경완료신고],공장용지,4986.00 ,32987.11 ,26390.99 ,6596.12 ,"서울특별시 구로구 디지털로31길 41 (구로동, 이앤씨벤처드림타워6차)",서울특별시 구로구 구로동  197-28번지,분양,건축완료,도시지역,공업지역,민간
서울특별시,구로구,지-하이시티,지식산업센터,지-하이시티 관리위원회,등록,서울디지털국가산업단지,한국산업단지공단 서울지역본부,국가산업단지,[변경완료신고],공장용지,7056.00 ,48035.45 ,39893.38 ,8142.07 ,"서울특별시 구로구 디지털로 243, 지-하이시티 (구로동)",서울특별시 구로구 구로동 237번지 지-하이시티,분양,건축완료,도시지역,공업지역,민간
서울특별시,구로구,지플러스코오롱디지털타워,지식산업센터,지플러스타워 관리단,등록,서울디지털국가산업단지,한국산업단지공단 서울지역본부,국가산업단지,[변경완료신고],공장용지,6293.00 ,46965.97 ,36262.39 ,10703.58 ,서울특별시 구로구 디지털로26길 123 (구로동),서울특별시 구로구 구로동 222-31 번지,분양,건축완료,도시지역,공업지역,민간
서울특별시,구로구,코오롱디지털타워빌란트,지식산업센터,(주)디지탈타워,등록,서울디지털국가산업단지,한국산업단지공단 서울지역본부,국가산업단지,[완료신고],공장용지,8798.00 ,57121.82 ,54106.59 ,3015.23 ,"서울특별시 구로구 디지털로32길 30 (구로동, 코오롱 디지털타워 빌란트) (총 2 필지)",서울특별시 구로구 구로동  222-7번지,분양,건축완료,도시지역,공업지역,민간
서울특별시,구로구,코오롱디지털타워빌란트2차,지식산업센터,코오롱디지털타워빌란트2차입주자대표위원회,등록,서울디지털국가산업단지,한국산업단지공단 서울지역본부,국가산업단지,[변경완료신고],공장용지,6096.00 ,39702.48 ,31774.01 ,7928.47 ,"서울특별시 구로구 디지털로30길 31 (구로동, 코오롱디지털타워빌란트Ⅱ)",서울특별시 구로구 구로동  222-8번지,분양,건축완료,도시지역,공업지역,민간
서울특별시,구로구,코오롱싸이언스밸리1차,지식산업센터,금은산업개발(주),등록,서울디지털국가산업단지,한국산업단지공단 서울지역본부,국가산업단지,[변경완료신고],공장용지,5841.00 ,40159.93 ,32161.95 ,7997.98 ,"서울특별시 구로구 디지털로34길 43 (구로동, 코오롱싸이언스밸리1차)",서울특별시 구로구 구로동  187-10번지,분양,건축완료,도시지역,공업지역,민간
서울특별시,구로구,코오롱싸이언스밸리2차,지식산업센터,금은산업개발(주),등록,서울디지털국가산업단지,한국산업단지공단 서울지역본부,국가산업단지,[변경완료신고],공장용지,12380.00 ,93431.55 ,74784.10 ,18647.45 ,"서울특별시 구로구 디지털로34길 55 (구로동, 코오롱싸이언스밸리2차) (총 3 필지)",서울특별시 구로구 구로동  811번지,분양,건축완료,도시지역,공업지역,민간
서울특별시,구로구,한신IT타워,지식산업센터,한신IT입주자협의,등록,서울디지털국가산업단지,한국산업단지공단 서울지역본부,국가산업단지,[변경완료신고],공장용지,12870.00 ,81900.11 ,78239.64 ,3660.47 ,"서울특별시 구로구 디지털로 272 (구로동, 한신아이티타워)",서울특별시 구로구 구로동  235번지,분양,건축완료,도시지역,공업지역,민간
서울특별시,구로구,한화비즈메트로 1차,지식산업센터,동인씨앤디(주),등록,서울디지털국가산업단지,한국산업단지공단 서울지역본부,국가산업단지,[완료신고],공장용지,7435.00 ,53853.00 ,43153.66 ,10699.34 ,"서울특별시 구로구 디지털로 242 (구로동, 한화비즈메트로1차) (총 2 필지)",서울특별시 구로구 구로동  851번지,분양,건축완료,도시지역,공업지역,민간
서울특별시,금천구,구충서,지식산업센터,구충서,승인,,서울특별시 금천구,개별,[신설]승인,대,834.40 ,4182.77 ,3153.17 ,1029.60 ,서울특별시 금천구 벚꽃로 142 (독산동),서울특별시 금천구 독산동 1000-14번지,분양,미착공,도시지역,공업지역,민간
서울특별시,금천구,금천디지털타워,지식산업센터,금천디지털타워,승인,,서울특별시 금천구,개별,[신설]승인,"전, 전, 전, 전",572.00 ,2601.88 ,2126.80 ,475.08 ,서울특별시 금천구 서부샛길 102 (독산동) 외 3필지,서울특별시 금천구 독산동 720-4번지 외 3필지,분양/임대,건축중,도시지역,공업지역,민간
서울특별시,금천구,김병수,지식산업센터,김병식,승인,,서울특별시 금천구,개별,[신설]승인,대,920.60 ,3879.50 ,2702.96 ,1176.54 ,서울특별시 금천구 벚꽃로12길 5 (독산동),서울특별시 금천구 독산동 1004-12번지,분양,건축중,도시지역,공업지역,민간
서울특별시,금천구,김성수,지식산업센터,김성수,승인,,서울특별시 금천구,개별,[신설]승인,대,1786.80 ,6063.01 ,4244.11 ,1818.90 ,서울특별시 금천구 두산로 28 (독산동),서울특별시 금천구 독산동 333-2번지,분양,건축중,도시지역,공업지역,민간
서울특별시,금천구,김영식외1인,지식산업센터,김영식외1인,승인,,서울특별시 금천구,개별,[신설]승인,대,0.00 ,1934.64 ,1440.00 ,494.64 ,"서울특별시 금천구 시흥대로57길 19-43 (시흥동, 산들파크빌1)","서울특별시 금천구 시흥제1동 992-27번지 ,59,60,61",분양,,도시지역,공업지역,민간
서울특별시,금천구,노기우외 2인,지식산업센터,노기우외 2인,승인,,서울특별시 금천구,개별,[신설]승인,대,3790.00 ,16498.05 ,11787.00 ,4711.05 ,서울특별시 금천구 독산제1동 산 167-5번지,서울특별시 금천구 독산제1동 산 167-5번지,분양,건축중,도시지역,공업지역,민간
서울특별시,금천구,대동,지식산업센터,대동상사,등록,,서울특별시 금천구,개별,[완료신고],대,2742.10 ,9969.60 ,9771.60 ,198.00 ,서울특별시 금천구 범안로9길 58 (독산동),서울특별시 금천구 독산동 999-3번지,분양,건축완료,도시지역,공업지역,민간
서울특별시,금천구,대륭테크노타운 5차,지식산업센터,대륭종합건설(주),등록,,서울특별시 금천구,개별,[완료신고],대,4939.00 ,27036.92 ,16753.84 ,10283.08 ,"서울특별시 금천구 서부샛길 632 (가산동, 대륭테크노타운5) (총 3 필지) 외 2필지",서울특별시 금천구 가산동 493번지 외 2필지,분양,건축완료,도시지역,공업지역,민간
서울특별시,금천구,대륭테크노타운 6차,지식산업센터,대륭종합건설(주),등록,,서울특별시 금천구,개별,[완료신고],대,8337.00 ,47938.33 ,28972.51 ,18965.82 ,"서울특별시 금천구 서부샛길 648, 대륭테크노타운6차 (가산동)",서울특별시 금천구 가산동 493-6번지,분양,건축완료,도시지역,공업지역,민간
서울특별시,금천구,대륭테크노타운 7차,지식산업센터,대륭기업,등록,,서울특별시 금천구,개별,[완료신고],전,2691.00 ,14544.91 ,7862.72 ,6682.19 ,"서울특별시 금천구 서부샛길 638 (가산동, 대륭테크노타운7)",서울특별시 금천구 가산동 489-11번지,분양,건축완료,도시지역,공업지역,민간
서울특별시,금천구,대성 디큐브폴리스,지식산업센터,가산브이프로젝트 금융투자(주),등록,,서울특별시 금천구,개별,[완료신고],공장용지,21982.00 ,161698.62 ,114567.13 ,47131.49 ,"서울특별시 금천구 서부샛길 606, 외 24필지 (가산동)",서울특별시 금천구 가산동 543-1번지 외 24필지,분양,건축완료,도시지역,공업지역,민간
서울특별시,금천구,독산동 지식산업센터,지식산업센터,(주)케이비에이치컴퍼니,승인,,서울특별시 금천구,개별,[신설]승인,"대, 대",2190.10 ,17245.25 ,16422.95 ,822.30 ,서울특별시 금천구 가산로 50-15(독산동) 외 1필지,서울특별시 금천구 독산동 151-16 외 1필지,,미착공,도시지역,공업지역,민간
서울특별시,금천구,동일테크노타운,지식산업센터,동일토건(주),등록,,서울특별시 금천구,개별,[완료신고],대,1384.10 ,6737.34 ,4134.35 ,2602.99 ,"서울특별시 금천구 범안로17길 61 (독산동, 동일테크노타운8차)",서울특별시 금천구 독산제1동 330-6번지,분양,건축완료,도시지역,공업지역,민간
서울특별시,금천구,새한벤처월드,지식산업센터,새한건설(주),등록,,서울특별시 금천구,개별,[완료신고],대,4157.40 ,24340.44 ,16501.44 ,7839.00 ,"서울특별시 금천구 시흥대로 281 (시흥동, 새한벤처월드)",서울특별시 금천구 시흥동 113-15번지,분양,건축완료,도시지역,공업지역,민간
서울특별시,금천구,시흥동 지식산업센터,지식산업센터,(주)아람디앤씨,승인,,서울특별시 금천구,개별,[신설]승인,대,2065.30 ,17697.86 ,13739.18 ,3958.68 ,"서울특별시 금천구 시흥대로 193 (시흥동, 금천문화웨딩홀)",서울특별시 금천구 시흥동 991-1번지 금천문화웨딩홀,,미착공,도시지역,공업지역,민간
서울특별시,금천구,인피니움타워,지식산업센터,코리아신탁 주식회사,등록,,서울특별시 금천구,개별,[완료신고],"도로, 도로, 도로, 도로",2189.80 ,19885.16 ,14153.33 ,5731.83 ,서울특별시 금천구 시흥동 991-5번지 외 3필지,서울특별시 금천구 시흥동 991-5번지 외 3필지,,,도시지역,공업지역,민간
서울특별시,금천구,정풍전산폼(주),지식산업센터,정풍전산폼(주),승인,,서울특별시 금천구,개별,[신설]승인,대,396.70 ,1688.74 ,1055.56 ,633.18 ,서울특별시 금천구 두산로 5-1 (독산동),서울특별시 금천구 독산동 336-34번지,분양,건축완료,도시지역,공업지역,민간
서울특별시,금천구,중앙아파트형공장,지식산업센터,(주)중앙건설,승인,,서울특별시 금천구,개별,[신설]승인,전,3595.00 ,14359.80 ,14359.80 ,0.00 ,서울특별시 금천구 독산제1동 690-1번지,서울특별시 금천구 독산제1동 690-1번지,분양,미착공,도시지역,공업지역,민간
서울특별시,금천구,지산 IT 벤쳐센터,지식산업센터,삼화전기공업(주),등록,,서울특별시 금천구,개별,[완료신고],대,1428.20 ,7829.11 ,4069.25 ,3759.86 ,"서울특별시 금천구 벚꽃로12길 15 (독산동, 지산아이티벤처센터)",서울특별시 금천구 독산동 1004-9번지,분양,건축완료,도시지역,공업지역,민간
서울특별시,금천구,풍림,지식산업센터,풍림토건(주),등록,,서울특별시 금천구,개별,[완료신고],대,1054.92 ,5719.77 ,5500.77 ,219.00 ,서울특별시 금천구 범안로 1162 (독산동),서울특별시 금천구 독산동 1003-5번지,,건축완료,도시지역,공업지역,민간
서울특별시,금천구,현대지식산업센터,지식산업센터,태광독산프로젝트금융투자(주),등록,,서울특별시 금천구,개별,[완료신고],공장용지,22740.00 ,175264.74 ,140881.55 ,34383.19 ,서울특별시 금천구 두산로 70 (독산동),서울특별시 금천구 독산동 291-1번지,분양,건축완료,도시지역,공업지역,민간
서울특별시,금천구,(주)천재교육,지식산업센터,(주)천재교육,승인,서울디지털국가산업단지,한국산업단지공단 서울지역본부,국가산업단지,[신설]승인,공장용지,5134.00 ,42502.06 ,36916.43 ,5585.63 ,서울특별시 금천구 가산로9길 54 (가산동),서울특별시 금천구 가산동 60-28,분양,미착공,도시지역,공업지역,민간
서울특별시,금천구,A1타워,지식산업센터,알파아이티(주),등록,서울디지털국가산업단지,한국산업단지공단 서울지역본부,국가산업단지,[완료신고],공장용지,4367.00 ,35126.47 ,26331.74 ,8794.73 ,서울특별시 금천구 가산디지털1로 205-27 (가산동),서울특별시 금천구 가산동 459-7,분양,건축완료,도시지역,공업지역,민간
서울특별시,금천구,BYC HIGHCITY,지식산업센터,비와이씨하이시티입주자대표회,등록,서울디지털국가산업단지,한국산업단지공단 서울지역본부,국가산업단지,[변경완료신고],"공장용지, 공장용지",13673.00 ,109934.22 ,87982.89 ,21951.33 ,"서울특별시 금천구 가산디지털1로 131,비와이씨하이시티 (가산동) 외 1필지",서울특별시 금천구 가산동 371-17번지 비와이씨하이시티 외 1필지,분양/임대,건축완료,도시지역,공업지역,민간
서울특별시,금천구,IT미래타워,지식산업센터,IT미래TOWER입주자대표위원회,등록,서울디지털국가산업단지,한국산업단지공단 서울지역본부,국가산업단지,[변경완료신고],공장용지,4959.00 ,31872.58 ,25436.32 ,6436.26 ,"서울특별시 금천구 디지털로9길 33 (가산동, IT 미래 TOWER)",서울특별시 금천구 가산동 60-21번지,분양,건축완료,도시지역,공업지역,민간
서울특별시,금천구,IT캐슬2차,지식산업센터,(주)썬트리,등록,서울디지털국가산업단지,한국산업단지공단 서울지역본부,국가산업단지,[완료신고],공장용지,2575.00 ,18307.46 ,14722.48 ,3584.98 ,"서울특별시 금천구 가산디지털1로 137 (가산동, IT캐슬 2차) (총 3 필지)",서울특별시 금천구 가산동 371-16번지,분양,건축완료,도시지역,공업지역,민간
서울특별시,금천구,IT프리미어타워,지식산업센터,포에리트개발(주),등록,서울디지털국가산업단지,한국산업단지공단 서울지역본부,국가산업단지,[변경완료신고],공장용지,5155.00 ,37984.58 ,30481.64 ,7502.94 ,"서울특별시 금천구 가산디지털1로 88 (가산동, IT프리미어타워)",서울특별시 금천구 가산동  345-50번지,분양,건축완료,도시지역,공업지역,민간
서울특별시,금천구,JEI PLATZ,지식산업센터,(주)재능유통,등록,서울디지털국가산업단지,한국산업단지공단 서울지역본부,국가산업단지,[변경완료신고],공장용지,12987.00 ,98281.50 ,69211.86 ,29069.64 ,"서울특별시 금천구 가산디지털1로 186 (가산동, JEI PLATZ)",서울특별시 금천구 가산동  459-11번지,임대,건축완료,도시지역,공업지역,민간
서울특별시,금천구,JS더스카이타워3차,지식산업센터,우리자산신탁(주),등록,서울디지털국가산업단지,한국산업단지공단 서울지역본부,국가산업단지,[변경완료신고],공장용지,893.00 ,6450.32 ,4564.91 ,1885.41 ,서울특별시 금천구 범안로 1144 (가산동),서울특별시 금천구 가산동 714-1번지,분양/임대,건축완료,도시지역,공업지역,민간
서울특별시,금천구,KCC웰츠밸리,지식산업센터,(주)케이씨씨건설,승인,서울디지털국가산업단지,한국산업단지공단 서울지역본부,국가산업단지,[신설변경]승인,공장용지,3441.00 ,24397.24 ,19613.02 ,4784.22 ,"서울특별시 금천구 가산디지털1로 205 (가산동, 케이씨씨 웰츠밸리)",서울특별시 금천구 가산동  470-8번지,,건축완료,도시지역,공업지역,민간
서울특별시,금천구,KM타워,지식산업센터,케이비부동산신탁(주),등록,서울디지털국가산업단지,한국산업단지공단 서울지역본부,국가산업단지,[완료신고],공장용지,3510.00 ,28594.54 ,20219.85 ,8374.69 ,"서울특별시 금천구 가산디지털2로 95 (가산동, KM TOWER)",서울특별시 금천구 가산동 550-7 KM TOWER 동 층 호,분양,건축완료,도시지역,공업지역,민간
서울특별시,금천구,KS타워,지식산업센터,신영부동산신탁(주),등록,서울디지털국가산업단지,한국산업단지공단 서울지역본부,국가산업단지,[완료신고],공장용지,4959.00 ,39616.03 ,27737.42 ,11878.61 ,서울특별시 금천구 벚꽃로36길 30  (가산동),서울특별시 금천구 가산동 60-14,분양,건축완료,도시지역,공업지역,민간
서울특별시,금천구,LG가산디지털센터,지식산업센터,주식회사 엘지,등록,서울디지털국가산업단지,한국산업단지공단 서울지역본부,국가산업단지,[변경완료신고],공장용지,14946.00 ,74986.14 ,70143.61 ,4842.53 ,"서울특별시 금천구 가산디지털1로 189 (가산동, (주)LG 가산 디지털센터)",서울특별시 금천구 가산동 459-9번지,임대,건축완료,도시지역,공업지역,민간
서울특별시,금천구,SH드림타워,지식산업센터,신한자산신탁(주),등록,서울디지털국가산업단지,한국산업단지공단 서울지역본부,국가산업단지,[완료신고],공장용지,3785.00 ,30531.29 ,27412.40 ,3118.89 ,"서울특별시 금천구 가산디지털1로 205-17(가산동, 성호전자(주))",서울특별시 금천구 가산동 459-6 성호전자(주),분양/임대,건축완료,도시지역,공업지역,민간
서울특별시,금천구,SJ테크노빌,지식산업센터,세진전자(주),등록,서울디지털국가산업단지,한국산업단지공단 서울지역본부,국가산업단지,[변경완료신고],공장용지,14457.00 ,99821.14 ,69943.32 ,29877.82 ,"서울특별시 금천구 벚꽃로 278 (가산동, SJ 테크노빌)",서울특별시 금천구 가산동 60-19번지,분양,건축완료,도시지역,공업지역,민간
서울특별시,금천구,SK V1센터,지식산업센터,코리아신탁(주),등록,서울디지털국가산업단지,한국산업단지공단 서울지역본부,국가산업단지,[변경완료신고],공장용지,10084.00 ,81959.72 ,65761.90 ,16197.82 ,서울특별시 금천구 가산디지털1로 171 (가산동),서울특별시 금천구 가산동 371-41번지,분양,건축완료,도시지역,공업지역,민간
서울특별시,금천구,SKV1 AP타워,지식산업센터,(주)에이피이노베이션,등록,서울디지털국가산업단지,한국산업단지공단 서울지역본부,국가산업단지,[완료신고],공장용지,8832.00 ,66644.75 ,54544.65 ,12100.10 ,서울특별시 금천구 가산디지털1로 16 (가산동),서울특별시 금천구 가산동 673,분양,건축완료,도시지역,공업지역,민간
서울특별시,금천구,SK트윈테크타워,지식산업센터,SK트윈테크타워,등록,서울디지털국가산업단지,한국산업단지공단 서울지역본부,국가산업단지,[변경완료신고],공장용지,13880.00 ,74932.17 ,67724.45 ,7207.72 ,"서울특별시 금천구 가산디지털1로 119 (가산동, SK트윈테크타워)",서울특별시 금천구 가산동  345-9번지,분양,건축완료,도시지역,공업지역,민간
서울특별시,금천구,YS타워,지식산업센터,신영부동산신탁 주식회사,등록,서울디지털국가산업단지,한국산업단지공단 서울지역본부,국가산업단지,[완료신고],공장용지,1675.00 ,14902.36 ,12057.39 ,2844.97 ,서울특별시 금천구 가산디지털2로 41 (가산동),서울특별시 금천구 가산동 345-40번지,분양,건축완료,도시지역,공업지역,민간
서울특별시,금천구,ZANCA DREAM TOWER,지식산업센터,(주)지엔텍,등록,서울디지털국가산업단지,한국산업단지공단 서울지역본부,국가산업단지,[완료신고],공장용지,3305.00 ,23402.08 ,17033.24 ,6368.84 ,서울특별시 금천구 가산디지털2로 35 (가산동),서울특별시 금천구 가산동 345-43번지,임대,건축완료,도시지역,공업지역,민간
서울특별시,금천구,가산W센터,지식산업센터,(주)하나자산신탁,등록,서울디지털국가산업단지,한국산업단지공단 서울지역본부,국가산업단지,[변경완료신고],공장용지,6723.00 ,54250.34 ,43468.62 ,10781.72 ,서울특별시 금천구 가산디지털1로 181 (가산동),서울특별시 금천구 가산동 371-106번지,분양,건축완료,도시지역,공업지역,민간
서울특별시,금천구,가산YPP아르센타워,지식산업센터,신영부동산신탁(주),등록,서울디지털국가산업단지,한국산업단지공단 서울지역본부,국가산업단지,[완료신고],공장용지,4784.00 ,41216.62 ,32947.66 ,8268.96 ,서울특별시 금천구 가산디지털2로 24 (가산동),서울특별시 금천구 가산동 327-30번지,분양,건축완료,도시지역,공업지역,민간
서울특별시,금천구,가산동 219-24,지식산업센터,인창개발(주),승인,서울디지털국가산업단지,한국산업단지공단 서울지역본부,국가산업단지,[신설]승인,대,10558.00 ,91483.42 ,76802.21 ,14681.21 ,"서울특별시 금천구 디지털로10길 56(가산동, LG전자가산 A)",서울특별시 금천구 가산동 219-24 LG전자가산 A,분양,미착공,도시지역,공업지역,민간
서울특별시,금천구,가산동 345-15 지식산업센터,지식산업센터,(주)가산플러스,승인,서울디지털국가산업단지,한국산업단지공단 서울지역본부,국가산업단지,[신설]승인,공장용지,3559.00 ,31229.48 ,25577.37 ,5652.11 ,서울특별시 금천구 가산디지털1로 75-14(가산동),서울특별시 금천구 가산동 345-15,분양,미착공,도시지역,공업지역,민간
서울특별시,금천구,가산동 371-36,지식산업센터,우리자산신탁(주),승인,서울디지털국가산업단지,한국산업단지공단 서울지역본부,국가산업단지,[신설]승인,공장용지,6695.00 ,58413.53 ,43545.94 ,14867.59 ,"서울특별시 금천구 가산디지털1로 134(가산동, S&T 중공업(주))",서울특별시 금천구 가산동 371-36 S&T 중공업(주),분양,건축중,도시지역,공업지역,민간
서울특별시,금천구,가산동 371-73,지식산업센터,(주)무궁화신탁,승인,서울디지털국가산업단지,한국산업단지공단 서울지역본부,국가산업단지,[신설]승인,공장용지,2444.00 ,23050.32 ,17997.92 ,5052.40 ,,서울특별시 금천구 가산동 371-73,분양,미착공,도시지역,공업지역,민간
서울특별시,금천구,가산동 459-3 지식산업센터,지식산업센터,대신자산신탁 주식회사,승인,서울디지털국가산업단지,한국산업단지공단 서울지역본부,국가산업단지,[신설]승인,공장용지,3720.00 ,29248.35 ,24179.34 ,5069.01 ,"서울특별시 금천구 가산디지털1로 205-28(가산동, 대신정보통신빌딩)",서울특별시 금천구 가산동 459-3 대신정보통신빌딩,분양,건축중,도시지역,공업지역,민간
서울특별시,금천구,가산동 60-23(가칭),지식산업센터,프로젝트가산피에프브이(주),승인,서울디지털국가산업단지,한국산업단지공단 서울지역본부,국가산업단지,[신설]승인,공장용지,3349.00 ,26094.63 ,23046.24 ,3048.39 ,,서울특별시 금천구 가산동 60-23,분양,미착공,도시지역,공업지역,민간
서울특별시,금천구,가산동 60-39,지식산업센터,코아셋디앤씨(주),승인,서울디지털국가산업단지,한국산업단지공단 서울지역본부,국가산업단지,[신설]승인,공장용지,8771.00 ,74502.77 ,61637.38 ,12865.39 ,"서울특별시 금천구 디지털로10길 22(가산동, LG전자가산 B)",서울특별시 금천구 가산동 60-39 LG전자가산 B,분양,미착공,도시지역,공업지역,민간
서울특별시,금천구,가산드림타워,지식산업센터,코리아신탁(주),승인,서울디지털국가산업단지,한국산업단지공단 서울지역본부,국가산업단지,[신설]승인,공장용지,1915.00 ,15413.73 ,14422.74 ,990.99 ,서울특별시 금천구 가산디지털2로 17(가산동),서울특별시 금천구 가산동 343-7,분양,건축완료,도시지역,공업지역,민간
서울특별시,금천구,가산모비우스타워,지식산업센터,가산 모비우스타워 관리단,등록,서울디지털국가산업단지,한국산업단지공단 서울지역본부,국가산업단지,[변경완료신고],공장용지,5322.00 ,43397.92 ,30407.28 ,12990.64 ,서울특별시 금천구 가산디지털2로 169-23  (가산동),서울특별시 금천구 가산동 459-21,분양,건축완료,도시지역,공업지역,민간
서울특별시,금천구,가산반도아이비밸리,지식산업센터,(주)반도건설,등록,서울디지털국가산업단지,한국산업단지공단 서울지역본부,국가산업단지,[완료신고],공장용지,5081.00 ,40818.88 ,38939.21 ,1879.67 ,서울특별시 금천구 가산디지털1로 204 (가산동),서울특별시 금천구 가산동 470-1번지,분양,건축완료,도시지역,공업지역,민간
서울특별시,금천구,가산비즈니스센터,지식산업센터,(주)동주디앤엠,등록,서울디지털국가산업단지,한국산업단지공단 서울지역본부,국가산업단지,[완료신고],공장용지,3372.00 ,24462.25 ,19681.81 ,4780.44 ,"서울특별시 금천구 가산디지털1로 165,  가산비즈니스센터 (가산동)",서울특별시 금천구 가산동 371-6번지 가산비즈니스센터,분양,건축완료,도시지역,공업지역,민간
서울특별시,금천구,가산아스크타워,지식산업센터,아스크(주),승인,서울디지털국가산업단지,한국산업단지공단 서울지역본부,국가산업단지,[신설]승인,공장용지,9379.00 ,76778.35 ,53930.61 ,22847.74 ,서울특별시 금천구 디지털로10길 35 (가산동),서울특별시 금천구 가산동 60-9,분양,건축완료,도시지역,공업지역,민간
서울특별시,금천구,가산어반워크1차,지식산업센터,(주)무궁화신탁,등록,서울디지털국가산업단지,한국산업단지공단 서울지역본부,국가산업단지,[완료신고],공장용지,0.00 ,91713.04 ,74570.14 ,17142.90 ,"서울특별시 금천구 가산디지털2로 135 (가산동, 가산 어반워크I)",서울특별시 금천구 가산동 451-1 가산 어반워크I,분양,건축완료,도시지역,공업지역,민간
서울특별시,금천구,가산어반워크2차,지식산업센터,(주)무궁화신탁,등록,서울디지털국가산업단지,한국산업단지공단 서울지역본부,국가산업단지,[완료신고],공장용지,0.00 ,61611.85 ,49876.04 ,11735.81 ,"서울특별시 금천구 가산디지털2로 143 (가산동, 가산 어반워크II)",서울특별시 금천구 가산동 452-1 가산 어반워크II,분양,건축완료,도시지역,공업지역,민간
서울특별시,금천구,가산테라타워,지식산업센터,가산테라타워 관리위원회,등록,서울디지털국가산업단지,한국산업단지공단 서울지역본부,국가산업단지,[변경완료신고],대,11228.00 ,86642.63 ,70671.56 ,15971.07 ,서울특별시 금천구 디지털로10길 78 (가산동),서울특별시 금천구 가산동 219-5,분양,건축완료,도시지역,공업지역,민간
서울특별시,금천구,갑을그레이트밸리,지식산업센터,정무산업(주),등록,서울디지털국가산업단지,한국산업단지공단 서울지역본부,국가산업단지,[변경완료신고],공장용지,9031.00 ,64469.62 ,52802.27 ,11667.35 ,"서울특별시 금천구 디지털로9길 32 (가산동, 갑을 그레이트밸리)",서울특별시 금천구 가산동 60-5번지,분양,건축완료,도시지역,공업지역,민간
서울특별시,금천구,고려테크온,지식산업센터,(주)시대건설,승인,서울디지털국가산업단지,한국산업단지공단 서울지역본부,국가산업단지,[신설]승인,공장용지,2520.00 ,11156.15 ,7853.19 ,3302.96 ,"서울특별시 금천구 범안로 1138 (가산동, 고려테크온)",서울특별시 금천구 가산동  715-0번지,분양,건축완료,도시지역,공업지역,민간
서울특별시,금천구,남성프라자(에이스테크노9차),지식산업센터,(주)남성텔레콤,등록,서울디지털국가산업단지,한국산업단지공단 서울지역본부,국가산업단지,[변경완료신고],공장용지,10272.00 ,66897.93 ,46831.60 ,20066.33 ,"서울특별시 금천구 디지털로 130 (가산동, 남성프라자 (에이스9))",서울특별시 금천구 가산동 345-30번지,분양,건축완료,도시지역,공업지역,민간
서울특별시,금천구,뉴티캐슬,지식산업센터,이엔에이치건설(주),승인,서울디지털국가산업단지,한국산업단지공단 서울지역본부,국가산업단지,[신설변경]승인,공장용지,7603.00 ,48864.37 ,39237.19 ,9627.18 ,"서울특별시 금천구 가산디지털2로 108 (가산동, 뉴티캐슬)",서울특별시 금천구 가산동 429-1번지,분양,건축완료,도시지역,공업지역,민간
서울특별시,금천구,대륭테크노타운12차,지식산업센터,대륭종합건설(주),등록,서울디지털국가산업단지,한국산업단지공단 서울지역본부,국가산업단지,[완료신고],"공장용지, 공장용지, 공장용지",11867.00 ,88012.58 ,71533.55 ,16479.03 ,"서울특별시 금천구 가산디지털2로 14 (가산동, 대륭테크노타운12차) 외 2필지",서울특별시 금천구 가산동 327-32번지 외 2필지,분양,건축완료,도시지역,공업지역,민간
서울특별시,금천구,대륭테크노타운13차,지식산업센터,대륭종합건설(주),등록,서울디지털국가산업단지,한국산업단지공단 서울지역본부,국가산업단지,[완료신고],공장용지,3706.00 ,24312.48 ,20103.04 ,4209.44 ,"서울특별시 금천구 가산디지털1로 24 (가산동, 대륭테크노타운13차)",서울특별시 금천구 가산동 664번지,분양,건축완료,도시지역,공업지역,민간
서울특별시,금천구,대륭테크노타운17차,지식산업센터,리앤리어드바이저스(주),등록,서울디지털국가산업단지,한국산업단지공단 서울지역본부,국가산업단지,[변경완료신고],공장용지,7963.00 ,66235.37 ,53681.43 ,12553.94 ,서울특별시 금천구 가산디지털1로 25,서울특별시 금천구 가산동 670,분양/임대,건축완료,도시지역,공업지역,민간
서울특별시,금천구,대륭테크노타운18차,지식산업센터,대륭테크노타운18차 운영위원회,등록,서울디지털국가산업단지,한국산업단지공단 서울지역본부,국가산업단지,[변경완료신고],공장용지,8802.00 ,73137.69 ,59758.46 ,13379.23 ,"서울특별시 금천구 가산디지털1로 19 (가산동, 대륭테크노타운18차)",서울특별시 금천구 가산동 670-2번지 대륭테크노타운18차,분양,건축완료,도시지역,공업지역,민간
서울특별시,금천구,대륭테크노타운19차,지식산업센터,대륭종합건설(주),등록,서울디지털국가산업단지,한국산업단지공단 서울지역본부,국가산업단지,[완료신고],공장용지,10476.00 ,79680.34 ,65359.07 ,14321.27 ,서울특별시 금천구 가산디지털2로 70 (가산동),서울특별시 금천구 가산동 345-29번지,분양/임대,건축완료,도시지역,공업지역,민간
서울특별시,금천구,대륭테크노타운1차,지식산업센터,대륭종합건설(주),승인,서울디지털국가산업단지,한국산업단지공단 서울지역본부,국가산업단지,[신설]승인,공장용지,6618.00 ,28360.33 ,21107.99 ,7252.34 ,"서울특별시 금천구 가산디지털2로 18 (가산동, 대륭아파트형공장)",서울특별시 금천구 가산동  327-24번지,분양,건축완료,도시지역,공업지역,민간
서울특별시,금천구,대륭테크노타운20차,지식산업센터,대륭디벨로퍼(주),등록,서울디지털국가산업단지,한국산업단지공단 서울지역본부,국가산업단지,[완료신고],공장용지,10619.00 ,84334.53 ,68113.63 ,16220.90 ,"서울특별시 금천구 가산디지털1로 5 (가산동, 2동)",서울특별시 금천구 가산동 691번지 2동,분양/임대,건축완료,도시지역,공업지역,민간
서울특별시,금천구,대륭테크노타운21차,지식산업센터,(주)삼정씨엔에스,등록,서울디지털국가산업단지,한국산업단지공단 서울지역본부,국가산업단지,[완료신고],공장용지,3809.00 ,27467.28 ,22805.04 ,4662.24 ,서울특별시 금천구 범안로 1126 (가산동),서울특별시 금천구 가산동 687번지,분양,건축완료,도시지역,공업지역,민간
서울특별시,금천구,대륭테크노타운22차,지식산업센터,리앤리어드바이저스(주),등록,서울디지털국가산업단지,한국산업단지공단 서울지역본부,국가산업단지,[완료신고],공장용지,3733.00 ,27686.75 ,24488.99 ,3197.76 ,서울특별시 금천구 가산디지털1로 146 (가산동),서울특별시 금천구 가산동 371-63,분양,건축완료,도시지역,공업지역,민간
서울특별시,금천구,대륭테크노타운2차,지식산업센터,대륭2차운영협의회,등록,서울디지털국가산업단지,한국산업단지공단 서울지역본부,국가산업단지,[변경완료신고],공장용지,4959.00 ,27373.61 ,26416.10 ,957.51 ,"서울특별시 금천구 가산디지털1로 33-33 (가산동, 대륭테크노타운2)",서울특별시 금천구 가산동  569-21번지,분양,건축완료,도시지역,공업지역,민간
서울특별시,금천구,대륭테크노타운3차,지식산업센터,대륭종합건설(주),등록,서울디지털국가산업단지,한국산업단지공단 서울지역본부,국가산업단지,[변경완료신고],공장용지,10248.00 ,63670.91 ,58359.50 ,5311.41 ,"서울특별시 금천구 가산디지털2로 115 (가산동, 대륭테크노타운Ⅲ)",서울특별시 금천구 가산동  448번지,분양,건축완료,도시지역,공업지역,민간
서울특별시,금천구,대륭테크노타운8차,지식산업센터,대륭8차 운영위원회,등록,서울디지털국가산업단지,한국산업단지공단 서울지역본부,국가산업단지,[변경완료신고],공장용지,11977.00 ,74868.18 ,65940.46 ,8927.72 ,"서울특별시 금천구 가마산로 96 (가산동, 대륭테크노타운8)",서울특별시 금천구 가산동  481-11번지,분양,건축완료,도시지역,공업지역,민간
서울특별시,금천구,대륭포스트타워5차,지식산업센터,대륭포스트타워5차 운영위원회,등록,서울디지털국가산업단지,한국산업단지공단 서울지역본부,국가산업단지,[변경완료신고],공장용지,9394.00 ,77006.40 ,61780.64 ,15225.76 ,"서울특별시 금천구 디지털로9길 68 (가산동, 대륭포스트타워 5차)",서울특별시 금천구 가산동 60-3 대륭포스트타워 5차,분양,건축완료,도시지역,공업지역,민간
서울특별시,금천구,대륭포스트타워6차,지식산업센터,대륭포스트타워6차운영위원회,등록,서울디지털국가산업단지,한국산업단지공단 서울지역본부,국가산업단지,[변경완료신고],공장용지,13213.00 ,99970.06 ,79714.27 ,20255.79 ,"서울특별시 금천구 벚꽃로 298 (가산동, 대륭 포스트타워 6차)",서울특별시 금천구 가산동 50-3번지 대륭 포스트타워 6차,분양,건축완료,도시지역,공업지역,민간
서울특별시,금천구,더루벤스밸리,지식산업센터,KB부동산신탁(주),등록,서울디지털국가산업단지,한국산업단지공단 서울지역본부,국가산업단지,[완료신고],공장용지,4298.00 ,31327.03 ,25297.09 ,6029.94 ,"서울특별시 금천구 가산디지털1로 1,  더루벤스밸리 (가산동)",서울특별시 금천구 가산동  691-3번지,,건축완료,도시지역,공업지역,민간
서울특별시,금천구,더리즌밸리,지식산업센터,더리즌밸리운영위원회,등록,서울디지털국가산업단지,한국산업단지공단 서울지역본부,국가산업단지,[변경완료신고],공장용지,3192.00 ,25153.56 ,19915.25 ,5238.31 ,서울특별시 금천구 가산로9길 66 (가산동),서울특별시 금천구 가산동 60-46,분양,건축완료,도시지역,공업지역,민간
서울특별시,금천구,더스카이밸리,지식산업센터,국제자산신탁(주),등록,서울디지털국가산업단지,한국산업단지공단 서울지역본부,국가산업단지,[변경완료신고],공장용지,4251.00 ,33740.60 ,27025.50 ,6715.10 ,서울특별시 금천구 가산디지털1로 142 (가산동),서울특별시 금천구 가산동 371-57번지,분양,건축완료,도시지역,공업지역,민간
서울특별시,금천구,더스카이밸리 가산2차,지식산업센터,하우스디더스카이밸리가산2차 관리위원회,등록,서울디지털국가산업단지,한국산업단지공단 서울지역본부,국가산업단지,[변경완료신고],공장용지,10109.00 ,29975.71 ,24042.31 ,5933.40 ,서울특별시 금천구 범안로 1142 (가산동),서울특별시 금천구 가산동 714번지,분양/임대,건축완료,도시지역,공업지역,민간
서울특별시,금천구,디지털엠파이어,지식산업센터,디지털엠파이어 입주자대표회의,등록,서울디지털국가산업단지,한국산업단지공단 서울지역본부,국가산업단지,[변경완료신고],공장용지,3668.00 ,47226.89 ,37800.02 ,9426.87 ,"서울특별시 금천구 범안로 1130(가산동, 디지털엠파이어빌딩)",서울특별시 금천구 가산동 685 디지털엠파이어빌딩,분양,건축완료,도시지역,공업지역,민간
서울특별시,금천구,롯데IT캐슬,지식산업센터,롯데IT캐슬입주자대표협의회,등록,서울디지털국가산업단지,한국산업단지공단 서울지역본부,국가산업단지,[변경완료신고],"공장용지, 공장용지, 공장용지, 공장용지",195.00 ,99972.89 ,81602.57 ,18370.32 ,"서울특별시 금천구 가산디지털2로 98(가산동, IT캐슬)",서울특별시 금천구 가산동 550-1 IT캐슬,분양,건축완료,도시지역,공업지역,민간
서울특별시,금천구,롯데센터,지식산업센터,롯데정보통신(주),등록,서울디지털국가산업단지,한국산업단지공단 서울지역본부,국가산업단지,[완료신고],공장용지,6116.00 ,35389.30 ,24652.95 ,10736.35 ,"서울특별시 금천구 가산디지털2로 179 (가산동, 롯데정보통신 아파트형공장)",서울특별시 금천구 가산동 533-2번지,임대,건축완료,도시지역,공업지역,민간
서울특별시,금천구,리더스타워,지식산업센터,리더스타워대표위원회,등록,서울디지털국가산업단지,한국산업단지공단 서울지역본부,국가산업단지,[변경완료신고],공장용지,7099.00 ,51505.41 ,36182.64 ,15322.77 ,"서울특별시 금천구 벚꽃로 286 (가산동, 리더스 타워)",서울특별시 금천구 가산동  60-15번지,분양,건축완료,도시지역,공업지역,민간
서울특별시,금천구,마리오-2패션타워,지식산업센터,(주)마리오,등록,서울디지털국가산업단지,한국산업단지공단 서울지역본부,국가산업단지,[변경완료신고],공장용지,5140.00 ,27917.49 ,19548.08 ,8369.41 ,서울특별시 금천구 디지털로9길 23 (가산동),서울특별시 금천구 가산동  60-52번지,임대,건축완료,도시지역,공업지역,민간
서울특별시,금천구,민주디앤씨,지식산업센터,민주디앤씨(주),등록,서울디지털국가산업단지,한국산업단지공단 서울지역본부,국가산업단지,[변경완료신고],공장용지,1127.00 ,1919.07 ,1355.45 ,563.62 ,서울특별시 금천구 가산디지털2로 127-20 (가산동),서울특별시 금천구 가산동 544-6,임대,건축완료,도시지역,공업지역,민간
서울특별시,금천구,백상스타타워1차,지식산업센터,백상스타타워1차입주자운영관리단,등록,서울디지털국가산업단지,한국산업단지공단 서울지역본부,국가산업단지,[변경완료신고],공장용지,4271.00 ,27861.86 ,22542.67 ,5319.19 ,"서울특별시 금천구 디지털로9길 65 (가산동, 백상스타타워 1차)",서울특별시 금천구 가산동  60-17번지,분양,건축완료,도시지역,공업지역,민간
서울특별시,금천구,백상스타타워2차,지식산업센터,(주)씨제이시너빌,승인,서울디지털국가산업단지,한국산업단지공단 서울지역본부,국가산업단지,[신설변경]승인,공장용지,3507.00 ,22455.88 ,18110.33 ,4345.55 ,"서울특별시 금천구 가산디지털2로 165 (가산동, 백상스타타워 2차)",서울특별시 금천구 가산동 459-22번지,분양,건축완료,도시지역,공업지역,민간
서울특별시,금천구,벽산/경인디지털밸리2차,지식산업센터,경인정밀(주),등록,서울디지털국가산업단지,한국산업단지공단 서울지역본부,국가산업단지,[완료신고],공장용지,12027.00 ,71661.44 ,69128.09 ,2533.35 ,"서울특별시 금천구 가산디지털2로 184 (가산동, 벽산/경인디지털밸리2)",서울특별시 금천구 가산동481-10번지,분양,건축완료,도시지역,공업지역,민간
서울특별시,금천구,벽산디지털밸리5차,지식산업센터,군인공제회,등록,서울디지털국가산업단지,한국산업단지공단 서울지역본부,국가산업단지,[변경완료신고],공장용지,8503.00 ,60594.86 ,48503.48 ,12091.38 ,"서울특별시 금천구 벚꽃로 244 (가산동, 벽산디지털밸리V)",서울특별시 금천구 가산동  60-73번지,분양,건축완료,도시지역,공업지역,민간
서울특별시,금천구,벽산디지털밸리6차,지식산업센터,케이아이 디벨롭먼트(주),등록,서울디지털국가산업단지,한국산업단지공단 서울지역본부,국가산업단지,[완료신고],공장용지,8297.00 ,59868.21 ,48355.43 ,11512.78 ,"서울특별시 금천구 가산디지털1로 219 (가산동, 벽산 디지털밸리6)",서울특별시 금천구 가산동481-4번지,,건축완료,도시지역,공업지역,민간
서울특별시,금천구,비젼파크,지식산업센터,(주)무궁화신탁,등록,서울디지털국가산업단지,한국산업단지공단 서울지역본부,국가산업단지,[완료신고],공장용지,8238.00 ,63249.50 ,47771.02 ,15478.48 ,서울특별시 금천구 가산로7길 100  (가산동),서울특별시 금천구 가산동 219-8 동 층 호,분양/임대,건축완료,도시지역,공업지역,민간
서울특별시,금천구,삼성IT해링턴타워,지식산업센터,삼성IT해링턴타워관리단,등록,서울디지털국가산업단지,한국산업단지공단 서울지역본부,국가산업단지,[변경완료신고],공장용지,4297.00 ,33106.27 ,26603.90 ,6502.37 ,서울특별시 금천구 디지털로9길 41 (가산동),서울특별시 금천구 가산동 60-48번지,분양/임대,건축완료,도시지역,공업지역,민간
서울특별시,금천구,서울데이터허브,지식산업센터,지엘가산메트로(주),등록,서울디지털국가산업단지,한국산업단지공단 서울지역본부,국가산업단지,[변경완료신고],공장용지,8247.00 ,69012.31 ,68405.87 ,606.44 ,서울특별시 금천구 가산로9길 80 (가산동),서울특별시 금천구 가산동 60-29 동 층 호,임대,건축완료,도시지역,공업지역,민간
서울특별시,금천구,스타밸리,지식산업센터,(주)에이씨티에스,등록,서울디지털국가산업단지,한국산업단지공단 서울지역본부,국가산업단지,[변경완료신고],공장용지,672.56 ,3898.46 ,2233.11 ,1665.35 ,"서울특별시 금천구 디지털로9길 99 (가산동, 스타밸리)",서울특별시 금천구 가산동  60-11번지,분양,건축완료,도시지역,공업지역,민간
서울특별시,금천구,승일벤처타워,지식산업센터,(주)승일실업,승인,서울디지털국가산업단지,한국산업단지공단 서울지역본부,국가산업단지,[신설변경]승인,공장용지,2518.00 ,12745.48 ,10215.10 ,2530.38 ,"서울특별시 금천구 가산디지털2로 136 (가산동, 승일VentureTower) (총 5 필지)",서울특별시 금천구 가산동  371-42번지,분양,건축완료,도시지역,공업지역,민간
서울특별시,금천구,신한이노플렉스,지식산업센터,신한이노플렉스관리단대표자회,등록,서울디지털국가산업단지,한국산업단지공단 서울지역본부,국가산업단지,[변경완료신고],공장용지,2480.00 ,17782.10 ,14017.51 ,3764.59 ,"서울특별시 금천구 가산디지털1로 149 (가산동, 신한 이노플렉스)",서울특별시 금천구 가산동  371-59번지,분양,건축완료,도시지역,공업지역,민간
서울특별시,금천구,아이에스비즈타워,지식산업센터,아이에스동서(주),등록,서울디지털국가산업단지,한국산업단지공단 서울지역본부,국가산업단지,[완료신고],공장용지,3487.00 ,28105.81 ,24586.41 ,3519.40 ,서울특별시 금천구 가산디지털1로 75-24 (가산동),서울특별시 금천구 가산동 345-24,분양,건축완료,도시지역,공업지역,민간
서울특별시,금천구,알에스엠타워,지식산업센터,(주)동암씨티,등록,서울디지털국가산업단지,한국산업단지공단 서울지역본부,국가산업단지,[변경완료신고],공장용지,4877.00 ,32547.18 ,24536.50 ,8010.68 ,서울특별시 금천구 가산디지털2로 30 (가산동) (총 2 필지),서울특별시 금천구 가산동 327-29번지,임대,건축완료,도시지역,공업지역,민간
서울특별시,금천구,에스비즈니스센터,지식산업센터,(주)신성씨앤티,등록,서울디지털국가산업단지,한국산업단지공단 서울지역본부,국가산업단지,[완료신고],공장용지,1244.00 ,9071.47 ,8636.49 ,434.98 ,"서울특별시 금천구 가산디지털2로 11 (가산동, 에스비지니스센터)",서울특별시 금천구 가산동 343-8 에스비지니스센터 동 층 호,임대,건축완료,도시지역,공업지역,민간
서울특별시,금천구,에스티엑스브이타워,지식산업센터,(주)골드랜드리치,등록,서울디지털국가산업단지,한국산업단지공단 서울지역본부,국가산업단지,[완료신고],공장용지,10006.00 ,71495.13 ,57684.11 ,13811.02 ,"서울특별시 금천구 가산디지털1로 128 (가산동, STX V-TOWER)",서울특별시 금천구 가산동  371-37번지,,건축완료,도시지역,공업지역,민간
서울특별시,금천구,에이스 가산 포휴(FORHU),지식산업센터,대선건설(주),등록,서울디지털국가산업단지,한국산업단지공단 서울지역본부,국가산업단지,[완료신고],공장용지,10560.00 ,87556.16 ,70456.46 ,17099.70 ,서울특별시 금천구 가산디지털1로 225 (가산동) 에이스 가산 포휴(지식산업센터),서울특별시 금천구 가산동 517-4 에이스 가산 포휴(지식산업센터),분양,건축완료,도시지역,공업지역,민간
서울특별시,금천구,에이스가산타워,지식산업센터,(주)코람코자산신탁,등록,서울디지털국가산업단지,한국산업단지공단 서울지역본부,국가산업단지,[완료신고],"공장용지, 공장용지",6729.00 ,47750.68 ,38292.74 ,9457.94 ,"서울특별시 금천구 디지털로 121 (가산동, 에이스가산타워)",서울특별시 금천구 가산동 550-9번지 에이스가산타워,분양,건축완료,도시지역,공업지역,민간
서울특별시,금천구,에이스골드타워,지식산업센터,에이스골드타워 관리위원회,등록,서울디지털국가산업단지,한국산업단지공단 서울지역본부,국가산업단지,[변경완료신고],공장용지,4399.00 ,36382.63 ,28386.98 ,7995.65 ,서울특별시 금천구 가산디지털1로 100 (가산동),서울특별시 금천구 가산동 345-2,분양,건축완료,도시지역,공업지역,민간
서울특별시,금천구,에이스비즈포레,지식산업센터,(주)하나자산신탁,등록,서울디지털국가산업단지,한국산업단지공단 서울지역본부,국가산업단지,[완료신고],공장용지,3276.00 ,25048.28 ,20116.46 ,4931.82 ,서울특별시 금천구 가산디지털2로 173 (가산동),서울특별시 금천구 가산동 459-23번지,분양,건축완료,도시지역,공업지역,민간
서울특별시,금천구,에이스태세라타워,지식산업센터,(주)태평세라믹스,등록,서울디지털국가산업단지,한국산업단지공단 서울지역본부,국가산업단지,[변경완료신고],공장용지,3467.00 ,24745.89 ,20031.02 ,4714.87 ,서울특별시 금천구 가산디지털2로 46 (가산동),서울특별시 금천구 가산동 345-25번지,분양,건축완료,도시지역,공업지역,민간
서울특별시,금천구,에이스테크노타워10차,지식산업센터,에이스종합건설(주),등록,서울디지털국가산업단지,한국산업단지공단 서울지역본부,국가산업단지,[변경완료신고],공장용지,8380.23 ,43369.52 ,35077.14 ,8292.38 ,"서울특별시 금천구 가산디지털1로 196 (가산동, 가산동에이스테크노타워10차)",서울특별시 금천구 가산동  470-5번지,분양,건축완료,도시지역,공업지역,민간
서울특별시,금천구,에이스하이엔드7차,지식산업센터,하이엔드칠차(유),등록,서울디지털국가산업단지,한국산업단지공단 서울지역본부,국가산업단지,[변경완료신고],"공장용지, 공장용지",3378.00 ,24322.28 ,19589.28 ,4733.00 ,"서울특별시 금천구 가산디지털2로 67 (가산동, 에이스하이엔드타워7) (총 2 필지) 외 1필지",서울특별시 금천구 가산동 345-33번지 외 1필지,분양,건축완료,도시지역,공업지역,민간
서울특별시,금천구,에이스하이엔드8차(주),지식산업센터,하이엔드타워팔차(유),등록,서울디지털국가산업단지,한국산업단지공단 서울지역본부,국가산업단지,[변경완료신고],공장용지,6404.00 ,45095.53 ,36499.99 ,8595.54 ,"서울특별시 금천구 가산디지털1로 84 (가산동, 에이스하이엔드타워8)",서울특별시 금천구 가산동  345-4번지,,건축완료,도시지역,공업지역,민간
서울특별시,금천구,에이스하이엔드타워10차,지식산업센터,한국자산신탁주식회사,등록,서울디지털국가산업단지,한국산업단지공단 서울지역본부,국가산업단지,[완료신고],공장용지,6694.00 ,48606.10 ,41665.67 ,6940.43 ,"서울특별시 금천구 가산디지털1로 30 (가산동, 4동)",서울특별시 금천구 가산동 660번지 4동,분양,건축완료,도시지역,공업지역,민간
서울특별시,금천구,에이스하이엔드타워3차,지식산업센터,에이스하이앤드타워삼차(주),등록,서울디지털국가산업단지,한국산업단지공단 서울지역본부,국가산업단지,[변경완료신고],"공장용지, 공장용지, 공장용지, 공장용지",12106.00 ,89557.62 ,73725.79 ,15831.83 ,"서울특별시 금천구 가산디지털1로 145 (가산동, 에이스하이엔드타워3) (총 4 필지) 외 3필지",서울특별시 금천구 가산동  371-50번지 외 3필지,분양,건축완료,도시지역,공업지역,민간
서울특별시,금천구,에이스하이엔드타워5차,지식산업센터,하이엔드오차(유),등록,서울디지털국가산업단지,한국산업단지공단 서울지역본부,국가산업단지,[변경완료신고],공장용지,3306.00 ,23722.86 ,19017.78 ,4705.08 ,"서울특별시 금천구 가산디지털1로 226 (가산동, 에이스하이엔드타워5)",서울특별시 금천구 가산동 505-18번지,,건축완료,도시지역,공업지역,민간
서울특별시,금천구,에이스하이엔드타워6차,지식산업센터,에이스하이엔드타워육차(주),등록,서울디지털국가산업단지,한국산업단지공단 서울지역본부,국가산업단지,[변경완료신고],공장용지,8054.00 ,59084.31 ,47770.95 ,11313.36 ,"서울특별시 금천구 벚꽃로 234 (가산동, 에이스하이엔드타워6)",서울특별시 금천구 가산동  60-25번지,분양/임대,건축완료,도시지역,공업지역,민간
서울특별시,금천구,에이스하이엔드타워9차,지식산업센터,하이엔드타워구차(유),등록,서울디지털국가산업단지,한국산업단지공단 서울지역본부,국가산업단지,[완료신고],공장용지,5916.00 ,42082.32 ,38605.23 ,3477.09 ,서울특별시 금천구 가산디지털1로 233 (가산동),서울특별시 금천구 가산동481-2번지,분양/임대,건축완료,도시지역,공업지역,민간
서울특별시,금천구,에이스하이엔드타워클래식,지식산업센터,에이스하이엔드타워클래식 관리위원회,등록,서울디지털국가산업단지,한국산업단지공단 서울지역본부,국가산업단지,[완료신고],공장용지,11405.00 ,77198.19 ,62447.19 ,14751.00 ,서울특별시 금천구 벚꽃로24길 26 (가산동),서울특별시 금천구 가산동 219-6번지,분양,건축완료,도시지역,공업지역,민간
서울특별시,금천구,에이스한솔타워,지식산업센터,한솔프린팅(주),등록,서울디지털국가산업단지,한국산업단지공단 서울지역본부,국가산업단지,[완료신고],공장용지,6237.00 ,51263.77 ,38678.38 ,12585.39 ,"서울특별시 금천구 가산디지털1로 58, 에이스한솔타워 (가산동)",서울특별시 금천구 가산동 319-8번지 에이스한솔타워,분양,건축완료,도시지역,공업지역,민간
서울특별시,금천구,엘리시아,지식산업센터,(주)한국토지신탁,등록,서울디지털국가산업단지,한국산업단지공단 서울지역본부,국가산업단지,[변경완료신고],공장용지,3349.00 ,21993.52 ,17735.36 ,4258.16 ,"서울특별시 금천구 디지털로 173 (가산동, 엘리시아)",서울특별시 금천구 가산동 60-69번지,,건축완료,도시지역,공업지역,민간
서울특별시,금천구,우림라이온스밸리,지식산업센터,(주)우림홀딩스,승인,서울디지털국가산업단지,한국산업단지공단 서울지역본부,국가산업단지,[신설변경]승인,"공장용지, 공장용지, 공장용지, 공장용지, 공장용지",27770.00 ,190392.75 ,133440.97 ,56951.78 ,"서울특별시 금천구 가산디지털1로 168 (가산동, 우림 라이온스밸리) 외 4필지",서울특별시 금천구 가산동 371-28번지 외 4필지,분양,건축완료,도시지역,공업지역,민간
서울특별시,금천구,우림라이온스밸리2차,지식산업센터,(주)우림휴먼텍,등록,서울디지털국가산업단지,한국산업단지공단 서울지역본부,국가산업단지,[완료신고],공장용지,9747.00 ,63999.82 ,45045.85 ,18953.97 ,"서울특별시 금천구 가산디지털1로 2 (가산동, 우림라이온스밸리 2차)",서울특별시 금천구 가산동  680번지,분양,건축완료,도시지역,공업지역,민간
서울특별시,금천구,월드메르디앙벤처센터,지식산업센터,월드벤처테크(주),등록,서울디지털국가산업단지,한국산업단지공단 서울지역본부,국가산업단지,[변경완료신고],공장용지,9647.00 ,63439.01 ,44414.61 ,19024.40 ,"서울특별시 금천구 벚꽃로 254 (가산동, 월드메르디앙벤처센타)",서울특별시 금천구 가산동  60-24번지,분양,건축완료,도시지역,공업지역,민간
서울특별시,금천구,월드메르디앙벤처센터2차,지식산업센터,월드메르디앙벤처센터2차 운영위원회,등록,서울디지털국가산업단지,한국산업단지공단 서울지역본부,국가산업단지,[변경완료신고],공장용지,10284.00 ,65085.02 ,45614.51 ,19470.51 ,"서울특별시 금천구 가산디지털2로 123 (가산동, 월드메르디앙벤처센터II) (총 9 필지)",서울특별시 금천구 가산동  426-5번지,분양,건축완료,도시지역,공업지역,민간
서울특별시,금천구,이노플렉스1차,지식산업센터,세진개발,등록,서울디지털국가산업단지,한국산업단지공단 서울지역본부,국가산업단지,[변경완료신고],공장용지,3306.00 ,23499.41 ,17972.87 ,5526.54 ,"서울특별시 금천구 가산디지털1로 151 (가산동, 이노플렉스-Ⅰ)",서울특별시 금천구 가산동 371-47번지,,건축완료,도시지역,공업지역,민간
서울특별시,금천구,이앤씨드림타워7차,지식산업센터,이앤씨드림타워7차입주자치위원회,등록,서울디지털국가산업단지,한국산업단지공단 서울지역본부,국가산업단지,[변경완료신고],공장용지,4625.00 ,30260.90 ,24232.26 ,6028.64 ,"서울특별시 금천구 디지털로9길 46 (가산동, 이앤씨드림타워7차)",서울특별시 금천구 가산동  60-44번지,분양,건축완료,도시지역,공업지역,민간
서울특별시,금천구,이앤씨드림타워8차,지식산업센터,이엔씨드림타워8차CEO협의회,등록,서울디지털국가산업단지,한국산업단지공단 서울지역본부,국가산업단지,[변경완료신고],공장용지,3610.00 ,23561.27 ,19013.72 ,4547.55 ,"서울특별시 금천구 가산디지털1로 45 (가산동, 이앤씨드림타워8차)",서울특별시 금천구 가산동 327-27번지,분양,건축완료,도시지역,공업지역,민간
서울특별시,금천구,지밸리더리브스마트타워,지식산업센터,지밸리 더리브스마트타워 관리단,등록,서울디지털국가산업단지,한국산업단지공단 서울지역본부,국가산업단지,[변경완료신고],공장용지,4417.00 ,34668.15 ,27267.58 ,7400.57 ,서울특별시 금천구 가산디지털2로 34 (가산동),서울특별시 금천구 가산동 327-5,분양,건축완료,도시지역,공업지역,민간
서울특별시,금천구,케이원타워,지식산업센터,케이원디앤씨(주),등록,서울디지털국가산업단지,한국산업단지공단 서울지역본부,국가산업단지,[완료신고],공장용지,3306.00 ,25520.95 ,20441.80 ,5079.15 ,"서울특별시 금천구 가산디지털2로 166 (가산동, 에이스 K1타워)",서울특별시 금천구 가산동 459-29 에이스 K1타워,분양,건축완료,도시지역,공업지역,민간
서울특별시,금천구,코오롱디지털에스턴,지식산업센터,코오롱씨앤씨(주),승인,서울디지털국가산업단지,한국산업단지공단 서울지역본부,국가산업단지,[신설변경]승인,"공장용지, 공장용지",7418.00 ,48354.61 ,38885.79 ,9468.82 ,"서울특별시 금천구 가산디지털1로 212 (가산동, 코오롱 디지털타워 애스턴) (총 2 필지)",서울특별시 금천구 가산동  505-14번지,분양,건축완료,도시지역,공업지역,민간
서울특별시,금천구,코오롱테크노밸리,지식산업센터,코오롱테크노밸리지식산업센터입주자회의,등록,서울디지털국가산업단지,한국산업단지공단 서울지역본부,국가산업단지,[변경완료신고],공장용지,4258.00 ,25704.19 ,19481.36 ,6222.83 ,"서울특별시 금천구 디지털로9길 56 (가산동, 코오롱테크노밸리)",서울특별시 금천구 가산동 60-4번지,분양,건축완료,도시지역,공업지역,민간
서울특별시,금천구,태림M타워,지식산업센터,태림모피2공장,승인,서울디지털국가산업단지,한국산업단지공단 서울지역본부,국가산업단지,[신설]승인,공장용지,3306.00 ,26954.60 ,23139.31 ,3815.29 ,서울특별시 금천구 가산디지털2로 129 (가산동),서울특별시 금천구 가산동 450-3번지,분양,미착공,도시지역,공업지역,민간
서울특별시,금천구,파트너스타워,지식산업센터,(주)케이알제이호개발전문위탁관리부동산투자회사,등록,서울디지털국가산업단지,한국산업단지공단 서울지역본부,국가산업단지,[변경완료신고],공장용지,3495.00 ,25824.22 ,20801.11 ,5023.11 ,"서울특별시 금천구 가산디지털1로 83 (가산동, 파트너스 타워1)",서울특별시 금천구 가산동 345-13번지,,건축완료,도시지역,공업지역,민간
서울특별시,금천구,하우스디 가산퍼스타,지식산업센터,대한토지신탁(주),승인,서울디지털국가산업단지,한국산업단지공단 서울지역본부,국가산업단지,[신설변경]승인,공장용지,3260.00 ,26479.40 ,18558.43 ,7920.97 ,서울특별시 금천구 가산디지털2로 169-16 (가산동),서울특별시 금천구 가산동 459-24,분양,건축완료,도시지역,공업지역,민간
서울특별시,금천구,하우스디 와이즈타워,지식산업센터,가산 하우스디 와이즈타워 관리단,등록,서울디지털국가산업단지,한국산업단지공단 서울지역본부,국가산업단지,[변경완료신고],공장용지,3573.00 ,31286.44 ,23456.45 ,7829.99 ,서울특별시 금천구 가산디지털1로 75-15 (가산동),서울특별시 금천구 가산동 345-19,분양,건축완료,도시지역,공업지역,민간
서울특별시,금천구,한국전자협동,지식산업센터,한국전자협동운영위원회,등록,서울디지털국가산업단지,한국산업단지공단 서울지역본부,국가산업단지,[완료신고],공장용지,5620.00 ,17527.36 ,16316.72 ,1210.64 ,"서울특별시 금천구 가산디지털2로 114 (가산동, 한국전자협동아파트형공장)",서울특별시 금천구 가산동  371-51번지,분양,건축완료,도시지역,공업지역,민간
서울특별시,금천구,한라시그마밸리,지식산업센터,한라시그마밸리 입주자대표위원회,등록,서울디지털국가산업단지,한국산업단지공단 서울지역본부,국가산업단지,[변경완료신고],공장용지,10572.00 ,74379.84 ,59672.61 ,14707.23 ,"서울특별시 금천구 가산디지털2로 53 (가산동, 한라시그마밸리)",서울특별시 금천구 가산동 345-90 한라시그마밸리,분양,건축완료,도시지역,공업지역,민간
서울특별시,금천구,한라원앤원타워,지식산업센터,한라원앤원타워관리단운영위원회,등록,서울디지털국가산업단지,한국산업단지공단 서울지역본부,국가산업단지,[변경완료신고],공장용지,10072.00 ,74824.88 ,58613.32 ,16211.56 ,서울특별시 금천구 가산디지털2로 101 (가산동),서울특별시 금천구 가산동 549-1번지,분양,건축완료,도시지역,공업지역,민간
서울특별시,금천구,한섬아파트형공장,지식산업센터,(주)한섬,등록,서울디지털국가산업단지,한국산업단지공단 서울지역본부,국가산업단지,[완료신고],공장용지,4959.00 ,10529.00 ,8473.21 ,2055.79 ,"서울특별시 금천구 디지털로9길 57 (가산동, (주)한섬 금천공장)",서울특별시 금천구 가산동  60-42번지,임대,건축완료,도시지역,공업지역,민간
서울특별시,금천구,한신IT타워2차,지식산업센터,대한토지신탁(주),등록,서울디지털국가산업단지,한국산업단지공단 서울지역본부,국가산업단지,[변경완료신고],공장용지,4817.00 ,30488.91 ,25017.79 ,5471.12 ,"서울특별시 금천구 디지털로9길 47 (가산동, 한신IT TOWER Ⅱ)",서울특별시 금천구 가산동  60-18번지,분양,건축완료,도시지역,공업지역,민간
서울특별시,금천구,한화비즈메트로2차,지식산업센터,(주)유토피엠,등록,서울디지털국가산업단지,한국산업단지공단 서울지역본부,국가산업단지,[완료신고],공장용지,7789.00 ,63434.68 ,57616.62 ,5818.06 ,서울특별시 금천구 가산디지털2로 43-14 (가산동),서울특별시 금천구 가산동 554-2,분양,건축완료,도시지역,공업지역,민간
서울특별시,금천구,현대지식산업센터 가산퍼블릭,지식산업센터,(주)하나자산신탁,등록,서울디지털국가산업단지,한국산업단지공단 서울지역본부,국가산업단지,[완료신고],공장용지,30180.00 ,258892.57 ,181729.99 ,77162.58 ,서울특별시 금천구 디지털로 178  (가산동),서울특별시 금천구 가산동 60-26,분양,건축완료,도시지역,공업지역,민간
서울특별시,금천구,현대테라타워 가산DK,지식산업센터,(주)동광인터내셔날,등록,서울디지털국가산업단지,한국산업단지공단 서울지역본부,국가산업단지,[변경완료신고],공장용지,10225.00 ,86206.98 ,69204.07 ,17002.91 ,서울특별시 금천구 가산디지털2로 144 (가산동),서울특별시 금천구 가산동 459-14번지,분양,건축완료,도시지역,공업지역,민간
서울특별시,금천구,호서대벤처타워,지식산업센터,호서대벤처타워관리단,등록,서울디지털국가산업단지,한국산업단지공단 서울지역본부,국가산업단지,[변경완료신고],"공장용지, 공장용지, 공장용지, 공장용지, 공장용지",7453.00 ,54983.96 ,44102.37 ,10881.59 ,"서울특별시 금천구 가산디지털1로 70 (가산동, 호서대벤처타워) 외 4필지",서울특별시 금천구 가산동 319번지 외 4필지,분양,건축완료,도시지역,공업지역,민간
서울특별시,노원구,월계공장집단화 사업 협동조합,지식산업센터,중소기업진흥공단,등록,,서울특별시 노원구,개별,[완료신고],대,3087.70 ,0.00 ,0.00 ,0.00 ,"서울특별시 노원구 월계로45길 28 (월계동, 월계아파트형공장)",서울특별시 노원구 월계제2동 562번지,,건축완료,,,공공
서울특별시,노원구,중계 제1공단,지식산업센터,도시개발공사,등록,,서울특별시 노원구,개별,[완료신고],,3696.00 ,0.00 ,0.00 ,0.00 ,"서울특별시 노원구 노원로19길 31 (중계동, 시영4단지목화아파트)",서울특별시 노원구 중계동 511-2번지,,건축완료,,,공공
서울특별시,노원구,하계테크노타운,지식산업센터,중소기업진흥공단,등록,,서울특별시 노원구,개별,[완료신고],대,10570.60 ,0.00 ,0.00 ,0.00 ,"서울특별시 노원구 노원로15길 10 (하계동, 하계테크노타운) (총 3 필지) 외 2필지",서울특별시 노원구 하계동 250-3번지 외 2필지,,건축완료,,,공공
서울특별시,마포구,DMC도시형공장(첨단산업센터),지식산업센터,에스에이치 공사,등록,,서울특별시 마포구,개별,[변경완료신고],대,17070.00 ,77190.91 ,35142.63 ,42048.28 ,서울특별시 마포구 성암로 330,서울특별시 마포구 상암동 1580번지 상암택지개발지구 DMC단지 G블,,건축완료,도시지역,주거지역,공공
서울특별시,마포구,마포 출판인쇄 스마트앵커,지식산업센터,마포구청,승인,,서울특별시 마포구,개별,[신설]승인,"주차장, 주차장, 주차장, 주차장, 주차장",1568.90 ,5942.28 ,4724.88 ,1217.40 ,,서울특별시 마포구 성산동 275-55 외 4필지,,미착공,도시지역,주거지역,공공
서울특별시,성동구,(주)삼우,지식산업센터,(주)삼우아트,등록,,서울특별시 성동구,개별,[완료신고],대,744.80 ,1435.84 ,1197.01 ,238.83 ,"서울특별시 성동구 연무장17길 3 (성수동2가, (주)삼우 아파트형공장)",서울특별시 성동구 성수동2가 272-38번지,분양,건축완료,도시지역,공업지역,민간
서울특별시,성동구,S-타워,지식산업센터,한정일외 8인,승인,,서울특별시 성동구,개별,[신설]승인,대,2978.00 ,26159.51 ,24874.47 ,1285.04 ,"서울특별시 성동구 성수일로 12, 성동구 성수동1가 72-8외2(72-112, 72-158) (성수동1가)","서울특별시 성동구 성수동1가 72-8번지 성동구 성수동1가 72-8외2(72-112, 72-158)",분양,미착공,도시지역,공업지역,민간
서울특별시,성동구,SH센터,지식산업센터,주식회사 송학,승인,,서울특별시 성동구,개별,[신설]승인,"공장용지, 공장용지",1239.74 ,8849.26 ,6208.71 ,2640.55 ,서울특별시 성동구 아차산로 148 (성수동2가) 외 1필지,서울특별시 성동구 성수동2가 273-14번지 외 1필지,임대,,도시지역,공업지역,민간
서울특별시,성동구,SK,지식산업센터,SK테크노빌딩,등록,,서울특별시 성동구,개별,[변경완료신고],공장용지,4672.40 ,18608.52 ,8993.36 ,9615.16 ,"서울특별시 성동구 성수일로 55 (성수동1가, SK테크노빌딩)",서울특별시 성동구 성수동1가 16-4번지,분양,건축완료,도시지역,공업지역,민간
서울특별시,성동구,남영아파트형공장(변경전:아주),지식산업센터,남영아파트형공장,등록,,자료없음,개별,[완료신고],대,1517.70 ,8439.65 ,5398.21 ,3041.44 ,"서울특별시 성동구 성수일로 84 (성수동2가, 남영아파트형공장)",서울특별시 성동구 성수동2가 284-49번지,,건축완료,도시지역,공업지역,민간
서울특별시,성동구,대군인더스타운,지식산업센터,대군토건(주),등록,,서울특별시 성동구,개별,[완료신고],대,1009.50 ,6406.37 ,5254.20 ,1152.17 ,"서울특별시 성동구 연무장17길 14 (성수동2가, 대군인더스 타운)",서울특별시 성동구 성수동2가 275-29번지,분양,건축완료,도시지역,공업지역,민간
서울특별시,성동구,더리브 세종타워,지식산업센터,케이비 부동산신탁(주),등록,,서울특별시 성동구,개별,[완료신고],공장용지,2890.30 ,30088.28 ,21458.25 ,8630.03 ,서울특별시 성동구 아차산로 126 (성수동2가),서울특별시 성동구 성수동2가 273-17번지,분양,건축완료,도시지역,공업지역,민간
서울특별시,성동구,더스페이스 타워,지식산업센터,(주)무궁화신탁,승인,,서울특별시 성동구,개별,[신설변경]승인,"대, 대, 대, 대, 대, 대, 대",2019.00 ,17488.91 ,15477.16 ,2011.75 ,서울특별시 성동구 광나루로 146 (성수동1가) 외 6필지,서울특별시 성동구 성수동1가 656-882번지 외 6필지,,건축완료,도시지역,공업지역,민간
서울특별시,성동구,동진아이티타워,지식산업센터,주식회사 하나자산신탁,등록,,서울특별시 성동구,개별,[완료신고],공장용지,1679.10 ,15244.24 ,13875.85 ,1368.39 ,"서울특별시 성동구 상원12길 30 (성수동1가, 동진아이티타워)",서울특별시 성동구 성수동1가 13-214 동진아이티타워,분양,건축완료,도시지역,공업지역,민간
서울특별시,성동구,두앤캔하우스,지식산업센터,(주)두앤켄,등록,,서울특별시 성동구,개별,[완료신고],대,822.00 ,3768.91 ,2566.62 ,1202.29 ,"서울특별시 성동구 아차산로 3 (성수동1가, 성수동 아파트형 공장 두앤캔 하우스)",서울특별시 성동구 성수동1가 656-1683번지,임대,건축완료,도시지역,공업지역,민간
서울특별시,성동구,메타모르포,지식산업센터,(주)코렘시스,등록,,서울특별시 성동구,개별,[완료신고],대,1807.60 ,6508.19 ,5790.80 ,717.39 ,"서울특별시 성동구 성수일로 89(성수동1가, Metamorpho(지식산업센터))",서울특별시 성동구 성수동1가 13-189 Metamorpho(지식산업센터),분양/임대,건축완료,도시지역,공업지역,민간
서울특별시,성동구,백영성수센터,지식산업센터,주식회사 백영,등록,,서울특별시 성동구,개별,[변경완료신고],"대, 대",234210.00 ,18371.03 ,13744.80 ,4626.23 ,"서울특별시 성동구 성수일로 56 (성수동2가, 신일자동차공업) 외 1필지",서울특별시 성동구 성수동2가 301-51번지 신일자동차공업 외 1필지,임대,건축완료,도시지역,공업지역,민간
서울특별시,성동구,블루스톤 타워,지식산업센터,국제자산신탁 주식회사,승인,,서울특별시 성동구,개별,[신설변경]승인,공장용지,2160.00 ,19972.77 ,7252.59 ,12720.18 ,"서울특별시 성동구, (성수동2가 302-8, 2017.9.11 소재지 오기 정정) (성수동2가)","서울특별시 성동구 성수동2가 302-8번지 (성수동2가 302-8, 2017.9.11 소재지 오기 정정)",분양,건축완료,도시지역,공업지역,민간
서울특별시,성동구,삼성문화,지식산업센터,삼성문화인쇄(주),등록,,서울특별시 성동구,개별,[완료신고],대,2099.20 ,9989.77 ,5937.53 ,4052.24 ,서울특별시 성동구 아차산로11길 30 (성수동2가),서울특별시 성동구 성수동2가 278-32번지,분양,건축완료,도시지역,공업지역,민간
서울특별시,성동구,삼풍,지식산업센터,삼풍아파트형공장,등록,,서울특별시 성동구,개별,[완료신고],공장용지,2980.80 ,10727.98 ,7330.00 ,3397.98 ,서울특별시 성동구 성수일로10길 8 (성수동2가),서울특별시 성동구 성수동2가 284-50번지,분양,건축완료,도시지역,공업지역,민간
서울특별시,성동구,삼환디지털벤처타워,지식산업센터,삼환기업주식회사,등록,,서울특별시 성동구,개별,[완료신고],공장용지,3496.50 ,20172.05 ,16103.68 ,4068.37 ,"서울특별시 성동구 아차산로15길 52 (성수동2가, 삼환 디지텔 벤처타워)",서울특별시 성동구 성수동2가 280-13번지,분양,건축완료,도시지역,공업지역,민간
서울특별시,성동구,생각공장데시앙플렉스,지식산업센터,코리아신탁(주),등록,,서울특별시 성동구,개별,[완료신고],공장용지,8436.00 ,70327.40 ,28854.98 ,41472.42 ,"서울특별시 성동구 동일로 151 (성수동2가, 엠코코리아)",서울특별시 성동구 성수동2가 280-6번지 엠코코리아,,건축완료,도시지역,공업지역,민간
서울특별시,성동구,서울숲  ITCT,지식산업센터,국제자산신탁 주식회사,승인,,서울특별시 성동구,개별,[신설변경]승인,대,2978.00 ,14050.27 ,11970.73 ,2079.54 ,"서울특별시 성동구 성수일로 12, 성수동1가 72-8외2(72-112, 72-158) (성수동1가)","서울특별시 성동구 성수동1가 72-8번지 성수동1가 72-8외2(72-112, 72-158)",분양,건축완료,도시지역,공업지역,공공
서울특별시,성동구,서울숲 AK밸리,지식산업센터,대한토지신탁(주),등록,,서울특별시 성동구,개별,[완료신고],대,2996.40 ,25630.75 ,23524.48 ,2106.27 ,서울특별시 성동구 성수일로 99 (성수동1가),서울특별시 성동구 성수동1가 13-207번지,분양,건축완료,도시지역,공업지역,민간
서울특별시,성동구,서울숲 L-Tower,지식산업센터,아시아신탁(주),등록,,서울특별시 성동구,개별,[완료신고],대,2982.51 ,22544.22 ,16160.14 ,6384.08 ,서울특별시 성동구 아차산로 17,서울특별시 성동구 성수동1가 656-1110번지 외 12필지,분양,건축완료,도시지역,공업지역,민간
서울특별시,성동구,서울숲 sk v1 타워,지식산업센터,(주)메이저아이앤디,등록,,서울특별시 성동구,개별,[완료신고],공장용지,5181.00 ,38495.60 ,36167.61 ,2327.99 ,서울특별시 성동구 성수일로8길 5,"서울특별시 성동구 성수동2가 284-55번지 ,284-107",임대,건축완료,도시지역,공업지역,민간
서울특별시,성동구,서울숲 더스페이스,지식산업센터,케이비부동산신탁 주식회사,등록,,서울특별시 성동구,개별,[완료신고],"대, 대",3050.00 ,25623.73 ,12132.13 ,13491.60 ,"서울특별시 성동구 성수일로 39-34 (성수동1가, 서울숲 더스페이스) 외 1필지",서울특별시 성동구 성수동1가 22-7 서울숲 더스페이스 동 층 호 외 1필지,,건축완료,도시지역,공업지역,민간
서울특별시,성동구,서울숲 드림타워,지식산업센터,(주)하나다올신탁,등록,,서울특별시 성동구,개별,[완료신고],공장용지,2784.63 ,23624.68 ,19746.49 ,3878.19 ,"서울특별시 성동구 성수이로 66 (성수동2가, 세진인쇄사) (총 2 필지)",서울특별시 성동구 성수동2가 323번지,분양/임대,건축완료,도시지역,공업지역,민간
서울특별시,성동구,서울숲 비즈포레,지식산업센터,주식회사 하나자산신탁,등록,,서울특별시 성동구,개별,[완료신고],공장용지,2207.00 ,17617.25 ,16555.83 ,1061.42 ,"서울특별시 성동구 왕십리로10길 6 (성수동1가, 신광케미칼)",서울특별시 성동구 성수동1가 656-439번지 신광케미칼,분양,건축완료,도시지역,공업지역,민간
서울특별시,성동구,서울숲 엠타워(성수동656-334),지식산업센터,국제자산신탁(주),등록,,서울특별시 성동구,개별,[완료신고],대,2983.00 ,12554.73 ,11244.02 ,1310.71 ,"서울특별시 성동구 뚝섬로1길 31 (성수동1가, 라동)",서울특별시 성동구 성수동1가 656-334번지 라동,,건축완료,도시지역,공업지역,민간
서울특별시,성동구,서울숲 코리아 IT센터,지식산업센터,우리자산신탁 주식회사,등록,,서울특별시 성동구,개별,[완료신고],공장용지,17041.26 ,17041.26 ,6082.35 ,10958.91 ,서울특별시 성동구 성수일로12길 26 (성수동2가),서울특별시 성동구 성수동2가 289-18,분양,건축완료,도시지역,공업지역,민간
서울특별시,성동구,서울숲 코오롱 1차,지식산업센터,KB 부동산신탁,등록,,서울특별시 성동구,개별,[변경완료신고],공장용지,7912.00 ,56857.52 ,42440.76 ,14416.76 ,서울특별시 성동구 성수일로4길 25 (성수동2가),서울특별시 성동구 성수동2가 308-4번지,,건축완료,도시지역,공업지역,민간
서울특별시,성동구,서울숲 한라시그마밸리,지식산업센터,주식회사 디벨로시티,등록,,서울특별시 성동구,개별,[완료신고],전,3907.00 ,33965.49 ,29684.44 ,4281.05 ,"서울특별시 성동구 성수이로 51 (성수동2가, 서울숲 한라시그마밸리) (총 13 필지) 외 12필지",서울특별시 성동구 성수동2가 325-2번지 외 12필지,분양,건축완료,도시지역,공업지역,민간
서울특별시,성동구,서울숲 한라에코밸리,지식산업센터,(주)하나다올신탁,등록,,서울특별시 성동구,개별,[완료신고],공장용지,2648.00 ,20765.76 ,18937.25 ,1828.51 ,"서울특별시 성동구 뚝섬로1길 25,  외 1필지(656-1222) (성수동1가)",서울특별시 성동구 성수동1가 656-36번지 외 1필지(656-1222),분양,건축완료,도시지역,공업지역,민간
서울특별시,성동구,서울숲IT밸리,지식산업센터,(주)한국토지신탁,등록,,서울특별시 성동구,개별,[완료신고],대,5580.50 ,49157.94 ,40667.14 ,8490.80 ,서울특별시 성동구 성수일로 77,서울특별시 성동구 성수동1가 13-170번지 외 9필지,분양,건축완료,도시지역,공업지역,민간
서울특별시,성동구,서울숲IT캐슬,지식산업센터,롯데자산개발(주),등록,,서울특별시 성동구,개별,[완료신고],"공장용지, 공장용지, 공장용지, 공장용지, 공장용지",4423.00 ,36748.18 ,27996.20 ,8751.98 ,서울특별시 성동구 성수동1가 671-41번지 외 4필지,서울특별시 성동구 성수동1가 671-41번지 외 4필지,분양/임대,건축완료,도시지역,공업지역,민간
서울특별시,성동구,서울숲에이원센터,지식산업센터,아시아신탁(주),등록,,서울특별시 성동구,개별,[완료신고],"공장용지, 공장용지, 공장용지, 공장용지, 공장용지, 공장용지",4085.50 ,36429.60 ,17180.48 ,19249.12 ,서울특별시 성동구 상원12길 34 (성수동1가) 외 5필지,서울특별시 성동구 성수동1가 13-209번지 외 5필지,,건축완료,도시지역,공업지역,민간
서울특별시,성동구,서울숲에이타워,지식산업센터,국제자산신탁 주식회사,등록,,서울특별시 성동구,개별,[완료신고],대,4204.00 ,34844.97 ,30934.76 ,3910.21 ,"서울특별시 성동구 상원길 23, 성수동1가656-591외3필지 (성수동1가)",서울특별시 성동구 성수동1가 656-591번지 성수동1가656-591외3필지,분양,건축완료,도시지역,공업지역,민간
서울특별시,성동구,서울숲코오롱디지털타워2차,지식산업센터,(주)케이티,등록,,서울특별시 성동구,개별,[완료신고],공장용지,4527.90 ,27110.35 ,12696.22 ,14414.13 ,"서울특별시 성동구 성수이로7길 27 (성수동2가, 서울숲 코오롱 디지털타워2)",서울특별시 성동구 성수동2가 333-140번지,분양/임대,건축완료,도시지역,공업지역,민간
서울특별시,성동구,서울숲코오롱디지털타워3차,지식산업센터,코오롱씨앤씨주식회사,등록,,서울특별시 성동구,개별,[완료신고],공장용지,3571.20 ,25867.72 ,23862.10 ,2005.62 ,"서울특별시 성동구 아차산로 49 (성수동1가, 서울숲 코오롱디지털타워 Ⅲ) (총 2 필지) 외 1필지",서울특별시 성동구 성수동1가 14-18번지 외 1필지,분양/임대,건축완료,도시지역,공업지역,민간
서울특별시,성동구,서울숲한라시그마밸리II,지식산업센터,향우실업(주),등록,,서울특별시 성동구,개별,[완료신고],대,2622.00 ,20885.27 ,19744.43 ,1140.84 ,서울특별시 성동구 성수이로7길 7 (성수동2가),서울특별시 성동구 성수동2가 333-15번지,분양,건축완료,도시지역,공업지역,민간
서울특별시,성동구,서울제일인쇄협동조합,지식산업센터,서울제일인쇄정보산업협동조합,등록,,서울특별시 성동구,개별,[완료신고],공장용지,2528.90 ,9403.74 ,8437.65 ,966.09 ,"서울특별시 성동구 성수이로 144-29 (성수동2가, 서울제일인쇄공업사업협동조합)",서울특별시 성동구 성수동2가 277-7번지,분양,건축완료,도시지역,공업지역,민간
서울특별시,성동구,성수 AK밸리,지식산업센터,대한토지신탁(주),등록,,서울특별시 성동구,개별,[완료신고],대,2503.80 ,22220.14 ,9236.29 ,12983.85 ,"서울특별시 성동구 연무장길 78 (성수동2가, 대경빌딩)",서울특별시 성동구 성수동2가 322-1번지 대경빌딩,,건축완료,도시지역,공업지역,민간
서울특별시,성동구,성수 SK V1 center 1,지식산업센터,주식회사 무궁화신탁,등록,,서울특별시 성동구,개별,[완료신고],공장용지,6667.40 ,55886.68 ,41060.65 ,14826.03 ,"서울특별시 성동구 동일로 151 (성수동2가, 엠코코리아)",서울특별시 성동구 성수동2가 280번지 엠코코리아,,건축완료,도시지역,공업지역,민간
서울특별시,성동구,성수 SK V1 center Ⅱ,지식산업센터,주식회사 무궁화신탁,등록,,서울특별시 성동구,개별,[완료신고],공장용지,1883.00 ,15918.39 ,7202.90 ,8715.49 ,"서울특별시 성동구 동일로 151 (성수동2가, 엠코코리아)",서울특별시 성동구 성수동2가 281-24번지 엠코코리아,,건축완료,도시지역,공업지역,민간
서울특별시,성동구,성수 드림빌드 지식산업센터,지식산업센터,신한자산신탁 주식회사,승인,,서울특별시 성동구,개별,[신설변경]승인,대,1154.70 ,10711.47 ,3378.00 ,7333.47 ,"서울특별시 성동구 아차산로 132(성수동2가, 난현철강(주))",서울특별시 성동구 성수동2가 273-55 난현철강(주),,건축중,도시지역,공업지역,민간
서울특별시,성동구,성수 선명스퀘어,지식산업센터,(주)무궁화신탁,등록,,서울특별시 성동구,개별,[완료신고],"대, 대, 대, 대",2669.40 ,25103.88 ,11431.86 ,13672.02 ,"서울특별시 성동구 성수일로 111 (성수동1가, 선명제본) 외 3필지",서울특별시 성동구 성수동1가 13-17번지 선명제본 외 3필지,,건축완료,도시지역,공업지역,민간
서울특별시,성동구,성수 에이팩센터,지식산업센터,대선건설주식회사,등록,,서울특별시 성동구,개별,[완료신고],"대, 대, 대",2506.50 ,19402.26 ,17490.67 ,1911.59 ,서울특별시 성동구 아차산로7나길 18 (성수동2가) (총 3 필지) 외 2필지,서울특별시 성동구 성수동2가  289-5번지 외 2필지,,건축완료,도시지역,공업지역,민간
서울특별시,성동구,성수동 아이에스 비즈타워,지식산업센터,아이에스동서(주),등록,,서울특별시 성동구,개별,[완료신고],"공장용지, 공장용지, 공장용지",3582.90 ,32061.50 ,25318.78 ,6742.72 ,서울특별시 성동구 성수이로 147 (성수동2가) (총 3 필지) 외 2필지,서울특별시 성동구 성수동2가 289-319번지 외 2필지,분양,건축완료,도시지역,공업지역,민간
서울특별시,성동구,성수동 우림e-BIZ Center(변경전:이비즈센타),지식산업센터,우림이비즈주식회사,등록,,서울특별시 성동구,개별,[완료신고],대,4308.40 ,29856.19 ,15745.20 ,14110.99 ,"서울특별시 성동구 광나루로6길 35 (성수동2가, 성수동 우림 이비즈센터)",서울특별시 성동구 성수동2가 280-21번지,분양,건축완료,도시지역,공업지역,민간
서울특별시,성동구,성수씨에프타워,지식산업센터,케이비부동산신탁 주식회사,등록,,서울특별시 성동구,개별,[완료신고],대,1061.80 ,8611.18 ,4033.74 ,4577.44 ,서울특별시 성동구 성수일로10길 12 (성수동2가),서울특별시 성동구 성수동2가 284-124,,,도시지역,공업지역,민간
서울특별시,성동구,성수에이원센터,지식산업센터,주식회사 하나자산신탁,등록,,서울특별시 성동구,개별,[완료신고],창고용지,1699.36 ,15275.59 ,6258.11 ,9017.48 ,서울특별시 성동구 뚝섬로17가길 52 (성수동2가),서울특별시 성동구 성수동2가 269-63번지,,건축완료,도시지역,공업지역,민간
서울특별시,성동구,성수역 SK V1 Tower,지식산업센터,한국자산신탁(주),등록,,서울특별시 성동구,개별,[변경완료신고],대,4989.80 ,36356.90 ,23765.47 ,12591.43 ,"서울특별시 성동구 성수일로6길 54, (315-61, 315-67, 315-68, 315-95) (성수동2가, 정우자동차공업사)","서울특별시 성동구 성수동2가 315-61번지 정우자동차공업사 (315-61, 315-67, 315-68, 315-95)",분양,건축완료,도시지역,공업지역,민간
서울특별시,성동구,성수역 현대 테라스타워,지식산업센터,(주)하나자산신탁,등록,,서울특별시 성동구,개별,[완료신고],"대, 대",4779.80 ,45551.69 ,43835.73 ,1715.96 ,"서울특별시 성동구 연무장5가길 1 (성수동2가, 제일사진인쇄(주)) 외 1필지",서울특별시 성동구 성수동2가 314-41번지 제일사진인쇄(주) 외 1필지,분양/임대,건축완료,도시지역,공업지역,민간
서울특별시,성동구,센츄리프라자,지식산업센터,센츄리프라자운영위원회,등록,,서울특별시 성동구,개별,[완료신고],공장용지,1408.60 ,8985.21 ,7650.88 ,1334.33 ,"서울특별시 성동구 성수이로24길 38 (성수동2가, 신흥아파트형공장)",서울특별시 성동구 성수동2가 277-40번지,분양,건축완료,도시지역,공업지역,민간
서울특별시,성동구,센터포인트 성수,지식산업센터,성수요진앤마스턴1호피에프브이 주식회사,승인,,서울특별시 성동구,개별,[신설변경]승인,공장용지,1107.00 ,9979.61 ,4780.70 ,5198.91 ,"서울특별시 성동구 광나루로8길 22(성수동2가, 효성인쇄사)",서울특별시 성동구 성수동2가 280-11 효성인쇄사,,건축중,도시지역,공업지역,민간
서울특별시,성동구,신한IT타워,지식산업센터,백문현,등록,,서울특별시 성동구,개별,[변경완료신고],공장용지,1283.00 ,8061.64 ,5700.17 ,2361.47 ,"서울특별시 성동구 상원길 19 (성수동1가, 신한 IT TOWER)",서울특별시 성동구 성수동1가 656-603번지,임대,건축완료,도시지역,공업지역,민간
서울특별시,성동구,아연디지털타워,지식산업센터,아연디지털타워,등록,,서울특별시 성동구,개별,[완료신고],공장용지,1105.60 ,7147.16 ,5195.01 ,1952.15 ,서울특별시 성동구 성수일로6길 33 (성수동2가),서울특별시 성동구 성수동2가  314-37번지,임대,건축완료,도시지역,공업지역,민간
서울특별시,성동구,아주디지털타워,지식산업센터,아주디지털타워,등록,,서울특별시 성동구,개별,[완료신고],공장용지,1855.50 ,10676.85 ,6388.00 ,4288.85 ,"서울특별시 성동구 아차산로5길 7 (성수동2가, 아주디지털타워)",서울특별시 성동구 성수동2가 284-56번지,분양,건축완료,도시지역,공업지역,민간
서울특별시,성동구,에이스성수타워1,지식산업센터,한국자산신탁(주),등록,,서울특별시 성동구,개별,[완료신고],"공장용지, 공장용지",1603.30 ,13745.20 ,11411.54 ,2333.66 ,서울특별시 성동구 광나루로8길 6 (성수동2가) 외 1필지,서울특별시 성동구 성수동2가 280-15 번지 외 1필지,분양,건축완료,도시지역,공업지역,민간
서울특별시,성동구,에이스하이앤드 성수타워,지식산업센터,한국자산신탁,승인,,서울특별시 성동구,개별,[신설변경]승인,"대, 대, 대, 대, 대",3522.00 ,28044.72 ,27173.35 ,871.37 ,"서울특별시 성동구 성수이로10길 14 (성수동2가, 아이템플신문사) 외 4필지",서울특별시 성동구 성수동2가 269-25 번지 외 4필지,분양,건축완료,도시지역,공업지역,민간
서울특별시,성동구,영동테크노타워,지식산업센터,(주)두원씨앤디,등록,,서울특별시 성동구,개별,[완료신고],공장용지,3093.40 ,24115.62 ,11587.35 ,12528.27 ,서울특별시 성동구 아차산로 103 (성수동2가),서울특별시 성동구 성수동2가 300-4번지,분양,건축완료,도시지역,녹지지역,민간
서울특별시,성동구,영창디지털타워,지식산업센터,영창디지털타워,등록,,서울특별시 성동구,개별,[변경완료신고],대,3337.00 ,28722.94 ,13893.58 ,14829.36 ,"서울특별시 성동구 뚝섬로1길 63, (성수동1가 8-6) (성수동1가)",서울특별시 성동구 성수동1가 8-6번지 (성수동1가 8-6),임대,건축완료,도시지역,공업지역,민간
서울특별시,성동구,우영테크노센타,지식산업센터,(주)우영엔지니어링,등록,,서울특별시 성동구,개별,[변경완료신고],공장용지,2754.40 ,17639.76 ,9568.55 ,8071.21 ,"서울특별시 성동구 아차산로 144 (성수동2가, 우영테크노센터)",서울특별시 성동구 성수동2가 273-15번지,분양,건축완료,도시지역,공업지역,민간
서울특별시,성동구,윈스타워관리단,지식산업센터,윈스타워관리단,등록,,서울특별시 성동구,개별,[변경완료신고],공장용지,1549.04 ,9419.10 ,8057.95 ,1361.15 ,"서울특별시 성동구 아차산로11길 27 (성수동2가, 윈스타워 아파트형 공장)",서울특별시 성동구 성수동2가 278-51번지,분양,건축완료,도시지역,공업지역,민간
서울특별시,성동구,유원지식산업센터,지식산업센터,유원지식산업센터,등록,,서울특별시 성동구,개별,[완료신고],공장용지,1424.10 ,5170.66 ,3842.01 ,1328.65 ,"서울특별시 성동구 성수일로6길 53, 성수동2가 315-73 (성수동2가)",서울특별시 성동구 성수동2가 315-73번지 성수동2가 315-73,분양,건축완료,도시지역,공업지역,민간
서울특별시,성동구,이글타운아파트형공장,지식산업센터,(주)이글벳,등록,,서울특별시 성동구,개별,[완료신고],공장용지,1723.90 ,8648.13 ,4715.74 ,3932.39 ,"서울특별시 성동구 광나루로6길 20 (성수동2가, 이-글타운아파트형공장)",서울특별시 성동구 성수동2가 278-20번지,임대,건축완료,도시지역,공업지역,민간
서울특별시,성동구,이레타워,지식산업센터,이레제경사,등록,,서울특별시 성동구,개별,[완료신고],대,561.90 ,1697.87 ,1486.59 ,211.28 ,"서울특별시 성동구 아차산로9길 21 (성수동2가, 이레타워)",서울특별시 성동구 성수동2가  277-175번지,분양/임대,건축완료,도시지역,공업지역,민간
서울특별시,성동구,제이케이타워,지식산업센터,성수빌딩,등록,,서울특별시 성동구,개별,[완료신고],공장용지,1322.30 ,9414.16 ,3330.72 ,6083.44 ,"서울특별시 성동구 연무장13길 15 (성수동2가, 태영자동차(주))",서울특별시 성동구 성수동2가 273-36번지 태영자동차(주),,건축완료,도시지역,공업지역,민간
서울특별시,성동구,지영플라자,지식산업센터,(주)지영상사,등록,,서울특별시 성동구,개별,[완료신고],공장용지,1256.00 ,6350.40 ,6243.30 ,107.10 ,"서울특별시 성동구 아차산로5길 10 (성수동2가, 지영프라자)",서울특별시 성동구 성수동2가 284-63번지,분양,건축완료,도시지역,공업지역,민간
서울특별시,성동구,케이투코라아,지식산업센터,케이투코리아(주),등록,,서울특별시 성동구,개별,[완료신고],공장용지,2175.90 ,11563.15 ,6166.43 ,5396.72 ,서울특별시 성동구 아차산로11가길 3 (성수동2가),서울특별시 성동구 성수동2가 278-30번지,임대,건축완료,도시지역,공업지역,민간
서울특별시,성동구,페코텍 글로벌허브,지식산업센터,주식회사 페코텍,등록,,서울특별시 성동구,개별,[완료신고],공장용지,1859.40 ,15232.52 ,6191.62 ,9040.90 ,"서울특별시 성동구 동일로 169, 외3필지(281-27,-26,-25,-22) (성수동2가)","서울특별시 성동구 성수동2가 281-27번지 외3필지(281-27,-26,-25,-22)",분양,건축완료,도시지역,공업지역,민간
서울특별시,성동구,포휴,지식산업센터,대선건설(주),등록,,서울특별시 성동구,개별,[완료신고],공장용지,5319.00 ,45608.72 ,33071.00 ,12537.72 ,서울특별시 성동구 왕십리로 58 (성수동1가),서울특별시 성동구 성수동1가 656-3번지,분양,건축완료,도시지역,공업지역,민간
서울특별시,성동구,풍림테크원,지식산업센터,(주)협성뉴산업타워,등록,,서울특별시 성동구,개별,[완료신고],공장용지,1442.30 ,8362.13 ,4343.80 ,4018.33 ,"서울특별시 성동구 성수이로18길 31 (성수동2가, 풍림테크원)",서울특별시 성동구 성수동2가 273-10번지,분양,건축완료,도시지역,공업지역,민간
서울특별시,성동구,픽셀큐브,지식산업센터,성수초이앤손제2호피에프브이 주식회사,승인,,서울특별시 성동구,개별,[신설변경]승인,,0.00 ,10664.99 ,4887.78 ,5777.21 ,,서울특별시 성동구 성수동2가 278-17 외 2필지,,건축중,도시지역,공업지역,민간
서울특별시,성동구,하우스디 세종타워,지식산업센터,케이비부동산신탁(주),등록,,서울특별시 성동구,개별,[완료신고],,0.00 ,36251.72 ,30130.35 ,6121.37 ,서울특별시 성동구 성수일로10길 26 (성수동2가),서울특별시 성동구 성수동2가 284-62번지,분양,건축완료,도시지역,공업지역,민간
서울특별시,성동구,학림비즈니스타워,지식산업센터,학림비즈니스타워,승인,,서울특별시 성동구,개별,[신설]승인,공장용지,1221.20 ,11668.46 ,4656.46 ,7012.00 ,서울특별시 성동구 성수이로20길 57(성수동2가),서울특별시 성동구 성수동2가 276-8,,,도시지역,공업지역,민간
서울특별시,성동구,한신아크밸리,지식산업센터,대한토지신탁(주),등록,,서울특별시 성동구,개별,[완료신고],대,3431.40 ,24395.16 ,22661.56 ,1733.60 ,"서울특별시 성동구 성수이로22길 37 (성수동2가, 성수동 아크밸리)",서울특별시 성동구 성수동2가 277-43번지,분양/임대,건축완료,도시지역,공업지역,민간
서울특별시,성동구,휴먼테코,지식산업센터,(주)엘에스엘이스테이트,등록,,서울특별시 성동구,개별,[완료신고],공장용지,2640.30 ,18782.71 ,9342.46 ,9440.25 ,"서울특별시 성동구 아차산로17길 57 (성수동2가, 일신건영휴먼테코) (총 2 필지) 외 1필지",서울특별시 성동구 성수동2가 281-16번지 외 1필지,분양,건축완료,도시지역,공업지역,민간
서울특별시,송파구,KD70,지식산업센터,아시아신탁 주식회사,등록,,서울특별시 송파구,개별,[완료신고],대,1121.00 ,9992.93 ,7071.27 ,2921.66 ,서울특별시 송파구 정의로8길 4,서울특별시 송파구 문정동 640-8번지,,건축완료,도시지역,공업지역,민간
서울특별시,송파구,KG TOWER,지식산업센터,(주)케이지엔지니어링 종합건축사사무소,등록,,서울특별시 송파구,개별,[완료신고],대,1513.00 ,13927.58 ,13927.58 ,0.00 ,서울특별시 송파구 정의로7길 10,서울특별시 송파구 문정동 639번지,분양/임대,건축완료,도시지역,상업지역,민간
서울특별시,송파구,PNS홈즈타워,지식산업센터,(주)피엔에스홈즈,등록,,서울특별시 송파구,개별,[완료신고],대,1332.00 ,11298.45 ,10042.59 ,1255.86 ,서울특별시 송파구 정의로7길 6,서울특별시 송파구 문정동 639-3번지 (문정도시개발구역 10-2블럭),,건축완료,도시지역,상업지역,민간
서울특별시,송파구,가든파이브웍스,지식산업센터,SH공사,등록,,서울특별시 송파구,개별,[완료신고],대,13354.00 ,112526.08 ,84576.41 ,27949.67 ,"서울특별시 송파구 충민로 52, 외21필지 (문정동)",서울특별시 송파구 문정동 289번지,임대,건축완료,도시지역,상업지역,공공
서울특별시,송파구,문정 대명벨리온,지식산업센터,문정대명벨리온 관리단,등록,,서울특별시 송파구,개별,[변경완료신고],대,6499.80 ,58861.15 ,49751.58 ,9109.57 ,서울특별시 송파구 법원로 127,서울특별시 송파구 문정동 641-4번지,분양,건축완료,도시지역,상업지역,민간
서울특별시,송파구,문정 에스케이브이원 지엘메트로시티,지식산업센터,지엘문정피에프브이 주식회사,등록,,서울특별시 송파구,개별,[변경완료신고],대,14688.00 ,150314.56 ,105581.19 ,44733.37 ,서울특별시 송파구 법원로 128,서울특별시 송파구 문정동 642-3번지 (특별계획구역 1-2BL),,건축완료,도시지역,상업지역,민간
서울특별시,송파구,문정 현대지식산업센터Ⅰ-1,지식산업센터,(주)하나자산신탁,등록,,서울특별시 송파구,개별,[완료신고],대,9045.00 ,84382.81 ,61739.27 ,22643.54 ,서울특별시 송파구 법원로11길 11 외 1필지,서울특별시 송파구 문정동 644번지 (문정 특별계획구역 6-1BL) 외 1필지 외 1필지,,건축완료,도시지역,상업지역,민간
서울특별시,송파구,문정 현대지식산업센터Ⅰ-2,지식산업센터,(주)하나자산신탁,등록,,서울특별시 송파구,개별,[완료신고],대,8620.00 ,80629.46 ,57103.43 ,23526.03 ,서울특별시 송파구 법원로11길 7 외 1필지,서울특별시 송파구 문정동 644-2번지 (문정 특별계획구역 6-2BL) 외 1필지 외 1필지,,건축완료,도시지역,상업지역,민간
서울특별시,송파구,문정역 테라타워,지식산업센터,국제자산신탁(주),등록,,서울특별시 송파구,개별,[변경완료신고],대,17309.00 ,172747.67 ,129962.69 ,42784.98 ,서울특별시 송파구 송파대로 167,서울특별시 송파구 문정동 651번지 (문정지구 특별계획구역 3-1BL),,건축완료,도시지역,상업지역,민간
서울특별시,송파구,문정역2차 SK V1,지식산업센터,신영부동산신탁 주식회사,등록,,서울특별시 송파구,개별,[완료신고],대,3134.40 ,30899.62 ,29113.14 ,1786.48 ,서울특별시 송파구 법원로8길 8 (문정동),서울특별시 송파구 문정동 651-11,분양,건축완료,도시지역,상업지역,민간
서울특별시,송파구,송파 테라타워2,지식산업센터,한국자산신탁(주),등록,,서울특별시 송파구,개별,[완료신고],대,14921.00 ,143730.11 ,116343.11 ,27387.00 ,서울특별시 송파구 송파대로 201,서울특별시 송파구 문정동 642번지 (문정지구 특별계획구역 1-1BL),,건축완료,도시지역,상업지역,민간
서울특별시,송파구,송파유탑테크밸리,지식산업센터,(주)유탑건설,등록,,서울특별시 송파구,개별,[완료신고],대,1580.00 ,14336.25 ,10218.67 ,4117.58 ,서울특별시 송파구 법원로6길 7,서울특별시 송파구 문정동 651-14번지 (문정도시개발구역 3-12BL),,건축완료,도시지역,상업지역,민간
서울특별시,송파구,수성 위너스,지식산업센터,(주)수성엔지니어링,등록,,서울특별시 송파구,개별,[완료신고],대,1095.00 ,10618.11 ,7978.54 ,2639.57 ,서울특별시 송파구 정의로8길 13,서울특별시 송파구 문정동 640-7번지 (문정지구 5-6BL),,건축완료,도시지역,상업지역,민간
서울특별시,송파구,에이치비지니스파크,지식산업센터,미래문정프로젝트(주),등록,,서울특별시 송파구,개별,[변경완료신고],대,8916.80 ,82421.88 ,57996.90 ,24424.98 ,서울특별시 송파구 법원로9길 26,서울특별시 송파구 문정동 645-2번지 (7-2BL),,건축완료,도시지역,상업지역,민간
서울특별시,송파구,에이치비지니스파크,지식산업센터,미래문정프로젝트(주),등록,,서울특별시 송파구,개별,[완료신고],대,8801.20 ,81749.09 ,58052.94 ,23696.15 ,서울특별시 송파구 법원로11길 25,서울특별시 송파구 문정동 645번지 (7-1BL),,건축완료,도시지역,상업지역,민간
서울특별시,송파구,엠스테이트,지식산업센터,한국자산신탁(주),등록,,서울특별시 송파구,개별,[완료신고],답,5078.24 ,49172.36 ,34430.37 ,14741.99 ,서울특별시 송파구 법원로 114,서울특별시 송파구 문정동 643-1번지 (문정지구 특별계획구역2),,건축완료,도시지역,상업지역,민간
서울특별시,송파구,케이디유타워,지식산업센터,케이디기술투자(주),등록,,서울특별시 송파구,개별,[변경완료신고],대,1032.80 ,8903.67 ,6573.87 ,2329.80 ,서울특별시 송파구 정의로 70,서울특별시 송파구 문정동 640번지 (문정지구 5-1 BL),분양,건축완료,도시지역,상업지역,민간
서울특별시,송파구,한스빌딩,지식산업센터,(주)한스 바이오메드,등록,,서울특별시 송파구,개별,[완료신고],"대, 대",1960.00 ,17559.99 ,12347.42 ,5212.57 ,서울특별시 송파구 정의로8길 7 외 1필지,서울특별시 송파구 문정동 640-3번지 외 1필지,,건축완료,도시지역,상업지역,민간
서울특별시,양천구,신목동역 LT삼보 지식산업센터 M.OK,지식산업센터,신한자산신탁 주식회사,등록,,서울특별시 양천구,개별,[완료신고],잡종지,3302.80 ,26311.31 ,20090.69 ,6220.62 ,서울특별시 양천구 안양천로 1131 (목동),서울특별시 양천구 목동 900-4,분양,건축완료,도시지역,공업지역,민간
서울특별시,양천구,양천벤처타운,지식산업센터,서울특별시도시개발공사,등록,,서울특별시 양천구,개별,[완료신고],대,5586.50 ,24024.08 ,14595.86 ,9428.22 ,"서울특별시 양천구 신정로 267 (신정동, 신트리아파트형공장)",서울특별시 양천구 신정제3동 1254번지,분양,건축완료,도시지역,주거지역,공공
서울특별시,영등포구,(미정),지식산업센터,(주)무궁화신탁,승인,,서울특별시 영등포구,개별,[신설]승인,대,147.10 ,0.00 ,0.00 ,0.00 ,서울특별시 영등포구 경인로72길 11 (문래동1가),서울특별시 영등포구 문래동1가 89,,미착공,도시지역,공업지역,민간
서울특별시,영등포구,(미정),지식산업센터,(주)티에스에이치,승인,,서울특별시 영등포구,개별,[신설]승인,"대, 대, 대, 대",721.60 ,5748.53 ,5656.07 ,92.46 ,서울특별시 영등포구 경인로74길 8 (문래동1가) 외 3필지,서울특별시 영등포구 문래동1가 88 외 3필지,,미착공,도시지역,공업지역,민간
서울특별시,영등포구,(미정),지식산업센터,(주)아성유통,승인,,서울특별시 영등포구,개별,[신설]승인,대,2214.00 ,20454.00 ,19289.00 ,1165.00 ,서울특별시 영등포구 경인로76길 6(문래동1가),서울특별시 영등포구 문래동1가 74,,미착공,도시지역,공업지역,민간
서울특별시,영등포구,BH 메타플렉스 양평,지식산업센터, 신영부동산신탁 주식회사,등록,,서울특별시 영등포구,개별,[완료신고],대,2199.70 ,17333.00 ,16481.00 ,852.00 ,"서울특별시 영등포구 영등포로13길 21 (양평동1가, BH메타플렉스 양평)",서울특별시 영등포구 양평동1가 218 BH메타플렉스 양평 동 층 호,분양,건축완료,도시지역,공업지역,민간
서울특별시,영등포구,KLK U-WIN CITY(영등포 유윈시티),지식산업센터,신영부동산신탁(주),등록,,서울특별시 영등포구,개별,[완료신고],대,1978.00 ,14304.00 ,11630.00 ,2674.00 ,서울특별시 영등포구 국회대로 632(영등포동7가),서울특별시 영등포구 영등포동7가 63-18,분양,건축완료,도시지역,공업지역,민간
서울특별시,영등포구,KnK디지털타워,지식산업센터,(주)케이티,등록,,서울특별시 영등포구,개별,[완료신고],대,10210.10 ,69627.96 ,63537.24 ,6090.72 ,"서울특별시 영등포구 영신로 220 (영등포동8가, KnK디지털타워)",서울특별시 영등포구 영등포동8가 92번지,분양,건축완료,도시지역,공업지역,민간
서울특별시,영등포구,URBAN322,지식산업센터,URBAN322,등록,,서울특별시 영등포구,개별,[완료신고],대,3841.00 ,23931.40 ,23931.40 ,0.00 ,"서울특별시 영등포구 양평로25길 8(양평동5가, URBAN322)",서울특별시 영등포구 양평동5가 41-1 URBAN322,임대,건축완료,도시지역,공업지역,민간
서울특별시,영등포구,금강펜테리움IT타워,지식산업센터,펜테리움,등록,,서울특별시 영등포구,개별,[완료신고],"공장용지, 공장용지",2435.00 ,32623.88 ,16874.91 ,15748.97 ,"서울특별시 영등포구 당산로 171 (당산동4가, 금강 펜테리움 IT타워) 외 1필지",서울특별시 영등포구 당산동4가 74-4번지 금강 펜테리움 IT타워 외 1필지,분양,건축완료,도시지역,공업지역,민간
서울특별시,영등포구,당산 SK V1 center,지식산업센터,SK건설(주) 외 1,등록,,서울특별시 영등포구,개별,[완료신고],"대, 대",12811.30 ,99807.63 ,89978.17 ,9829.46 ,"서울특별시 영등포구 당산로41길 11, SK V1 center (당산동4가) 외 1필지",서울특별시 영등포구 당산동4가 80번지 SK V1 center 외 1필지,분양,건축완료,도시지역,공업지역,민간
서울특별시,영등포구,당산역 1차 SK V1 Tower,지식산업센터,코리아신탁(주),승인,,서울특별시 영등포구,개별,[신설]승인,"대, 대, 대",9573.00 ,80981.00 ,59257.00 ,21724.00 ,,서울특별시 영등포구 당산동5가 9-9 외 2필지,,건축중,도시지역,공업지역,민간
서울특별시,영등포구,당산역 2차 SK V1 Tower,지식산업센터,코리아신탁(주),승인,,서울특별시 영등포구,개별,[신설]승인,공장용지,2645.70 ,24519.28 ,19922.80 ,4596.48 ,,서울특별시 영등포구 당산동5가 9-13,,건축중,도시지역,공업지역,민간
서울특별시,영등포구,동아프라임밸리,지식산업센터,아시아신탁(주),등록,,서울특별시 영등포구,개별,[변경완료신고],공장용지,3675.80 ,29059.37 ,22949.83 ,6109.54 ,"서울특별시 영등포구 영등포로5길 19 (양평동2가, 동아프라임밸리)",서울특별시 영등포구 양평동2가  37-1번지,분양,건축완료,도시지역,공업지역,민간
서울특별시,영등포구,리드원센터,지식산업센터,아시아신탁주식회사,등록,,서울특별시 영등포구,개별,[완료신고],대,4011.20 ,35782.40 ,29534.88 ,6247.52 ,서울특별시 영등포구 양산로 91(당산동3가),서울특별시 영등포구 당산동3가 550,분양,건축완료,도시지역,공업지역,민간
서울특별시,영등포구,메가벤처타워,지식산업센터,(주)조양그린,등록,,서울특별시 영등포구,개별,[완료신고],대,2639.40 ,11513.32 ,6790.18 ,4723.14 ,"서울특별시 영등포구 문래로20길 60 (문래동3가, 메가벤처타워)",서울특별시 영등포구 문래동3가  77-9번지,분양,건축완료,도시지역,공업지역,민간
서울특별시,영등포구,메타밸리,지식산업센터,무궁화신탁,등록,,서울특별시 영등포구,개별,[완료신고],대,479.40 ,2500.99 ,2366.44 ,134.55 ,,서울특별시 영등포구 양평동1가 182,,건축완료,도시지역,공업지역,민간
서울특별시,영등포구,문래 SK V1 Center,지식산업센터,한국자산신탁(주),승인,,서울특별시 영등포구,개별,[신설]승인,대,7541.50 ,60447.70 ,47492.23 ,12955.47 ,서울특별시 영등포구 선유로9길 10 (문래동6가),서울특별시 영등포구 문래동6가 19번지,분양,건축완료,도시지역,공업지역,민간
서울특별시,영등포구,문래동에이스테크노타워,지식산업센터,에이스종합건설(주),등록,,서울특별시 영등포구,개별,[완료신고],공장용지,5356.40 ,27549.27 ,26478.83 ,1070.44 ,"서울특별시 영등포구 당산로2길 12 (문래동3가, 에이스테크노타워)",서울특별시 영등포구 문래동3가  55-7번지,분양,건축완료,도시지역,공업지역,민간
서울특별시,영등포구,미디어비즈센터,지식산업센터,(주)솔버스,등록,,서울특별시 영등포구,개별,[변경완료신고],공장용지,753.40 ,5604.06 ,4062.46 ,1541.60 ,"서울특별시 영등포구 선유서로31길 3 (양평동3가, 솔버스 비즈타워)",서울특별시 영등포구 양평동3가 23-5번지,분양/임대,건축완료,도시지역,공업지역,민간
서울특별시,영등포구,벽산 디지털밸리,지식산업센터,(주)비스타건설,등록,,서울특별시 영등포구,개별,[완료신고],공장용지,3785.00 ,27159.00 ,23909.00 ,3250.00 ,"서울특별시 영등포구 경인로71길 70(문래동5가, 벽산디지털밸리)",서울특별시 영등포구 문래동5가 9 벽산디지털밸리,분양,건축완료,도시지역,공업지역,민간
서울특별시,영등포구,빅토리테크노타워,지식산업센터,태흥개발(주),등록,,서울특별시 영등포구,개별,[변경완료신고],대,765.70 ,3593.04 ,3121.31 ,471.73 ,"서울특별시 영등포구 선유서로 17 (문래동5가, 문래동 빅토리 테크노 타워)",서울특별시 영등포구 문래동5가 23-5번지,분양,건축완료,도시지역,공업지역,민간
서울특별시,영등포구,생각공장 당산,지식산업센터,에스케이디앤디주식회사,등록,,서울특별시 영등포구,개별,[완료신고],창고용지,99997.00 ,99997.00 ,71186.00 ,28811.00 ,"서울특별시 영등포구 영등포로 150(당산동1가, 생각공장 당산)",서울특별시 영등포구 당산동1가 459 생각공장 당산,,건축완료,도시지역,공업지역,민간
서울특별시,영등포구,생각공장 영등포(예정),지식산업센터,에스케이디앤디(주),승인,,서울특별시 영등포구,개별,[신설]승인,대,6813.80 ,29537.02 ,27364.03 ,2172.99 ,"서울특별시 영등포구 선유동2로 51(양평동4가, 한국GM주식회사)",서울특별시 영등포구 양평동4가 1-1 한국GM주식회사,,미착공,도시지역,공업지역,민간
서울특별시,영등포구,선유도 우림라이온스밸리A,지식산업센터,(주)우림휴먼텍,등록,,서울특별시 영등포구,개별,[변경완료신고],대,2647.40 ,17997.19 ,15315.90 ,2681.29 ,"서울특별시 영등포구 양평로 149 (양평동5가, 선유도 우림라이온스밸리A)",서울특별시 영등포구 양평동5가  39번지,분양,건축완료,도시지역,공업지역,민간
서울특별시,영등포구,선유도 우림라이온스밸리B,지식산업센터,(주)우림휴먼텍,등록,,서울특별시 영등포구,개별,[변경완료신고],대,3005.60 ,15526.59 ,14805.55 ,721.03 ,"서울특별시 영등포구 양평로21가길 19 (양평동5가, 선유도 우림라이온스밸리B)",서울특별시 영등포구 양평동5가  18번지,분양,건축완료,도시지역,공업지역,민간
서울특별시,영등포구,선유도 코오롱디지털타워,지식산업센터,코오롱글로벌주식회사,등록,,서울특별시 영등포구,개별,[완료신고],대,4640.00 ,40390.81 ,37332.95 ,3057.86 ,"서울특별시 영등포구 양평로22길 21,  외 2필지(106-2,3) (양평동5가)","서울특별시 영등포구 양평동5가 106-1번지 외 2필지(106-2,3)",분양,건축완료,도시지역,공업지역,민간
서울특별시,영등포구,선유도 투웨니퍼스트밸리,지식산업센터,오제이씨 주식회사,등록,,서울특별시 영등포구,개별,[완료신고],공장용지,3443.30 ,28237.00 ,20052.00 ,8185.00 ,"서울특별시 영등포구 양평로 157(양평동5가, 선유도 투웨니퍼스트밸리)",서울특별시 영등포구 양평동5가 42 선유도 투웨니퍼스트밸리,,건축완료,도시지역,공업지역,민간
서울특별시,영등포구,선유도역1차 아이에스비즈타워,지식산업센터,아이에스동서(주),등록,,서울특별시 영등포구,개별,[변경완료신고],"공장용지, 공장용지",5483.30 ,40015.84 ,37787.09 ,2228.75 ,서울특별시 영등포구 양평로21길 26 (양평동5가) 외 1필지,서울특별시 영등포구 양평동5가 1-1 번지 외 1필지,분양,건축완료,도시지역,공업지역,민간
서울특별시,영등포구,선유도역2차 아이에스비즈타워,지식산업센터,아이에스동서(주),등록,,서울특별시 영등포구,개별,[완료신고],대,5877.70 ,43256.14 ,41138.89 ,2117.25 ,서울특별시 영등포구 선유로49길 23,"서울특별시 영등포구 양평동4가 80번지 외 3필지(79-1, 79-3, 79-4)",분양,건축완료,도시지역,공업지역,민간
서울특별시,영등포구,세종앤까뮤스퀘어,지식산업센터,케이비부동산신탁(주),승인,,서울특별시 영등포구,개별,[신설]승인,대,0.00 ,0.00 ,0.00 ,0.00 ,서울특별시 영등포구 양평로30길 14 (양평동6가),서울특별시 영등포구 양평동6가 4-2번지,분양,건축완료,도시지역,공업지역,민간
서울특별시,영등포구,센터플러스,지식산업센터,(주)센터인더스트리,등록,,서울특별시 영등포구,개별,[변경완료신고],공장용지,7531.46 ,49613.74 ,43849.55 ,5764.19 ,"서울특별시 영등포구 경인로82길 3-4 (문래동1가, 센터플러스)",서울특별시 영등포구 문래동1가  39번지,분양,건축완료,도시지역,공업지역,민간
서울특별시,영등포구,양평 자이비즈타워,지식산업센터,자이에스앤디 주식회사,등록,,서울특별시 영등포구,개별,[완료신고],주유소용지,1589.80 ,11218.00 ,7999.00 ,3219.00 ,,서울특별시 영등포구 양평동1가 104-1,,건축완료,도시지역,공업지역,민간
서울특별시,영등포구,양평동 이노플렉스,지식산업센터,(주)래안디앤씨,등록,,서울특별시 영등포구,개별,[완료신고],"공장용지, 공장용지, 공장용지",2822.80 ,20461.19 ,18278.22 ,2182.97 ,"서울특별시 영등포구 양산로 57-5 (양평동3가, 양평동 이노플렉스) 외 2필지",서울특별시 영등포구 양평동3가 14번지 양평동 이노플렉스 외 2필지,분양,건축완료,도시지역,공업지역,민간
서울특별시,영등포구,에이스엔에스타워(에이스NS타워),지식산업센터,신한자산신탁 주식회사,등록,,서울특별시 영등포구,개별,[완료신고],대,3670.10 ,34182.80 ,31420.57 ,2762.23 ,서울특별시 영등포구 문래북로 8 (문래동6가),서울특별시 영등포구 문래동6가 33,,건축완료,도시지역,공업지역,민간
서울특별시,영등포구,에이스테크노타워,지식산업센터,에이스종합건설(주),등록,,서울특별시 영등포구,개별,[완료신고],공장용지,1730.20 ,9285.55 ,6311.71 ,2973.84 ,서울특별시 영등포구 선유로33길 15 (양평동3가),서울특별시 영등포구 양평동3가  40-2번지,분양,건축완료,도시지역,공업지역,민간
서울특별시,영등포구,에이스하이테크시티,지식산업센터,에이스개발(주),등록,,서울특별시 영등포구,개별,[완료신고],대,29909.20 ,196644.23 ,146584.36 ,50059.87 ,"서울특별시 영등포구 경인로 775 (문래동3가, 에이스하이테크시티)",서울특별시 영등포구 문래동3가 55-20,분양,건축완료,도시지역,공업지역,민간
서울특별시,영등포구,에이스하이테크시티2,지식산업센터,아시아신탁(주),등록,,서울특별시 영등포구,개별,[완료신고],대,8042.00 ,63208.48 ,59494.82 ,3713.66 ,서울특별시 영등포구 선유로13길 25,서울특별시 영등포구 문래동6가 24-1번지 외 4필지,분양,건축완료,도시지역,공업지역,민간
서울특별시,영등포구,에이스하이테크시티3,지식산업센터,아시아신탁(주),승인,,서울특별시 영등포구,개별,[신설]승인,대,0.00 ,0.00 ,0.00 ,0.00 ,서울특별시 영등포구 선유로 130 (양평동3가),서울특별시 영등포구 양평동3가 5-4번지,분양,건축완료,도시지역,공업지역,민간
서울특별시,영등포구,영등포 C-TOWER,지식산업센터,주식회사 하나자산신탁,등록,,서울특별시 영등포구,개별,[완료신고],"대, 대",1937.00 ,17254.00 ,15967.00 ,1287.00 ,,서울특별시 영등포구 양평동2가 40-3 외 1필지,,건축완료,도시지역,공업지역,민간
서울특별시,영등포구,영등포 디스테이트,지식산업센터,(주)양평개발피에프브이,승인,,서울특별시 영등포구,개별,[신설]승인,"대, 대",2884.30 ,22449.62 ,21521.46 ,928.16 ,,서울특별시 영등포구 양평동2가 43-3 외 1필지,분양,건축완료,도시지역,공업지역,민간
서울특별시,영등포구,영등포 반도아이비밸리,지식산업센터,주식회사 반도건설,등록,,서울특별시 영등포구,개별,[완료신고],"대, 대, 대",6317.00 ,39051.00 ,36325.00 ,2726.00 ,,서울특별시 영등포구 영등포동6가 145 외 2필지,,건축완료,도시지역,공업지역,민간
서울특별시,영등포구,영등포자이타워,지식산업센터,양평제12구역도시환경정비사업조합,승인,,서울특별시 영등포구,개별,[신설]승인,대,7056.80 ,38538.42 ,34745.51 ,3792.91 ,,서울특별시 영등포구 양평동1가 243-1,,건축중,도시지역,공업지역,민간
서울특별시,영등포구,우리벤처타운Ⅱ,지식산업센터,우원건설(주),등록,,서울특별시 영등포구,개별,[완료신고],공장용지,5234.40 ,39756.73 ,30008.45 ,9748.28 ,"서울특별시 영등포구 선유로 70 (문래동3가, 우리벤처타운2)",서울특별시 영등포구 문래동3가  82-29번지,분양,건축완료,도시지역,공업지역,민간
서울특별시,영등포구,우림e-BIZ센타Ⅱ,지식산업센터,우림테크(주),등록,,서울특별시 영등포구,개별,[완료신고],대,7544.60 ,45326.15 ,43430.19 ,1895.96 ,"서울특별시 영등포구 양산로 43 (양평동3가, 양평동우림 이 비지센타)",서울특별시 영등포구 양평동3가  16번지,분양,건축완료,도시지역,공업지역,민간
서울특별시,영등포구,월드메르디앙비즈센터,지식산업센터,월드벤처개발쓰리(주),등록,,서울특별시 영등포구,개별,[완료신고],대,4595.70 ,29875.94 ,26311.97 ,3563.97 ,"서울특별시 영등포구 양산로 53 (양평동3가, 월드메르디앙비즈센터) (총 2 필지)",서울특별시 영등포구 양평동3가  15-1번지,분양,건축완료,도시지역,공업지역,민간
서울특별시,영등포구,이앤씨드림타워,지식산업센터,이앤씨산업개발(주),등록,,서울특별시 영등포구,개별,[완료신고],공장용지,7926.20 ,52292.37 ,36614.93 ,15677.44 ,"서울특별시 영등포구 선유로 146 (양평동3가, 이앤씨드림타워) (총 3 필지)",서울특별시 영등포구 양평동3가  46번지,분양,건축완료,도시지역,공업지역,민간
서울특별시,영등포구,트리플렉스,지식산업센터,(주)삼창홀딩스,등록,,서울특별시 영등포구,개별,[완료신고],공장용지,2964.20 ,21683.24 ,18569.65 ,3113.59 ,서울특별시 영등포구 문래북로 116 (문래동3가),서울특별시 영등포구 문래동3가 46번지,,건축완료,도시지역,공업지역,민간
서울특별시,영등포구,하우스디비즈[hausD.biz],지식산업센터,한국자산신탁(주),등록,,서울특별시 영등포구,개별,[완료신고],공장용지,5583.20 ,38666.88 ,35447.37 ,3219.51 ,서울특별시 영등포구 선유로3길 10 (문래동5가) 하우스디 비즈,서울특별시 영등포구 문래동5가 10-0 하우스디 비즈 10-0,분양,건축완료,도시지역,공업지역,민간
서울특별시,영등포구,하이퍼타워,지식산업센터,신한자산신탁 주식회사,등록,,서울특별시 영등포구,개별,[완료신고],대,1796.70 ,13339.00 ,12969.00 ,370.00 ,,서울특별시 영등포구 당산동3가 552-2,,건축완료,도시지역,공업지역,민간
서울특별시,중구,동대문패션비즈센터,지식산업센터,한국산업단지공단,등록,,서울특별시 중구,개별,[완료신고],체육용지,2129.00 ,12928.05 ,9126.85 ,3801.20 ,서울특별시 중구 을지로45길 46 (신당동),서울특별시 중구 신당동 251-160번지,임대,건축완료,도시지역,상업지역,공공
서울특별시,중구,서울산림 지식산업센터,지식산업센터,한국토지주택공사,등록,,서울특별시 중구,개별,[완료신고],"공장용지, 공장용지",1434.06 ,4235.82 ,3578.87 ,656.95 ,서울특별시 중구 창경궁로5가길 39 (산림동) 외 1필지,서울특별시 중구 산림동 82-3 외 1필지,임대,건축완료,도시지역,상업지역,공공
서울특별시,중구,아르스 남산 지식산업센터,지식산업센터,신한자산신탁주식회사,승인,,서울특별시 중구,개별,[분양공고안]승인,"대, 대",1157.70 ,10987.36 ,7211.94 ,3775.42 ,서울특별시 중구 퇴계로45길 32-9 외 1필지,서울특별시 중구 오장동 90-5 외 1필지,분양,건축중,도시지역,상업지역,민간
서울특별시,중구,아시아미디어타워,지식산업센터,(주)아시아인앤씨,등록,,서울특별시 중구,개별,[완료신고],공장용지,1960.60 ,17947.78 ,16614.37 ,1333.41 ,"서울특별시 중구 충무로 29 (초동, 아시아미디어타워)",서울특별시 중구 초동 42번지,분양,건축완료,도시지역,상업지역,민간
서울특별시,중랑구,신내 SK V1 center,지식산업센터,케이비부동산신탁 주식회사,등록,,서울특별시 중랑구,개별,[완료신고],대,15925.00 ,99864.91 ,91300.26 ,8564.65 ,서울특별시 중랑구 신내역로 111,서울특별시 중랑구 신내동 821-2,,건축완료,도시지역,주거지역,민간
서울특별시,중랑구,신내 데시앙플렉스,지식산업센터,케이비부동산신탁 주식회사,등록,,서울특별시 중랑구,개별,[완료신고],전,10357.00 ,83043.47 ,75197.43 ,7846.04 ,서울특별시 중랑구 신내역로3길 40-36 (신내동),서울특별시 중랑구 신내동 262-1,,건축완료,도시지역,주거지역,민간
서울특별시,중랑구,신내테크노타운,지식산업센터,서울특별시도시개발공사,등록,,서울특별시 중랑구,개별,[완료신고],대,4234.40 ,11441.48 ,10434.73 ,1006.75 ,"서울특별시 중랑구 봉화산로 123 (상봉동, 신내테크노타운)",서울특별시 중랑구 상봉동 485번지,분양,건축완료,도시지역,주거지역,공공
세종특별자치시, ,산학연클러스터 지원센터,지식산업센터,"행정중심복합도시건설청, 세종특별자치시청",등록,세종테크밸리도시첨단산업단지,세종특별자치시,도시첨단산업단지,[완료신고],답,0.00 ,19366.08 ,16786.54 ,2579.54 ,"세종특별자치시 집현중앙7로 3(집현동, 산학연클러스터 지원센터)",세종특별자치시 집현동 1160 산학연클러스터 지원센터,임대,건축완료,도시지역,주거지역,공공
세종특별자치시, ,세종대명벨리온,지식산업센터,(주)대명건설 등 4개사,승인,세종테크밸리도시첨단산업단지,세종특별자치시,도시첨단산업단지,[분양공고안]승인,답,0.00 ,59228.44 ,44430.27 ,14798.17 ,"세종특별자치시 집현중앙7로 6 (집현동, 지식산업센터)",세종특별자치시 집현동 726 지식산업센터,분양,건축완료,도시지역,주거지역,민간
세종특별자치시, ,세종특별자치시 4-2생활권 도시첨단산업단지 산업 4-10-2,지식산업센터,세종특별자치시,승인,세종테크밸리도시첨단산업단지,세종특별자치시,도시첨단산업단지,[신설]승인,답,7871.00 ,14835.80 ,7129.95 ,7705.85 ,,세종특별자치시  집현동 산업 4-10-2,,,도시지역,주거지역,공공
울산광역시,남구,3D프린팅 벤처집적 지식산업센터,지식산업센터,울산광역시장,등록,울산테크노일반산업단지,울산경제자유구역청,지방산업단지,[완료신고],공장용지,6537.20 ,14481.13 ,11689.37 ,2791.76 ,울산광역시 남구 테크노산업로55번길 79-10 (두왕동),울산광역시 남구 두왕동 772-1,분양/임대,건축완료,도시지역,공업지역,공공
울산광역시,동구,문현기술관,지식산업센터,현대중공업주식회사,등록,,울산광역시 동구,개별,[완료신고],대,3992.50 ,12794.79 ,6692.77 ,6102.02 ,"울산광역시 동구 문현6길 42 (방어동, 문현기술관)",울산광역시 동구 방어동 1105번지,임대,미착공,도시지역,주거지역,민간
울산광역시,북구,울산아파트형공장,지식산업센터,(주)세운주택,승인,울산미포국가산업단지,한국산업단지공단 울산지역본부,국가산업단지,[신설]승인,공장용지,9973.60 ,48173.00 ,43840.00 ,4333.00 ,"울산광역시 북구 산성로 40 (효문동, 아파트형공장)",울산광역시 북구 효문동 812-1번지,분양,건축완료,도시지역,공업지역,민간
울산광역시,중구,(주)아이밸리,지식산업센터,(주)아이밸리,승인,,울산광역시 중구,개별,[신설변경]승인,대,4566.00 ,42918.00 ,22549.00 ,20369.00 ,"울산광역시 중구 학성로 218, 외 18필지 (학성동)",울산광역시 중구 학성동 356번지 외 18필지,,미착공,도시지역,상업지역,민간
울산광역시,중구,세영이노세븐,지식산업센터,아시아신탁주식회사,승인,,울산광역시 중구,개별,[분양공고안]승인,대,16222.00 ,122201.83 ,96707.16 ,25494.67 ,"울산광역시 중구 동천1길 40, 우정혁신도시 클러스터 7용지 (서동)",울산광역시 중구 서동 14번지 우정혁신도시 클러스터 7용지,분양/임대,미착공,도시지역,주거지역,민간
울산광역시,중구,우정혁신도시 클러스터 8용지,지식산업센터,울산광역시 중구 서동 586-6번지 일원,승인,,울산광역시 중구,개별,[신설]승인,대,22319.00 ,76092.99 ,53854.18 ,22238.81 ,울산광역시 중구 서동 586-6번지 일원,울산광역시 중구 서동 586-6번지 일원,분양/임대,미착공,도시지역,주거지역,민간
울산광역시,중구,울산광역시 중구 복산동 703번지,지식산업센터,케이비부동산신탁(주),승인,,울산광역시 중구,개별,[신설]승인,대,10643.60 ,34055.09 ,13356.00 ,20699.09 ,울산광역시 중구 종가로 406-21,울산광역시 중구 복산동 703번지,,미착공,관리지역,계획관리지역,민간
인천광역시,계양구,계양DSE,지식산업센터,㈜디에스이,등록,인천서운일반산업단지,인천광역시 계양구,지방산업단지,[완료신고],공장용지,9599.20 ,40346.62 ,34821.75 ,5524.87 ,인천광역시 계양구 서운산단로1길 19,인천광역시 계양구 서운동 222번지,분양,건축완료,도시지역,공업지역,민간
인천광역시,남동구,구월테크노밸리 지식산업센터 1-1,지식산업센터,구월테크노파크 지식산업센터 1-1,등록,,인천광역시 남동구,개별,[변경완료신고],대,1833.70 ,14388.52 ,10133.25 ,4255.27 ,"인천광역시 남동구 선수촌공원로17번길 1(구월동, 구월테크노밸리)",인천광역시 남동구 구월동 1550-1 구월테크노밸리,분양,건축완료,도시지역,상업지역,민간
인천광역시,남동구,구월테크노밸리 지식산업센터(C동),지식산업센터,구월테크노밸리 1-3,등록,,인천광역시 남동구,개별,[변경완료신고],대,2001.70 ,17522.81 ,13787.13 ,3735.68 ,"인천광역시 남동구 선수촌공원로 5(구월동, 구월테크노밸리)",인천광역시 남동구 구월동 1550-3 구월테크노밸리,분양,건축완료,도시지역,상업지역,민간
인천광역시,남동구,구월테크노밸리(B동),지식산업센터,구월테크노밸리 1-2,등록,,인천광역시 남동구,개별,[변경완료신고],대,2044.00 ,17909.26 ,13214.54 ,4694.72 ,"인천광역시 남동구 선수촌공원로 9(구월동, 구월테크노밸리)",인천광역시 남동구 구월동 1550-2 구월테크노밸리,분양,건축완료,도시지역,상업지역,민간
인천광역시,남동구,구월테크노파크 지식산업센터 1-4,지식산업센터,구월테크노파크 지식산업센터 1-4,등록,,인천광역시 남동구,개별,[변경완료신고],대,1901.09 ,16653.74 ,11796.65 ,4857.09 ,인천광역시 남동구 선수촌공원로 1 (구월동),인천광역시 남동구 구월동 1550-4번지,분양,건축완료,도시지역,상업지역,민간
인천광역시,남동구,디딤아파트형공장,지식산업센터,(주)디딤푸드,등록,,인천광역시 남동구,개별,[변경완료신고],대,1752.40 ,4065.80 ,3437.63 ,628.17 ,인천광역시 남동구 논현로46번길 39-24 (논현동),인천광역시 남동구 논현동 642-4번지,임대,건축완료,도시지역,주거지역,민간
인천광역시,남동구,에스엠피 아파트형공장,지식산업센터,에스엠피코리아,등록,,인천광역시 남동구,개별,[완료신고],"대, 대",1752.40 ,1998.78 ,1766.32 ,232.46 ,인천광역시 남동구 논현로46번길 39-30 (논현동) (총 2 필지) 외 1필지,인천광역시 남동구 논현동 642-5번지 외 1필지,임대,건축완료,도시지역,주거지역,민간
인천광역시,남동구,오성미디컴 지식산업센터,지식산업센터,㈜오성미디컴,등록,,인천광역시 남동구,개별,[변경완료신고],대,5173.90 ,9913.78 ,6848.82 ,3064.96 ,"인천광역시 남동구 논현로46번길 39-36, 씨엔플러스 지식산업센터 (논현동)",인천광역시 남동구 논현동 642-6번지 씨엔플러스 지식산업센터,임대,건축완료,도시지역,주거지역,민간
인천광역시,남동구,창안 지식산업센터,지식산업센터,(주)창안,등록,,인천광역시 남동구,개별,[완료신고],공장용지,1891.00 ,1780.34 ,1363.52 ,416.82 ,인천광역시 남동구 논현로46번길 39-60 (논현동),인천광역시 남동구 논현동 642-7번지,분양/임대,건축완료,도시지역,주거지역,민간
인천광역시,남동구,GT 센트럴남동 지식산업센터,지식산업센터,(주)새날테크텍스,승인,남동국가산업단지,한국산업단지공단 인천지역본부,국가산업단지,[신설]승인,공장용지,9899.50 ,71155.70 ,50010.33 ,21145.37 ,인천광역시 남동구 남동대로 37 (고잔동),인천광역시 남동구 고잔동 710-3,분양,,도시지역,공업지역,민간
인천광역시,남동구,J&K지식산업센터,지식산업센터,(주)제이앤케이디앤씨,승인,남동국가산업단지,한국산업단지공단 인천지역본부,국가산업단지,[신설]승인,공장용지,3441.90 ,23770.06 ,23245.04 ,525.02 ,"인천광역시 남동구 은봉로75번길 84, 22B2L (논현동)",인천광역시 남동구 논현동 433 22B2L,분양/임대,미착공,도시지역,공업지역,민간
인천광역시,남동구,JK루체스타,지식산업센터,우리자산신탁(주),등록,남동국가산업단지,한국산업단지공단 인천지역본부,국가산업단지,[완료신고],공장용지,4367.30 ,29364.09 ,15635.69 ,13728.40 ,인천광역시 남동구 남동대로 353 (남촌동) JK루체스타,인천광역시 남동구 남촌동 624-3 JK루체스타,분양,건축완료,도시지역,공업지역,민간
인천광역시,남동구,NIC지식산업센터,지식산업센터,스마트플래닝,등록,남동국가산업단지,한국산업단지공단 인천지역본부,국가산업단지,[변경완료신고],공장용지,3898.50 ,33743.26 ,26591.49 ,7151.77 ,인천광역시 남동구 은봉로 52 (논현동) NIC지식산업센터 25블럭 4로트,인천광역시 남동구 논현동 446-3 NIC지식산업센터,분양,건축완료,도시지역,공업지역,민간
인천광역시,남동구,금호오션타워,지식산업센터,대한토지신탁(주),등록,남동국가산업단지,한국산업단지공단 인천지역본부,국가산업단지,[완료신고],공장용지,6308.00 ,48568.78 ,34180.78 ,14388.00 ,인천광역시 남동구 능허대로 583 (고잔동),인천광역시 남동구 고잔동 705-15번지,분양,건축완료,,,민간
인천광역시,남동구,남동 SD타워,지식산업센터,(주)에스디쓰리,승인,남동국가산업단지,한국산업단지공단 인천지역본부,국가산업단지,[신설]승인,공장용지,3300.70 ,22003.76 ,9248.00 ,12755.76 ,인천광역시 남동구 은봉로 55 (논현동),인천광역시 남동구 논현동 429-10번지,,건축완료,도시지역,공업지역,민간
인천광역시,남동구,남동bt센터3차,지식산업센터,케이에스에이(주),승인,남동국가산업단지,한국산업단지공단 인천지역본부,국가산업단지,[신설]승인,공장용지,3607.90 ,24686.52 ,21437.54 ,3248.98 ,인천광역시 남동구 남동서로 168(고잔동),인천광역시 남동구 고잔동 627-7,,,도시지역,공업지역,민간
인천광역시,남동구,남동산단케이원,지식산업센터,(주)무궁화신탁,등록,남동국가산업단지,한국산업단지공단 인천지역본부,국가산업단지,[완료신고],공장용지,6886.30 ,54702.20 ,38292.74 ,16409.46 ,인천광역시 남동구 비류대로 622  (남촌동),인천광역시 남동구 남촌동 618-9,,건축완료,도시지역,공업지역,민간
인천광역시,남동구,남동시범공단,지식산업센터,(주)남동시범공단,등록,남동국가산업단지,한국산업단지공단 인천지역본부,국가산업단지,[변경완료신고],공장용지,0.00 ,0.00 ,0.00 ,0.00 ,"인천광역시 남동구 함박뫼로 396, 45블록 6로트 (논현동, 남동 아파트형 공장)",인천광역시 남동구 논현동 435-6번지 남동 아파트형 공장 45블록 6로트,분양,건축완료,도시지역,공업지역,공공
인천광역시,남동구,남동아파트형임대공장,지식산업센터,한국산업단지공단,등록,남동국가산업단지,한국산업단지공단 인천지역본부,국가산업단지,[완료신고],공장용지,25986.00 ,36252.00 ,30664.00 ,5588.00 ,"인천광역시 남동구 남동동로 84, 151블럭 6로트 (고잔동)",인천광역시 남동구 고잔동 722번지,임대,건축완료,도시지역,공업지역,공공
인천광역시,남동구,남동우리타운,지식산업센터,남동우리타운관리단,등록,남동국가산업단지,한국산업단지공단 인천지역본부,국가산업단지,[변경완료신고],공장용지,9734.20 ,17680.75 ,17351.18 ,329.57 ,"인천광역시 남동구 남동서로53번길 38,  117블럭 9로트 (고잔동)",인천광역시 남동구 고잔동  686-7번지,분양,건축완료,도시지역,공업지역,민간
인천광역시,남동구,남동테크노타워,지식산업센터,(주)남동테크노타워,등록,남동국가산업단지,한국산업단지공단 인천지역본부,국가산업단지,[변경완료신고],공장용지,5055.60 ,39881.13 ,15961.27 ,23919.86 ,인천광역시 남동구 호구포로 189 (고잔동),인천광역시 남동구 고잔동 648-1번지,분양/임대,건축완료,도시지역,공업지역,민간
인천광역시,남동구,남동테크노파크,지식산업센터,신안포장산업(주),등록,남동국가산업단지,한국산업단지공단 인천지역본부,국가산업단지,[변경완료신고],공장용지,7925.50 ,24722.15 ,16130.19 ,8591.96 ,"인천광역시 남동구 은봉로 51,  21블럭 13로트 (논현동)",인천광역시 남동구 논현동  429-11번지,분양,건축완료,도시지역,공업지역,민간
인천광역시,남동구,대주지식산업센터,지식산업센터,대주기업(주),등록,남동국가산업단지,한국산업단지공단 인천지역본부,국가산업단지,[완료신고],공장용지,5028.50 ,13941.16 ,8855.01 ,5086.15 ,인천광역시 남동구 함박뫼로 395 (남촌동),인천광역시 남동구 남촌동 629-3번지,임대,건축완료,도시지역,공업지역,민간
인천광역시,남동구,더마크원,지식산업센터,코리아신탁(주),등록,남동국가산업단지,한국산업단지공단 인천지역본부,국가산업단지,[완료신고],공장용지,11924.00 ,87747.62 ,35210.27 ,52537.35 ,인천광역시 남동구 호구포로 194 (고잔동),인천광역시 남동구 고잔동 649-3,분양,건축완료,도시지역,공업지역,민간
인천광역시,남동구,디에스솔텍(주),지식산업센터,디에스솔텍(주),등록,남동국가산업단지,한국산업단지공단 인천지역본부,국가산업단지,[완료신고],공장용지,5951.00 ,28590.04 ,27720.60 ,869.44 ,인천광역시 남동구 앵고개로 442 (고잔동),인천광역시 남동구 고잔동 690-16번지,분양/임대,건축완료,도시지역,공업지역,민간
인천광역시,남동구,록키지식산업센터,지식산업센터,(주)록키지산,등록,남동국가산업단지,한국산업단지공단 인천지역본부,국가산업단지,[완료신고],공장용지,3315.80 ,22901.70 ,22351.25 ,550.46 ,인천광역시 남동구 남동서로 361-8,인천광역시 남동구 남촌동 618-8,,건축완료,도시지역,공업지역,민간
인천광역시,남동구,성강종합건설(주),지식산업센터,성강종합건설(주),등록,남동국가산업단지,한국산업단지공단 인천지역본부,국가산업단지,[완료신고],공장용지,6560.60 ,28247.07 ,13769.66 ,14477.41 ,"인천광역시 남동구 아암대로 1223, 168블럭 27로트 (고잔동)",인천광역시 남동구 고잔동  732-20번지,분양,건축완료,도시지역,공업지역,민간
인천광역시,남동구,엘아이 지식산업센터,지식산업센터,엘아이(주),등록,남동국가산업단지,한국산업단지공단 인천지역본부,국가산업단지,[완료신고],공장용지,9923.80 ,66698.53 ,56443.32 ,10255.21 ,"인천광역시 남동구 호구포로 50, 엘아이지식산업센터 (고잔동)",인천광역시 남동구 고잔동 736-4번지 엘아이지식산업센터,분양,건축완료,도시지역,공업지역,민간
인천광역시,남동구,청류지산,지식산업센터,케이비부동산신탁(주),등록,남동국가산업단지,한국산업단지공단 인천지역본부,국가산업단지,[완료신고],공장용지,6601.10 ,49771.88 ,41786.70 ,7985.18 ,"인천광역시 남동구 호구포로 139, 98블럭 4로트 (고잔동)",인천광역시 남동구 고잔동 662-3번지 98블럭 4로트,분양/임대,건축완료,도시지역,공업지역,민간
인천광역시,남동구,현대프리미어캠퍼스 호구포역,지식산업센터,인창개발 주식회사,승인,남동국가산업단지,한국산업단지공단 인천지역본부,국가산업단지,[신설]승인,공장용지,11591.30 ,116412.56 ,108272.71 ,8139.85 ,인천광역시 남동구 청능대로 451(고잔동),인천광역시 남동구 고잔동 649,,,도시지역,공업지역,민간
인천광역시,남동구,형제전기 지식산업센터,지식산업센터,형제전기(주),등록,남동국가산업단지,한국산업단지공단 인천지역본부,국가산업단지,[완료신고],공장용지,3305.50 ,26647.58 ,21448.37 ,5199.21 ,인천광역시 남동구 남동대로 150 (고잔동),인천광역시 남동구 고잔동 672번지,분양/임대,건축완료,도시지역,공업지역,민간
인천광역시,남동구,후이즈스마트타워,지식산업센터,(주)후이즈스마트센터,등록,남동국가산업단지,한국산업단지공단 인천지역본부,국가산업단지,[완료신고],공장용지,4520.10 ,35939.67 ,13889.13 ,22050.55 ,인천광역시 남동구 호구포로 183 (고잔동),인천광역시 남동구 고잔동 648-2번지,분양,건축완료,도시지역,공업지역,민간
인천광역시,미추홀구,(주)주안시범공단,지식산업센터,(주)주안시범공단,등록,,인천광역시 미추홀구,개별,[변경완료신고],대,15939.00 ,45703.56 ,42204.06 ,3499.50 ,"인천광역시 미추홀구 주염로 58 (주안동, 아파트형공장)",인천광역시 미추홀구 주안동  17-1번지,분양,건축완료,도시지역,공업지역,공공
인천광역시,미추홀구,주안 제이원플렉스,지식산업센터,한국투자부동산신탁 주식회사,등록,한국수출산업(주안)국가산업단지,한국산업단지공단 인천지역본부 주안부평지사,국가산업단지,[완료신고],공장용지,4675.20 ,31093.20 ,22596.41 ,8496.79 ,인천광역시 미추홀구 주염로73번길 54  (주안동),인천광역시 미추홀구 주안동 3-26,분양,건축완료,도시지역,공업지역,민간
인천광역시,미추홀구,주안 제이타워,지식산업센터,(주)제이베스트,등록,한국수출산업(주안)국가산업단지,한국산업단지공단 인천지역본부 주안부평지사,국가산업단지,[완료신고],공장용지,5182.10 ,11037.43 ,3011.43 ,8026.00 ,"인천광역시 미추홀구 염전로 330,  주안J타워 1차 지식산업센터(주안동 5-2, 5-4) (주안동)","인천광역시 미추홀구 주안동 5-2번지 주안J타워 1차 지식산업센터(주안동 5-2, 5-4)",분양/임대,건축완료,도시지역,공업지역,민간
인천광역시,미추홀구,주안 제이타워  2차,지식산업센터,(주)제이베스트 2,등록,한국수출산업(주안)국가산업단지,한국산업단지공단 인천지역본부 주안부평지사,국가산업단지,[완료신고],공장용지,8077.40 ,61267.07 ,51963.90 ,9303.17 ,"인천광역시 미추홀구 방축로 312, 주안제이타워2차 지식산업센터 (주안동)",인천광역시 미추홀구 주안동 1385-10번지 주안제이타워2차 지식산업센터,분양/임대,건축완료,도시지역,공업지역,민간
인천광역시,미추홀구,제이씨전산,지식산업센터,제이씨전산,등록,인천일반산업단지,인천광역시도시개발공사,지방산업단지,[완료신고],공장용지,0.00 ,0.00 ,0.00 ,0.00 ,인천광역시 미추홀구 방축로 216 (도화동),인천광역시 미추홀구 도화동 763-3번지 제이씨 전산,분양/임대,건축완료,도시지역,공업지역,민간
인천광역시,미추홀구,테크노텔,지식산업센터,빌립보,등록,인천일반산업단지,인천광역시도시개발공사,지방산업단지,[완료신고],공장용지,3177.40 ,13025.52 ,9919.08 ,3106.44 ,인천광역시 미추홀구 봉수대로 17 (도화동),인천광역시 미추홀구 도화동 969번지,분양,건축완료,도시지역,공업지역,민간
인천광역시,부평구,인천테크노밸리유1센터,지식산업센터,우리자산신탁(주),등록,,인천광역시 부평구,개별,[변경완료신고],공장용지,35120.00 ,281713.42 ,223520.69 ,58192.73 ,인천광역시 부평구 주부토로 236(갈산동),인천광역시 부평구 갈산동 94,분양,건축완료,도시지역,공업지역,민간
인천광역시,부평구,(주)우림,지식산업센터,(주)우림씨엔디,등록,한국수출산업(부평)국가산업단지,한국산업단지공단 인천지역본부 주안부평지사 부평사무소,국가산업단지,[변경완료신고],"공장용지, 공장용지, 공장용지, 공장용지, 공장용지, 공장용지, 공장용지, 공장용지",0.00 ,130716.53 ,100868.93 ,29847.60 ,"인천광역시 부평구 부평대로 283 (청천동, 부평 우림라이온스밸리) 외 7필지",인천광역시 부평구 청천2동 425번지 외 7필지,,건축완료,도시지역,공업지역,민간
인천광역시,부평구,(주)하나도시개발 남광센트렉스,지식산업센터,(주)하나도시개발 남광센트렉스,등록,한국수출산업(부평)국가산업단지,한국산업단지공단 인천지역본부 주안부평지사 부평사무소,국가산업단지,[변경완료신고],"공장용지, 공장용지, 공장용지, 공장용지, 공장용지, 공장용지, 공장용지, 공장용지, 공장용지, 공장용지, 공장용지",17875.00 ,86173.98 ,71655.03 ,14518.95 ,"인천광역시 부평구 부평대로 301 (청천동, 남광센트렉스) 외 10필지",인천광역시 부평구 청천동 440-4번지 외 10필지,분양,건축완료,도시지역,공업지역,민간
인천광역시,부평구,경인센타,지식산업센터,제일진흥(주),등록,한국수출산업(주안)국가산업단지,한국산업단지공단 인천지역본부 주안부평지사,국가산업단지,[변경완료신고],공장용지,12375.30 ,51248.84 ,37961.05 ,13287.79 ,"인천광역시 부평구 백범로577번길 20 (십정동, 경인센타)",인천광역시 부평구 십정동  561-3번지,분양,건축완료,도시지역,공업지역,민간
인천광역시,부평구,부평테크노타워,지식산업센터,코리아신탁(주),등록,한국수출산업(부평)국가산업단지,한국산업단지공단 인천지역본부 주안부평지사 부평사무소,국가산업단지,[변경완료신고],공장용지,5765.90 ,40050.11 ,31622.50 ,8427.61 ,"인천광역시 부평구 새벌로 29, 부평테크노타워 (청천동)",인천광역시 부평구 청천동 419-2번지 부평테크노타워,,건축완료,도시지역,공업지역,민간
인천광역시,부평구,부평테크노파크 M2,지식산업센터,우리자산신탁(주),등록,한국수출산업(부평)국가산업단지,한국산업단지공단 인천지역본부 주안부평지사 부평사무소,국가산업단지,[완료신고],공장용지,4810.00 ,38792.17 ,27537.44 ,11254.73 ,인천광역시 부평구 평천로255번길 13,인천광역시 부평구 청천동 424-9,분양,건축완료,도시지역,공업지역,민간
인천광역시,부평구,부평테크노파크 M3,지식산업센터,(주)더마크엠,승인,한국수출산업(부평)국가산업단지,한국산업단지공단 인천지역본부 주안부평지사 부평사무소,국가산업단지,[신설]승인,공장용지,8713.00 ,70525.15 ,36858.15 ,33667.00 ,인천광역시 부평구 새벌로 4(청천동),인천광역시 부평구 청천동 424,,미착공,도시지역,공업지역,민간
인천광역시,부평구,부평테크시티,지식산업센터,주식회사 부평테크시티,등록,한국수출산업(부평)국가산업단지,한국산업단지공단 인천지역본부 주안부평지사 부평사무소,국가산업단지,[완료신고],공장용지,4700.00 ,36962.23 ,22347.35 ,14614.88 ,"인천광역시 부평구 부평대로 293(청천동, 부평테크시티)",인천광역시 부평구 청천동 425-4 부평테크시티,,건축완료,도시지역,공업지역,민간
인천광역시,부평구,와이드크릭제10호일반사모부동산투자회사,지식산업센터,부평아이디씨투자회사,승인,한국수출산업(부평)국가산업단지,한국산업단지공단 인천지역본부 주안부평지사 부평사무소,국가산업단지,[신설]승인,공장용지,10969.00 ,57306.92 ,18242.92 ,39064.00 ,인천광역시 부평구 안남로418번길 27(청천동),인천광역시 부평구 청천동 414-2,임대,미착공,도시지역,공업지역,민간
인천광역시,부평구,제이타워 3차,지식산업센터,부평제이타워3차 지식산업센터,등록,한국수출산업(부평)국가산업단지,한국산업단지공단 인천지역본부 주안부평지사 부평사무소,국가산업단지,[완료신고],공장용지,15788.00 ,114100.27 ,46556.55 ,67543.72 ,,인천광역시 부평구 청천동  426-1,분양,건축완료,도시지역,공업지역,민간
인천광역시,서구,가좌IC지식산업센터,지식산업센터,토지산업개발(주),등록,,인천광역시 서구,개별,[완료신고],공장용지,3566.70 ,4621.10 ,4278.15 ,342.95 ,"인천광역시 서구 가정로37번길 33 (가좌동, 가좌I.C APT형 공장)",인천광역시 서구 가좌동 585-20번지 가좌I.C APT형 공장,분양,건축완료,도시지역,공업지역,민간
인천광역시,서구,가좌타워 지식산업센터,지식산업센터,한국증권금융(주),등록,,인천광역시 서구,개별,[완료신고],공장용지,3305.70 ,23184.67 ,8182.41 ,15002.26 ,인천광역시 서구 백범로630번길 16 (가좌동),인천광역시 서구 가좌동 482-1번지,분양,건축완료,도시지역,공업지역,민간
인천광역시,서구,광양프런티어밸리 3차,지식산업센터,(주)아시아신탁 주식회사,등록,,인천광역시 서구,개별,[완료신고],"대, 대, 대, 대, 대, 대",9177.20 ,69840.26 ,25319.29 ,44520.97 ,인천광역시 서구 가석로 30 (가좌동) 외 5필지,인천광역시 서구 가좌동 274-1번지 외 5필지,분양/임대,,도시지역,공업지역,민간
인천광역시,서구,금하산업,지식산업센터,금하산업,등록,,인천광역시 서구,개별,[완료신고],공장용지,1653.00 ,4953.00 ,4558.00 ,395.00 ,인천광역시 서구 중봉대로240번길 24 (석남동),인천광역시 서구 석남동 650-63번지,분양,건축완료,도시지역,공업지역,민간
인천광역시,서구,대덕테크노타운,지식산업센터,대덕금속,등록,,인천광역시 서구,개별,[완료신고],,5279.00 ,8701.15 ,6558.00 ,2143.15 ,"인천광역시 서구 백범로934번길 15 (가좌동, 대덕테크노타운)",인천광역시 서구 가좌동  178-164번지,분양,건축완료,도시지역,공업지역,민간
인천광역시,서구,미정,지식산업센터,주식회사 덕은산업건설,승인,,인천광역시 서구,개별,[신설]승인,대,26215.00 ,183518.30 ,175869.08 ,7649.22 ,,인천광역시 서구 당하동 8014-1 인천검단지구 도시지원시설용지 14-1블럭,,미착공,도시지역,주거지역,민간
인천광역시,서구,인천PCB협동화사업장,지식산업센터,(주)칠보,등록,,인천광역시 서구,개별,[완료신고],공장용지,2170.40 ,7274.00 ,6416.00 ,858.00 ,인천광역시 서구 중봉대로198번길 27 (가좌동),인천광역시 서구 가좌동 602-33번지,분양,건축완료,도시지역,공업지역,민간
인천광역시,서구,인천테크피아,지식산업센터,파산자(주)기산,등록,,인천광역시 서구,개별,[완료신고],대,11428.00 ,52060.49 ,28131.50 ,23928.99 ,"인천광역시 서구 거북로 17 (석남동, 인천테크피아)",인천광역시 서구 석남동  223-38번지,,건축완료,도시지역,공업지역,민간
인천광역시,서구,현광아파트형공장,지식산업센터,현광아파트형공장,등록,,인천광역시 서구,개별,[완료신고],공장용지,6611.00 ,28668.00 ,24933.00 ,3735.00 ,"인천광역시 서구 봉수대로 141 (가좌동, 현광아파트형공장)",인천광역시 서구 가좌동 178-78번지,분양,건축완료,도시지역,공업지역,민간
인천광역시,서구,스마트테크노타워,지식산업센터,(주)씨엔전자,등록,한국수출산업(주안)국가산업단지,한국산업단지공단 인천지역본부 주안부평지사,국가산업단지,[완료신고],공장용지,0.00 ,39409.03 ,33151.28 ,6257.75 ,인천광역시 서구 백범로 681 (가좌동) 스마트테크노타워,인천광역시 서구 가좌동 541-1 스마트테크노타워,분양,건축완료,도시지역,공업지역,민간
인천광역시,서구,아르테크주안,지식산업센터,코리아신탁(주),등록,한국수출산업(주안)국가산업단지,한국산업단지공단 인천지역본부 주안부평지사,국가산업단지,[완료신고],공장용지,6110.10 ,46245.11 ,45625.92 ,619.19 ,인천광역시 서구 백범로 611 (가좌동),인천광역시 서구 가좌동 524-11,분양,건축완료,도시지역,공업지역,민간
인천광역시,서구,엠앤제이비즈타워,지식산업센터,(주)하나자산신탁,등록,한국수출산업(주안)국가산업단지,한국산업단지공단 인천지역본부 주안부평지사,국가산업단지,[완료신고],공장용지,4958.50 ,36533.71 ,32234.06 ,4299.65 ,인천광역시 서구 백범로 619 (가좌동) 앰엔제이비즈타워,인천광역시 서구 가좌동 524-12,분양,건축완료,도시지역,공업지역,민간
인천광역시,서구,인천 뷰티코스메틱센터,지식산업센터,에스에이코스메틱 외 5개사,등록,한국수출산업(주안)국가산업단지,한국산업단지공단 인천지역본부 주안부평지사,국가산업단지,[완료신고],공장용지,3306.00 ,14185.01 ,9310.04 ,4874.97 ,인천광역시 서구 가좌로29번길 22,인천광역시 서구 가좌동 539-15번지,분양/임대,건축완료,도시지역,공업지역,민간
인천광역시,서구,주안 BT센터 2차,지식산업센터,케이에스에이(주)-주안 BT센터 2차,등록,한국수출산업(주안)국가산업단지,한국산업단지공단 인천지역본부 주안부평지사,국가산업단지,[완료신고],공장용지,3312.30 ,14530.60 ,11766.68 ,2763.92 ,인천광역시 서구 가좌로 54 (가좌동),인천광역시 서구 가좌동 530-3번지,,건축완료,도시지역,공업지역,민간
인천광역시,서구,주안 뷰티&테크노센터,지식산업센터,케이에스에이(주),등록,한국수출산업(주안)국가산업단지,한국산업단지공단 인천지역본부 주안부평지사,국가산업단지,[완료신고],공장용지,3332.70 ,9206.30 ,5137.40 ,4068.90 ,인천광역시 서구 가좌로29번길 14,인천광역시 서구 가좌동 539-16번지,분양/임대,건축완료,도시지역,공업지역,민간
인천광역시,서구,주안DH비즈타워,지식산업센터,(주)디에이치디,등록,한국수출산업(주안)국가산업단지,한국산업단지공단 인천지역본부 주안부평지사,국가산업단지,[변경완료신고],공장용지,4709.50 ,34804.28 ,25889.70 ,8914.58 ,인천광역시 서구 가재울로 109,인천광역시 서구 가좌동 524-8번지,분양/임대,건축완료,도시지역,공업지역,민간
인천광역시,서구,주안dh비즈타워2차,지식산업센터,신영부동산신탁(주),등록,한국수출산업(주안)국가산업단지,한국산업단지공단 인천지역본부 주안부평지사,국가산업단지,[완료신고],공장용지,4270.00 ,36927.64 ,24244.30 ,12683.34 ,인천광역시 서구 가좌동 524-9번지,인천광역시 서구 가좌동 524-9번지,분양/임대,건축완료,도시지역,공업지역,민간
인천광역시,서구,에이스하이테크시티청라,지식산업센터,(주)코람코자산신탁,등록,IHP도시첨단산업단지 ,인천광역시 경제자유구역청,도시첨단산업단지,[완료신고],공장용지,15786.50 ,106190.52 ,43685.66 ,62504.86 ,인천광역시 서구 파랑로 495,인천광역시 서구 청라동 202-5번지,분양,건축완료,도시지역,공업지역,민간
인천광역시,서구,청라 SK V1,지식산업센터,교보자산신탁 주식회사,등록,IHP도시첨단산업단지 ,인천광역시 경제자유구역청,도시첨단산업단지,[완료신고],공장용지,161591.10 ,126011.73 ,58806.07 ,67205.66 ,"인천광역시 서구 파랑로 451 (청라동, 청라 SK V1)",인천광역시 서구 청라동 202-2 청라 SK V1 동 층 호,분양,건축완료,도시지역,공업지역,민간
인천광역시,서구,청라지식산업센터(청라더리브티아모),지식산업센터,(주)하나자산신탁,등록,IHP도시첨단산업단지 ,인천광역시 경제자유구역청,도시첨단산업단지,[완료신고],공장용지,16322.80 ,108998.63 ,43776.61 ,65222.02 ,인천광역시 서구 중봉대로 490  (청라동),인천광역시 서구 청라동 202-3,분양,건축완료,도시지역,공업지역,민간
인천광역시,서구,(주)가좌써키트,지식산업센터,(주)가좌써키트,등록,인천일반산업단지,인천광역시도시개발공사,지방산업단지,[완료신고],공장용지,5767.00 ,7917.00 ,7917.00 ,0.00 ,인천광역시 서구 가정로47번길 4 (가좌동),인천광역시 서구 가좌동 576번지,,건축완료,도시지역,공업지역,민간
인천광역시,서구,(주)빌립보,지식산업센터,(주)빌립보,등록,인천일반산업단지,인천광역시도시개발공사,지방산업단지,[완료신고],공장용지,7800.00 ,16309.56 ,13569.32 ,2740.24 ,"인천광역시 서구 장고개로 125 (가좌동, 1)",인천광역시 서구 가좌동 180-102번지,분양,건축완료,도시지역,공업지역,민간
인천광역시,서구,검단지식산업센터,지식산업센터,교보자산신탁(주),등록,뷰티풀파크,뷰티풀파크관리공단,지방산업단지,[변경완료신고],공장용지,26441.90 ,153155.25 ,126462.56 ,26692.69 ,인천광역시 서구 보듬로 158 (오류동),인천광역시 서구 오류동 1656-1번지,분양,건축완료,도시지역,공업지역,민간
인천광역시,서구,영창테크노타운,지식산업센터,동남실업,등록,인천일반산업단지,인천광역시도시개발공사,지방산업단지,[완료신고],공장용지,11629.90 ,15934.59 ,15623.75 ,310.84 ,"인천광역시 서구 가정로38번길 18, 영창테크노타운 (가좌동)",인천광역시 서구 가좌동 564-11번지 영창테크노타운,분양,건축완료,,,민간
인천광역시,서구,청정표면처리센터,지식산업센터,(주)한국토지신탁,등록,뷰티풀파크,뷰티풀파크관리공단,지방산업단지,[변경완료신고],공장용지,23146.90 ,129123.59 ,113624.31 ,15499.28 ,인천광역시 서구 가람로 14 (오류동),인천광역시 서구 오류동 1610-1번지,분양,건축완료,도시지역,공업지역,민간
인천광역시,서구,토지산업지식산업센터(2차),지식산업센터,토지산업지식산업센터(2차),등록,인천일반산업단지,인천광역시도시개발공사,지방산업단지,[완료신고],공장용지,10694.20 ,19954.04 ,19954.04 ,0.00 ,"인천광역시 서구 가남로 61, 토지산업 지식산업센터(2차) (가좌동)",인천광역시 서구 가좌동 564-13번지 토지산업 지식산업센터(2차),분양/임대,,도시지역,공업지역,민간
인천광역시,서구,팩토리80,지식산업센터,팩토리80,등록,인천일반산업단지,인천광역시도시개발공사,지방산업단지,[완료신고],공장용지,0.00 ,0.00 ,0.00 ,0.00 ,"인천광역시 서구, 가정로37번길 4 (가좌동)",인천광역시 서구 가좌동 578-12번지 가정로37번길 4,분양/임대,,도시지역,공업지역,민간
인천광역시,연수구,송도 AIT센터,지식산업센터,(주)한국토지신탁,등록,,인천광역시 경제자유구역청,개별,[완료신고],대,11742.45 ,28208.13 ,12034.30 ,16173.83 ,,인천광역시 연수구 송도동 172-6,분양,미착공,도시지역,주거지역,공공
인천광역시,연수구,송도건원테크노큐브,지식산업센터,(주)코람코자산신탁,등록,,인천광역시 경제자유구역청,개별,[완료신고],대,5623.20 ,12515.52 ,12515.52 ,0.00 ,인천광역시 연수구 송도과학로16번길 13-18,인천광역시 연수구 송도동 174-1번지,분양,건축완료,도시지역,주거지역,민간
인천광역시,연수구,송도비알씨스마트밸리지식산업센터,지식산업센터,한국자산신탁(주),등록,,인천광역시 경제자유구역청,개별,[완료신고],대,67281.60 ,291184.06 ,178362.48 ,112821.58 ,인천광역시 연수구 송도미래로 30 (송도동),인천광역시 연수구 송도동 214번지,분양,미착공,도시지역,주거지역,민간
인천광역시,연수구,송도테크노파크BT센터,지식산업센터,(재)인천테크노파크,승인,,인천광역시 경제자유구역청,개별,[신설]승인,대,5701.00 ,32869.21 ,12502.10 ,20367.11 ,인천광역시 연수구 송도과학로 56,인천광역시 연수구 송도동 172-3번지,분양,,도시지역,주거지역,민간
인천광역시,연수구,인천테크노파크 AT센터,지식산업센터,(주)무궁화신탁,등록,,인천광역시 경제자유구역청,개별,[완료신고],대,14997.20 ,31341.67 ,31341.67 ,0.00 ,인천광역시 연수구 송도과학로 70 (송도동),인천광역시 연수구 송도동 172-5 동 층 호,분양/임대,건축완료,도시지역,주거지역,민간
인천광역시,연수구,본에스티스 지식산업센터,지식산업센터,주식회사 본에스티스,승인,송도지식정보일반산업단지,인천광역시 경제자유구역청,지방산업단지,[신설]승인,대,6635.40 ,22415.03 ,7227.39 ,15187.64 ,,인천광역시 연수구 송도동 10-77,,미착공,도시지역,주거지역,민간
인천광역시,중구,인천 중구 항동7가 지식산업센터,지식산업센터,인천 중구 항동7가 지식산업센터,승인,,인천광역시 중구,개별,[신설]승인,잡종지,16605.00 ,145396.08 ,57539.02 ,87857.06 ,인천광역시 중구 축항대로166번길 7(항동7가),인천광역시 중구 항동7가 97,,미착공,도시지역,공업지역,민간
전라남도,고흥군,고흥드론센터,지식산업센터,고흥군청(우주항공추진단),등록,,전라남도 고흥군,개별,[완료신고],대,15580.50 ,9246.18 ,8851.38 ,394.80 ,전라남도 고흥군 고흥읍 호산로 487-291,전라남도 고흥군 고흥읍 고소리 1171 고흥드론특화 지식산업센터,임대,건축완료,관리지역,계획관리지역,공공
전라남도,광양시,광양만권 소재부품 지식산업센터,지식산업센터,광양시청,등록,광양익신일반산업단지,전라남도 광양시,지방산업단지,[완료신고],공장용지,5729.00 ,7943.01 ,4956.78 ,2986.23 ,,전라남도 광양시 광양읍 익신리 752-11,,,도시지역,공업지역,공공
전라남도,나주시,(주)뉴태산,지식산업센터,(주)뉴태산,승인,,전라남도 나주시,개별,[신설]승인,대,1786.00 ,2001.46 ,1472.04 ,529.42 ,전라남도 나주시 빛가람동 892-10번지,전라남도 나주시 빛가람동 892-10번지,분양/임대,미착공,도시지역,주거지역,민간
전라남도,나주시,게토333,지식산업센터,코리아신탁(주),승인,,전라남도 나주시,개별,[분양공고안]승인,대,13308.31 ,16296.78 ,0.00 ,16296.78 ,전라남도 나주시 우정로 10 (빛가람동),전라남도 나주시 빛가람동 186-1번지,분양/임대,미착공,도시지역,주거지역,민간
전라남도,나주시,스마트파크,지식산업센터,(주)하나자산신탁,승인,,전라남도 나주시,개별,[분양공고안]승인,대,39156.00 ,64116.00 ,45466.00 ,18650.00 ,전라남도 나주시 교육길 13,전라남도 나주시 빛가람동 353-1번지,,,도시지역,주거지역,민간
전라남도,나주시,이노파크식스틴(가동),지식산업센터,(유)이노파크식스틴,등록,,전라남도 나주시,개별,[완료신고],대,1626.82 ,3831.00 ,2798.96 ,1032.04 ,전라남도 나주시 우정로 10 (빛가람동),전라남도 나주시 빛가람동 186-1번지,분양/임대,미착공,도시지역,주거지역,민간
전라남도,나주시,이노파크식스틴(다동),지식산업센터,(유)이노파크식스틴,등록,,전라남도 나주시,개별,[변경완료신고],대,1681.58 ,3060.45 ,2098.24 ,962.21 ,전라남도 나주시 우정로 10 (빛가람동),전라남도 나주시 빛가람동 186-1번지,분양/임대,미착공,도시지역,주거지역,민간
전라남도,나주시,이노파크식스틴(라동),지식산업센터,(유)이노파크식스틴,등록,,전라남도 나주시,개별,[완료신고],대,1881.30 ,3017.05 ,2165.25 ,851.80 ,전라남도 나주시 우정로 10 (빛가람동),전라남도 나주시 빛가람동 186-1번지,분양/임대,미착공,도시지역,주거지역,민간
전라남도,나주시,이노파크식스틴(마동),지식산업센터,(유)이노파크식스틴,등록,,전라남도 나주시,개별,[완료신고],대,1626.82 ,29106.42 ,28255.25 ,851.17 ,전라남도 나주시 우정로 10 (빛가람동),전라남도 나주시 빛가람동 186-1번지,분양/임대,미착공,도시지역,주거지역,민간
전라남도,나주시,이노파크식스틴(바동),지식산업센터,(유)이노파크식스틴,등록,,전라남도 나주시,개별,[완료신고],대,2973.30 ,5278.76 ,3695.55 ,1583.21 ,전라남도 나주시 우정로 10 (빛가람동),전라남도 나주시 빛가람동 186-1번지,분양/임대,미착공,도시지역,주거지역,민간
전라남도,나주시,이노파크식스틴(사동),지식산업센터,(유)이노파크식스틴,등록,,전라남도 나주시,개별,[완료신고],대,2420.24 ,4414.77 ,3097.80 ,1316.97 ,전라남도 나주시 우정로 10 (빛가람동),전라남도 나주시 빛가람동 186-1번지,분양/임대,미착공,도시지역,주거지역,민간
전라남도,나주시,케이원 지식산업센터,지식산업센터,(주)클러스시티,등록,,전라남도 나주시,개별,[완료신고],대,5786.20 ,6268.03 ,4759.50 ,1508.54 ,전라남도 나주시 정보화길 26 (빛가람동),전라남도 나주시 빛가람동 273-1번지,분양/임대,건축완료,도시지역,주거지역,민간
전라남도,나주시,토담휴로스센트럴타워,지식산업센터,케이비부동산신탁주식회사,승인,,전라남도 나주시,개별,[분양공고안]승인,대,9504.40 ,56442.72 ,41021.23 ,15421.49 ,전라남도 나주시 빛가람동 949-1번지,전라남도 나주시 빛가람동 949-1번지,,미착공,도시지역,주거지역,민간
전라남도,목포시,세라믹지원센터,지식산업센터,전남테크노파크,등록,목포세라믹일반산업단지  ,전라남도 목포시,지방산업단지,[변경완료신고],"공장용지, 공장용지, 공장용지, 공장용지, 공장용지",19659.40 ,6161.82 ,4504.44 ,1657.38 ,"전라남도 목포시 대양로 26(연산동, 전남테크노파크) 외 4필지",전라남도 목포시 연산동 1998 전남테크노파크 외 4필지,분양,건축완료,도시지역,공업지역,민간
전라남도,순천시,율촌자유무역지역 표준공장 A동,지식산업센터,산업통상자원부 율촌자유무역지역관리원,승인,율촌자유무역지역,산업통상자원부 율촌자유무역지역관리원,자유무역지역,[신설변경]승인,공장용지,17640.00 ,12740.43 ,9487.50 ,3252.93 ,"전라남도 순천시 해룡면 율촌산단4로 26-192, 율촌자유무역지역 표준공장",전라남도 순천시 해룡면 호두리 1158-5번지 율촌자유무역지역 표준공장,임대,건축완료,도시지역,공업지역,공공
전라남도,순천시,전남테크노파크 지식산업센터,지식산업센터,(재)전남테크노파크,등록,여수율촌제1일반산업단지,광양만권경제자유구역청,지방산업단지,[완료신고],공장용지,2421.29 ,6671.89 ,4216.33 ,2455.56 ,전라남도 순천시 해룡면 호두리 율촌제1일반산업단지 제6블럭,전라남도 순천시 해룡면 호두리 율촌제1일반산업단지 제6블럭,임대,건축완료,,,민간
전라남도,여수시,골든게이트여수비즈밸리,지식산업센터,신한자산신탁(주),등록,여수국가산업단지,한국산업단지공단 전남지역본부,국가산업단지,[완료신고],"공장용지, 공장용지",4481.00 ,26616.46 ,11579.55 ,15036.91 ,"전라남도 여수시 삼동로 79 (주삼동, 골든게이트여수) 외 1필지",전라남도 여수시 주삼동 563-32 골든게이트여수 외 1필지,분양,건축완료,도시지역,공업지역,민간
전라남도,영암군,리팩토리대불,지식산업센터,한국산업단지공단,등록,대불국가산업단지,한국산업단지공단 전남지역본부 전남서부지사,국가산업단지,[완료신고],공장용지,19835.50 ,12219.03 ,10922.83 ,1296.20 ,전라남도 영암군 삼호읍 나불로 163 (한국산업단지공단 대불지사),전라남도 영암군 삼호읍 나불리 339-3번지,임대,건축완료,도시지역,공업지역,공공
전북특별자치도,군산시,군산수산물연구가공거점단지,지식산업센터,군산시,등록,,전북특별자치도 군산시,개별,[변경완료신고],잡종지,8533.00 ,9263.60 ,2592.92 ,6670.68 ,전북특별자치도 군산시 내항2길 312 (해망동),전북특별자치도 군산시 해망동 1011-17번지,임대,,도시지역,공업지역,공공
전북특별자치도,남원시,(재)남원시바이오산업연구원,지식산업센터,(주)오미풀,승인,남원노암제3농공단지,전북특별자치도 남원시,농공단지,[분양공고안]승인,공장용지,28363.55 ,11427.70 ,2606.88 ,8820.82 ,전북특별자치도 남원시 시묘길 43  (노암동),전북특별자치도 남원시 노암동 867-1 동 층 호,,건축완료,도시지역,공업지역,공공
전북특별자치도,남원시,(재)남원시바이오산업연구원,지식산업센터,(재)남원바이산업연구원,등록,남원노암제3농공단지,전북특별자치도 남원시,농공단지,[완료신고],공장용지,14416.70 ,16427.70 ,7606.88 ,8820.82 ,전북특별자치도 남원시 시묘길 43 (노암동),전북특별자치도 남원시 노암동 867-1,,건축완료,도시지역,공업지역,공공
전북특별자치도,익산시,그린바이오 벤처 캠퍼스,지식산업센터,한국농업기술진흥원,승인,,전북특별자치도 익산시,개별,[신설]승인,,28000.00 ,7251.56 ,5228.24 ,2023.32 ,,전북특별자치도 익산시 함열읍 와리 1549-1,,,도시지역,공업지역,민간
전북특별자치도,익산시,익산왕궁지식산업센터,지식산업센터,익산시청,등록,,전북특별자치도 익산시,개별,[완료신고],공장용지,12734.00 ,3538.62 ,1886.14 ,1652.48 ,전북특별자치도 익산시 왕궁면 금광길 72-35,전북특별자치도 익산시 왕궁면 동용리 768번지,,건축완료,관리지역,계획관리지역,공공
전북특별자치도,익산시,익산지식산업센터,지식산업센터,유한회사 웨스턴라이프컨소시엄,등록,익산국가산업단지,한국산업단지공단 전북지역본부 익산지사,국가산업단지,[변경완료신고],"공장용지, 공장용지, 공장용지",1973.00 ,11608.15 ,4274.10 ,7334.05 ,전북특별자치도 익산시 약촌로 174 (영등동) 외 2필지,전북특별자치도 익산시 영등동 191-35번지 외 2필지,분양,건축완료,도시지역,공업지역,민간
전북특별자치도,익산시,주식회사 에이치메이크,지식산업센터,주식회사 에이치메이크,승인,익산국가산업단지,한국산업단지공단 전북지역본부 익산지사,국가산업단지,[신설]승인,공장용지,6824.00 ,53009.16 ,20131.00 ,32878.16 ,"전북특별자치도 익산시 약촌로8길 35-20 (어양동, 한국대창산업(주))",전북특별자치도 익산시 어양동 513-4 한국대창산업(주),,미착공,도시지역,공업지역,민간
전북특별자치도,익산시,(주)신화노블레스,지식산업센터,(주)신화노블레스,승인,익산제2일반산업단지,전북특별자치도 익산시,지방산업단지,[신설변경]승인,공장용지,7484.40 ,28810.47 ,23251.23 ,5559.24 ,전북특별자치도 익산시 석암로1길 41-12,전북특별자치도 익산시 용제동 573-5번지 (지방산업단지내),,미착공,관리지역,관리지역기타,민간
전북특별자치도,익산시,(주)하나인종합건설,지식산업센터,(주)하나인종합건설,승인,익산제2일반산업단지,전북특별자치도 익산시,지방산업단지,[신설변경]승인,공장용지,18231.30 ,43994.91 ,36249.86 ,7745.05 ,전북특별자치도 익산시 석암로1길 63-13,전북특별자치도 익산시 용제동 573번지 (제2지방산업단지),,미착공,관리지역,관리지역기타,민간
전북특별자치도,익산시,아파트공장,지식산업센터,(주)덕기개발,승인,익산제2일반산업단지,전북특별자치도 익산시,지방산업단지,[신설]승인,,25715.70 ,97011.38 ,80196.42 ,16814.96 ,전북특별자치도 익산시 석암로1길 63-13,전북특별자치도 익산시 용제동 573번지,,건축완료,,,민간
전북특별자치도,익산시,정행벤처텔,지식산업센터,정행건설주식회사,승인,익산제2일반산업단지,전북특별자치도 익산시,지방산업단지,[신설]승인,공장용지,18231.30 ,66638.22 ,45356.56 ,21281.66 ,전북특별자치도 익산시 석암로1길 63-13,전북특별자치도 익산시 용제동 573번지 (익산제2지방산업단지내) (정행벤처텔),분양,미착공,도시지역,공업지역,민간
전북특별자치도,익산시,주얼리집적산업센터,지식산업센터,익산시,등록,익산제3일반산업단지,전북특별자치도 익산시,지방산업단지,[완료신고],공장용지,7340.10 ,3699.11 ,3699.11 ,0.00 ,전북특별자치도 익산시 낭산면 산단구평길 142-41,전북특별자치도 익산시 낭산면 구평리 1519,,건축완료,도시지역,공업지역,공공
전북특별자치도,익산시,지행벤처텔,지식산업센터,(주)하나인종합건설,승인,익산제2일반산업단지,전북특별자치도 익산시,지방산업단지,[신설변경]승인,공장용지,18231.30 ,43994.91 ,36249.86 ,7745.05 ,전북특별자치도 익산시 석암로1길 63-13,전북특별자치도 익산시 용제동 573번지,,미착공,도시지역,공업지역,민간
전북특별자치도,전주시 덕진구,스페이스 온,지식산업센터,우리자산신탁(주),등록,,전북특별자치도 전주시,개별,[완료신고],대,13974.50 ,48378.80 ,27963.82 ,20414.98 ,전북특별자치도 전주시 덕진구 만성북로 51-25,전북특별자치도 전주시 덕진구 만성동 1345-3번지,분양/임대,건축완료,도시지역,주거지역,민간
전북특별자치도,전주시 덕진구,스페이스킹,지식산업센터,유한회사 스페이스킹,승인,,전북특별자치도 전주시,개별,[신설]승인,대,8218.70 ,28678.51 ,15120.18 ,13558.33 ,,전북특별자치도 전주시 덕진구 만성동 1345-1,,,도시지역,주거지역,민간
전북특별자치도,전주시 덕진구,전주 첨단벤처단지 지식산업센터,지식산업센터,전주시,등록,,전북특별자치도 전주시,개별,[완료신고],"대, 대, 대, 대, 대, 대, 대",25023.00 ,12282.00 ,5089.00 ,7193.00 ,전북특별자치도 전주시 덕진구 유상로 67 (팔복동2가) 외 6필지,전북특별자치도 전주시 덕진구 팔복동2가 750-1번지 외 6필지,임대,건축완료,도시지역,공업지역,공공
전북특별자치도,전주시 덕진구,전주어썸시티지식산업센터,지식산업센터,유한회사 만성이엔지,승인,,전북특별자치도 전주시,개별,[신설]승인,대,6989.00 ,25371.41 ,16014.56 ,9356.85 ,,전북특별자치도 전주시 덕진구 만성동 1345-2,,,도시지역,주거지역,민간
전북특별자치도,전주시 덕진구,더캠퍼스이지움,지식산업센터,신한자산신탁 주식회사,승인,전주제1일반산업단지,전북특별자치도 전주시,지방산업단지,[분양공고안]승인,"대, 대",14503.51 ,67485.97 ,47434.78 ,20051.19 ,,전북특별자치도 전주시 덕진구 팔복동2가 265-1 외 1필지,,건축중,도시지역,공업지역,민간
전북특별자치도,전주시 덕진구,전주아파트형공장,지식산업센터,중소기업진흥공단,등록,전주제2일반산업단지,전북특별자치도 전주시,지방산업단지,[변경완료신고],공장용지,5325.90 ,16846.70 ,10365.88 ,6480.82 ,"전북특별자치도 전주시 덕진구 팔과정로 20 (팔복동3가, 덕진아파트형공장)",전북특별자치도 전주시 덕진구 팔복동3가  422번지,,건축완료,도시지역,공업지역,공공
전북특별자치도,전주시 완산구,신산업융복합지식산업센터,지식산업센터,전주시,등록,,전북특별자치도 전주시,개별,[완료신고],대,11333.00 ,9190.25 ,6370.59 ,2819.66 ,"전북특별자치도 전주시 완산구 아중로 33(중노송동, 전주정보문화산업진흥원)",전북특별자치도 전주시 완산구 중노송동 470-4 전주정보문화산업진흥원,임대,,도시지역,주거지역,공공
제주특별자치도,서귀포시,서호동(1613-4),지식산업센터,유한회사 심인레저,승인,,제주특별자치도 서귀포시,개별,[신설]승인,대,6551.00 ,23885.56 ,18278.96 ,5606.60 ,,제주특별자치도 서귀포시 서호동 1613-4,,,도시지역,주거지역,민간
제주특별자치도,서귀포시,"서호동(1615-4, 1615-5) 지식산업센터",지식산업센터,주식회사 지플래닝,승인,,제주특별자치도 서귀포시,개별,[신설]승인,"대, 대",5898.10 ,16070.53 ,12870.04 ,3200.49 ,,제주특별자치도 서귀포시 서호동 1615-4 외 1필지,,,도시지역,주거지역,민간
제주특별자치도,서귀포시,제주 유포리아 지식산업센터,지식산업센터,케이비부동산신탁 주식회사,등록,,제주특별자치도 서귀포시,개별,[완료신고],대,17585.00 ,58758.25 ,41218.53 ,17539.72 ,제주특별자치도 서귀포시 서호중앙로 55,제주특별자치도 서귀포시 서호동 1605번지,분양,건축완료,도시지역,주거지역,민간
제주특별자치도,서귀포시,테트라필드제주,지식산업센터,주식회사 지플래닝,승인,,제주특별자치도 서귀포시,개별,[신설]승인,"대, 대, 대",16548.52 ,60962.80 ,44753.74 ,16209.06 ,,제주특별자치도 서귀포시 서호동 1615-11 외 2필지,,미착공,도시지역,주거지역,민간
제주특별자치도,제주시,제주특별자치도 지식산업센터,지식산업센터,제주특별자치도,승인,,제주특별자치도 제주시,개별,[신설]승인,임야,8812.00 ,8180.64 ,3290.46 ,4890.18 ,,제주특별자치도 제주시 아라일동 393-17,임대,미착공,도시지역,녹지지역,공공
제주특별자치도,제주시,스마트빌딩,지식산업센터,제주국제자유도시개발센터,등록,제주첨단과학기술국가산업단지,제주국제자유도시개발센터,국가산업단지,[완료신고],대,9849.30 ,0.00 ,0.00 ,0.00 ,"제주특별자치도 제주시 첨단로 213-4, 제주첨단과학기술단지 스마트빌딩 (영평동)",제주특별자치도 제주시 영평동 2169번지 제주첨단과학기술단지 스마트빌딩,임대,건축완료,도시지역,공업지역,공공
충청남도,서산시,서산솔라벤처단지,지식산업센터,한화솔루션(주),등록,서산지방산업단지,충청남도 서산시,지방산업단지,[변경완료신고],공장용지,16734.60 ,8375.39 ,4708.85 ,3666.54 ,충청남도 서산시 성연면 성연3로 161,충청남도 서산시 성연면 왕정리 646번지,임대,건축완료,도시지역,공업지역,민간
충청남도,아산시,더 콜럼버스,지식산업센터,(주)알토란,등록,,충청남도 아산시,개별,[완료신고],대,0.00 ,47253.19 ,23000.86 ,24252.33 ,충청남도 아산시 탕정면 용머리길 16,충청남도 아산시 탕정면 용두리 695 동 층 호,분양,건축완료,도시지역,주거지역,민간
충청남도,아산시,더 콜럼버스 2,지식산업센터,(주)알토란,등록,,충청남도 아산시,개별,[완료신고],대,0.00 ,73894.44 ,35429.90 ,38464.54 ,충청남도 아산시 탕정면 용머리길 10,충청남도 아산시 탕정면 용두리 695-1,분양,건축완료,도시지역,주거지역,민간
충청남도,아산시,더큐브,지식산업센터,신한자산신탁 주식회사,승인,,충청남도 아산시,개별,[신설]승인,"대, 대, 대",6893.80 ,49675.83 ,21865.50 ,27810.33 ,충청남도 아산시 탕정면 이순신대로 402 외 2필지,충청남도 아산시 탕정면 용두리 697 외 2필지,분양,미착공,도시지역,주거지역,민간
충청남도,아산시,아산시 지식산업센터,지식산업센터,아산시청,승인,,충청남도 아산시,개별,[신설]승인,대,7217.20 ,9067.58 ,4281.83 ,4785.75 ,,충청남도 아산시 배방읍 장재리 2135,임대,미착공,도시지역,주거지역,공공
충청남도,아산시,유니콘 101,지식산업센터,(주)하나자산신탁,등록,,충청남도 아산시,개별,[완료신고],대,13510.90 ,74215.81 ,25252.86 ,48962.95 ,충청남도 아산시 탕정면 용머리길 40,충청남도 아산시 탕정면 용두리 728,분양,건축완료,도시지역,주거지역,민간
충청남도,아산시,탕정비즈밸리,지식산업센터,우리자산신탁 주식회사,등록,,충청남도 아산시,개별,[완료신고],대,8221.20 ,49355.30 ,23641.46 ,25713.84 ,,충청남도 아산시 탕정면 용두리 696,분양,건축완료,도시지역,주거지역,민간
충청남도,아산시,아산 탕정일반산업단지 지식산업센터,지식산업센터,파트너스율 외 1인,승인,탕정일반산업단지,충청남도 아산시,지방산업단지,[신설]승인,공장용지,14530.00 ,0.00 ,0.00 ,0.00 ,,충청남도 아산시 탕정면 갈산리 830,,미착공,도시지역,공업지역,민간
충청남도,예산군,(재)충남테크노파크 바이오센터,지식산업센터,(재)충남테크노파크,등록,예산일반산업단지,충청남도 예산군,지방산업단지,[완료신고],공장용지,16554.60 ,9947.62 ,9177.93 ,769.69 ,충청남도 예산군 삽교읍 산단3길 226,충청남도 예산군 삽교읍 효림리 479,임대,건축완료,도시지역,공업지역,공공
충청남도,천안시 서북구,G1비즈캠퍼스지식산업센터,지식산업센터,우리자산신탁 주식회사,등록,,충청남도 천안시,개별,[완료신고],"공장용지, 공장용지",16713.90 ,115162.03 ,47474.34 ,67687.69 ,충청남도 천안시 서북구 2공단4로 48 외 1필지,충청남도 천안시 서북구 성성동 336-37 외 1필지,분양,건축완료,도시지역,공업지역,민간
충청남도,천안시 서북구,성성동 348 지식산업센터,지식산업센터,(주)하나자산신탁,승인,,충청남도 천안시,개별,[신설]승인,"답, 답, 답, 답, 답, 답, 답, 답, 답, 답, 답, 답, 답, 답, 답, 답, 답, 답, 답, 답",27824.00 ,173305.02 ,75221.67 ,98083.35 ,,충청남도 천안시 서북구 성성동 348 외 19필지,,,도시지역,공업지역,민간
충청남도,천안시 서북구,와촌동 지식산업센터,지식산업센터,(주)천안역세권 혁신지구재생사업 위탁관리부동산투자회사,승인,,충청남도 천안시,개별,[신설]승인,"대, 대, 대, 대, 대, 대, 대, 대, 대, 대, 대, 대",3870.00 ,50192.18 ,16080.84 ,34111.34 ,,충청남도 천안시 서북구 와촌동 106-83 외 11필지,,,도시지역,상업지역,민간
충청남도,천안시 서북구,천안 자이타워 지식산업센터,지식산업센터,(주)하나자산신탁,등록,,충청남도 천안시,개별,[완료신고],공장용지,0.00 ,136465.80 ,57348.76 ,79117.04 ,충청남도 천안시 서북구 2공단1로 17 (성성동),충청남도 천안시 서북구 성성동 1002,분양,건축완료,도시지역,공업지역,민간
충청남도,천안시 서북구,충남지식산업센터,지식산업센터,충청남도청,등록,,충청남도 천안시,개별,[완료신고],대,4510.00 ,12471.19 ,4854.62 ,7616.57 ,충청남도 천안시 서북구 불당동 650-3번지,충청남도 천안시 서북구 불당동 650-3번지,임대,미착공,도시지역,주거지역,공공
충청남도,천안시 서북구,백석스타비즈 지식산업센터,지식산업센터,케이비부동산신탁(주),등록,천안백석농공단지,충청남도 천안시,농공단지,[완료신고],공장용지,6978.00 ,44211.62 ,20542.14 ,23669.48 ,충청남도 천안시 서북구 백석공단5길 6 (백석동),충청남도 천안시 서북구 백석동 555-27,분양,,도시지역,공업지역,민간
충청남도,천안시 서북구,룩소르 퍼스트 비즈타워 천안 지식산업센터,지식산업센터,한국투자부동산신탁 주식회사,등록,천안제2일반산업단지,천안산업단지관리공단,지방산업단지,[완료신고],공장용지,10208.10 ,63130.58 ,44632.27 ,18498.31 ,충청남도 천안시 서북구 2공단5로 52  (차암동),충청남도 천안시 서북구 차암동 13,분양,건축완료,도시지역,공업지역,민간
충청남도,천안시 서북구,천안미래에이스하이테크시티,지식산업센터,한국자산신탁(주),등록,천안제3일반산업단지,충청남도 천안시,지방산업단지,[완료신고],공장용지,18315.10 ,72150.18 ,58190.06 ,13960.12 ,충청남도 천안시 서북구 백석공단1로 10 (백석동),충청남도 천안시 서북구 백석동 719번지,분양/임대,건축완료,도시지역,공업지역,민간
충청남도,천안시 서북구,천안차암지식산업센터,지식산업센터,중소기업진흥공단,등록,천안제2일반산업단지,천안산업단지관리공단,지방산업단지,[완료신고],"공장용지, 공장용지",8372.90 ,16551.77 ,14740.67 ,1811.10 ,"충청남도 천안시 서북구 2공단2로 95 (차암동, 천안테크노타운) 외 1필지",충청남도 천안시 서북구 차암동5-2번지 외 1필지,분양,건축완료,도시지역,공업지역,공공
충청남도,홍성군,강산 빌딩,지식산업센터,유한회사 강산,승인,홍성내포도시첨단산업단지,충청남도 홍성군,도시첨단산업단지,[신설]승인,공장용지,7941.00 ,8930.00 ,7940.00 ,990.00 ,,충청남도 홍성군 홍북읍 신경리 1666,,,도시지역,공업지역,민간
충청남도,홍성군,내포 지식산업센터(충청남도),지식산업센터,한국과학기술원,등록,홍성내포도시첨단산업단지,충청남도 홍성군,도시첨단산업단지,[변경완료신고],공장용지,5692.40 ,12307.80 ,4644.28 ,7663.52 ,충청남도 홍성군 홍북읍 첨단산단5길 6,충청남도 홍성군 홍북읍 신경리 1665,임대,건축완료,도시지역,공업지역,공공
충청남도,홍성군,다담지식산업센터,지식산업센터,(주)다담산업,승인,홍성내포도시첨단산업단지,충청남도 홍성군,도시첨단산업단지,[신설]승인,공장용지,5593.50 ,15270.23 ,0.00 ,15270.23 ,,충청남도 홍성군 홍북읍 신경리 1577,,,도시지역,공업지역,민간
충청남도,홍성군,디엠비에스지식산업센터,지식산업센터,(유)디엠비에스,승인,홍성내포도시첨단산업단지,충청남도 홍성군,도시첨단산업단지,[신설]승인,공장용지,6493.40 ,16347.30 ,0.00 ,16347.30 ,,충청남도 홍성군 홍북읍 신경리 1578,,,도시지역,공업지역,민간
충청남도,홍성군,메타피아1,지식산업센터,주식회사 메타비젼,승인,홍성내포도시첨단산업단지,충청남도 홍성군,도시첨단산업단지,[분양공고안]승인,공장용지,10702.70 ,47538.65 ,0.00 ,47538.65 ,,충청남도 홍성군 홍북읍 신경리 1589,분양/임대,미착공,도시지역,공업지역,민간
충청남도,홍성군,메타피아2,지식산업센터,주식회사 메타월드,승인,홍성내포도시첨단산업단지,충청남도 홍성군,도시첨단산업단지,[신설]승인,공장용지,7205.10 ,29808.87 ,20813.46 ,8995.41 ,,충청남도 홍성군 홍북읍 신경리 1676,분양/임대,미착공,도시지역,공업지역,민간
충청남도,홍성군,메타피아3,지식산업센터,주식회사 제이지디앤에스,승인,홍성내포도시첨단산업단지,충청남도 홍성군,도시첨단산업단지,[신설]승인,공장용지,5474.80 ,17161.95 ,0.00 ,17161.95 ,,충청남도 홍성군 홍북읍 신경리 1581,분양/임대,미착공,도시지역,공업지역,민간
충청남도,홍성군,메타피아4,지식산업센터,주식회사 메타월드,승인,홍성내포도시첨단산업단지,충청남도 홍성군,도시첨단산업단지,[신설]승인,공장용지,6717.00 ,27451.20 ,0.00 ,27451.20 ,,충청남도 홍성군 홍북읍 신경리 1590,분양/임대,미착공,도시지역,공업지역,민간
충청남도,홍성군,신화처럼 빌딩,지식산업센터,신화처럼,승인,홍성내포도시첨단산업단지,충청남도 홍성군,도시첨단산업단지,[신설]승인,공장용지,2774.00 ,4958.00 ,3306.00 ,1652.00 ,,충청남도 홍성군 홍북읍 신경리 1567,,,도시지역,공업지역,민간
충청남도,홍성군,용봉 프라자,지식산업센터,신화처럼,승인,홍성내포도시첨단산업단지,충청남도 홍성군,도시첨단산업단지,[신설]승인,공장용지,2773.00 ,4958.00 ,3306.00 ,1652.00 ,,충청남도 홍성군 홍북읍 신경리 1568,,,도시지역,공업지역,민간
충청남도,홍성군,우피치 스퀘어,지식산업센터,주식회사 에이치제이개발,승인,홍성내포도시첨단산업단지,충청남도 홍성군,도시첨단산업단지,[신설]승인,"공장용지, 공장용지",6582.70 ,26250.44 ,0.00 ,26250.44 ,,충청남도 홍성군 홍북읍 신경리 1603 외 1필지,분양/임대,미착공,도시지역,공업지역,민간
충청남도,홍성군,유한회사 천복개발,지식산업센터,유한회사 천복개발,승인,홍성내포도시첨단산업단지,충청남도 홍성군,도시첨단산업단지,[신설]승인,공장용지,6433.00 ,19300.00 ,0.00 ,19300.00 ,,충청남도 홍성군 홍북읍 신경리 1583,,,도시지역,공업지역,민간
충청남도,홍성군,유한회사 케이티이벤쳐스,지식산업센터,유한회사 케이티이벤쳐스,승인,홍성내포도시첨단산업단지,충청남도 홍성군,도시첨단산업단지,[신설]승인,공장용지,4583.00 ,13700.00 ,0.00 ,13700.00 ,,충청남도 홍성군 홍북읍 신경리 1630,,,도시지역,공업지역,민간
충청남도,홍성군,주식회사 홍진콘트 1BL,지식산업센터,주식회사 홍진콘트,승인,홍성내포도시첨단산업단지,충청남도 홍성군,도시첨단산업단지,[신설]승인,"공장용지, 공장용지",7527.80 ,27894.51 ,0.00 ,27894.51 ,,충청남도 홍성군 홍북읍 신경리 1569 외 1필지,,,도시지역,공업지역,민간
충청남도,홍성군,주식회사 홍진콘트 2BL,지식산업센터,주식회사 홍진콘트,승인,홍성내포도시첨단산업단지,충청남도 홍성군,도시첨단산업단지,[분양공고안]승인,공장용지,3813.40 ,12105.11 ,0.00 ,12105.11 ,,충청남도 홍성군 홍북읍 신경리 1570,,,도시지역,공업지역,민간
충청남도,홍성군,주식회사 홍진콘트 3BL,지식산업센터,주식회사 홍진콘트,승인,홍성내포도시첨단산업단지,충청남도 홍성군,도시첨단산업단지,[신설]승인,"공장용지, 공장용지",7251.30 ,27886.76 ,0.00 ,27886.76 ,,충청남도 홍성군 홍북읍 신경리 1571 외 1필지,,,도시지역,공업지역,민간
충청남도,홍성군,주식회사 홍진콘트 4BL,지식산업센터,주식회사 홍진콘트,승인,홍성내포도시첨단산업단지,충청남도 홍성군,도시첨단산업단지,[신설]승인,"공장용지, 공장용지",7231.60 ,27086.38 ,0.00 ,27086.38 ,,충청남도 홍성군 홍북읍 신경리 1573 동 층 호 외 1필지,,,도시지역,공업지역,민간
충청남도,홍성군,해피리치 지식산업센터,지식산업센터,해피리치지식산업센터관리단,등록,홍성내포도시첨단산업단지,충청남도 홍성군,도시첨단산업단지,[변경완료신고],공장용지,3220.70 ,2995.41 ,2410.36 ,585.05 ,충청남도 홍성군 홍북읍 첨단산단2길 67,충청남도 홍성군 홍북읍 신경리 1593,분양/임대,건축완료,도시지역,공업지역,민간
충청북도,영동군,일라이트 지식산업센터,지식산업센터,영동군청,등록,영동일반산업단지,충청북도 영동군,지방산업단지,[완료신고],"공장용지, 공장용지",31778.80 ,6338.41 ,2166.72 ,4171.69 ,충청북도 영동군 용산면 한곡백자전로 107-10 외 1필지,충청북도 영동군 용산면 한곡리 558 동 층 호 외 1필지,,건축중,도시지역,공업지역,공공
충청북도,음성군,T-CUBE 지식산업센터,지식산업센터,(유)빅뱅,승인,,충청북도 음성군,개별,[신설]승인,대,5249.10 ,34281.63 ,18287.34 ,15994.29 ,,충청북도 음성군 맹동면 두성리 1344,,,도시지역,주거지역,민간
충청북도,음성군,VISTA1164 지식산업센터,지식산업센터,한국투자부동산신탁(주),승인,,충청북도 음성군,개별,[분양공고안]승인,대,2116.00 ,10931.53 ,7549.38 ,3382.15 ,,충청북도 음성군 맹동면 두성리 1164,,,도시지역,주거지역,민간
충청북도,음성군,경동스마트밸리,지식산업센터,경동종합건설(주),등록,,충청북도 음성군,개별,[완료신고],대,1225.20 ,2611.37 ,1829.42 ,781.95 ,충청북도 음성군 맹동면 용두3길 5,충청북도 음성군 맹동면 두성리 1343번지,분양,건축완료,도시지역,주거지역,민간
충청북도,음성군,맹동 농협 지식산업센터,지식산업센터,맹동농업협동조합,승인,,충청북도 음성군,개별,[신설]승인,대,2584.70 ,3906.25 ,2735.05 ,1171.20 ,충청북도 음성군 맹동면 두레로 34,충청북도 음성군 맹동면 두성리 1303번지,분양,미착공,도시지역,주거지역,민간
충청북도,음성군,빛가람아이비씨 지식산업센터,지식산업센터,(주)지평아이비씨,승인,,충청북도 음성군,개별,[신설]승인,공장용지,9013.30 ,25331.08 ,14555.82 ,10775.26 ,,충청북도 음성군 맹동면 두성리 1436,,,도시지역,공업지역,민간
충청북도,음성군,스타플렉스 지식산업센터,지식산업센터,(주)코람코자산신탁,등록,,충청북도 음성군,개별,[완료신고],대,6785.70 ,27941.47 ,20434.93 ,7506.54 ,"충청북도 음성군 맹동면 용두3길 14,  동  호",충청북도 음성군 맹동면 두성리 1339  동  호  동 층  호,분양/임대,건축완료,도시지역,주거지역,민간
충청북도,음성군,신세계 지식산업센터,지식산업센터,신세계개발(주),등록,,충청북도 음성군,개별,[변경완료신고],대,2968.60 ,3896.36 ,1940.28 ,1956.08 ,충청북도 음성군 맹동면 두레로 23,충청북도 음성군 맹동면 두성리 1169번지,분양,건축완료,도시지역,주거지역,민간
충청북도,음성군,아띠랑스 지식산업센터,지식산업센터,(주)쏘울파크,승인,,충청북도 음성군,개별,[신설]승인,대,2423.70 ,7306.61 ,4805.28 ,2501.33 ,,충청북도 음성군 맹동면 두성리 1165,,,도시지역,주거지역,민간
충청북도,음성군,에비뉴씨티 지식산업센터,지식산업센터,세계(유),등록,,충청북도 음성군,개별,[완료신고],대,5142.70 ,3356.26 ,1731.00 ,1625.26 ,충청북도 음성군 맹동면 산학로 60,충청북도 음성군 맹동면 두성리 1298,분양/임대,건축완료,도시지역,주거지역,민간
충청북도,음성군,엔젤리안 지식산업센터,지식산업센터,엔젤인베스트먼트(주),등록,,충청북도 음성군,개별,[완료신고],대,3614.00 ,1198.68 ,839.45 ,359.23 ,충청북도 음성군 맹동면 용두3길 20,충청북도 음성군 맹동면 두성리 1310,분양,건축완료,도시지역,주거지역,민간
충청북도,음성군,영무인더스(2차) 비트타운,지식산업센터,(유)서지,등록,,충청북도 음성군,개별,[완료신고],대,7547.50 ,33333.83 ,17383.75 ,15950.08 ,,충청북도 음성군 맹동면 두성리 1340,분양/임대,건축완료,도시지역,주거지역,민간
충청북도,음성군,이노시티지식산업센터,지식산업센터,(유)이노시티,등록,,충청북도 음성군,개별,[완료신고],대,2500.00 ,4786.26 ,3351.01 ,1435.25 ,충청북도 음성군 맹동면 이수로 76,충청북도 음성군 맹동면 두성리 1119번지,분양/임대,건축완료,도시지역,주거지역,민간
충청북도,음성군,중앙 지식산업센터,지식산업센터,(유)알앤지,승인,,충청북도 음성군,개별,[신설]승인,대,2385.20 ,2874.14 ,893.16 ,1980.98 ,,충청북도 음성군 맹동면 두성리 1177,분양/임대,,도시지역,주거지역,민간
충청북도,음성군,충북혁신도시 클2-1-1,지식산업센터,이노시티에이(주),승인,,충청북도 음성군,개별,[신설]승인,대,2984.00 ,6102.30 ,4276.84 ,1825.46 ,충청북도 음성군 맹동면 두성리 312-1번지 [클2-1-1],충청북도 음성군 맹동면 두성리 312-1번지 [클2-1-1],분양/임대,미착공,도시지역,주거지역,민간
충청북도,음성군,충북혁신도시 클2-1-3,지식산업센터,이노시티비(주),승인,,충청북도 음성군,개별,[신설]승인,대,2848.00 ,5816.05 ,4074.97 ,1741.08 ,충청북도 음성군 맹동면 두성리 312-3번지 [클2-1-3],충청북도 음성군 맹동면 두성리 312-3번지 [클2-1-3],분양/임대,미착공,도시지역,주거지역,민간
충청북도,음성군,충북혁신도시 클2-1-4,지식산업센터,이노시티씨(주),승인,,충청북도 음성군,개별,[신설]승인,대,2326.00 ,3287.05 ,2311.50 ,975.55 ,충청북도 음성군 맹동면 두성리 312-4번지 [클2-1-4],충청북도 음성군 맹동면 두성리 312-4번지 [클2-1-4],분양/임대,미착공,도시지역,주거지역,민간
충청북도,음성군,충북혁신도시 클3-1-6,지식산업센터,(주)자연,승인,,충청북도 음성군,개별,[신설]승인,대,2397.00 ,5647.04 ,3980.38 ,1666.66 ,충청북도 음성군 맹동면 두성리 313-6번지 [클3-1-6],충청북도 음성군 맹동면 두성리 313-6번지 [클3-1-6],분양/임대,미착공,도시지역,주거지역,민간
충청북도,음성군,빛가람아이비씨 지식산업센터,지식산업센터,(주)빛가람아이비씨,승인,충북진천음성혁신도시도시첨단산업단지,충청북도 음성군,도시첨단산업단지,[신설]승인,공장용지,5977.10 ,19578.03 ,10010.97 ,9567.06 ,,충청북도 음성군 맹동면 두성리 1332,분양,미착공,도시지역,공업지역,민간
충청북도,음성군,빛가람아이비씨 지식산업센터,지식산업센터,(주)빛가람아이비씨,승인,충북진천음성혁신도시도시첨단산업단지,충청북도 음성군,도시첨단산업단지,[신설]승인,공장용지,5272.30 ,12871.01 ,8912.09 ,3958.92 ,,충청북도 음성군 맹동면 두성리 1430,분양,미착공,도시지역,공업지역,민간
충청북도,음성군,빛가람아이비씨 지식산업센터,지식산업센터,(주)빛가람아이비씨,등록,충북진천음성혁신도시도시첨단산업단지,충청북도 음성군,도시첨단산업단지,[완료신고],공장용지,5274.70 ,12579.17 ,11431.60 ,1147.57 ,,충청북도 음성군 맹동면 두성리 1424,분양,미착공,도시지역,공업지역,민간
충청북도,음성군,충북혁신 영무인더스,지식산업센터,(주)홍진하우징,등록,충북진천음성혁신도시도시첨단산업단지,충청북도 음성군,도시첨단산업단지,[완료신고],공장용지,5862.70 ,16393.44 ,15039.39 ,1354.05 ,충청북도 음성군 맹동면 용두5길 5,충청북도 음성군 맹동면 두성리 1429 동 층 호,분양,건축완료,도시지역,공업지역,민간
충청북도,제천시,천연물지식산업센터,지식산업센터,제천시,승인,제천제2산업단지,충청북도 제천시,지방산업단지,[신설]승인,대,7399.60 ,10307.94 ,4548.72 ,5759.22 ,,충청북도 제천시 왕암동 1357,,미착공,도시지역,공업지역,공공
충청북도,청주시 청원구,브라이트밸리 오창,지식산업센터,주식회사 더청림,승인,,충청북도 청주시,개별,[신설변경]승인,"대, 대",1350.10 ,16417.24 ,9138.92 ,7278.32 ,,충청북도 청주시 청원구 오창읍 양청리 809-3 외 1필지,분양/임대,미착공,도시지역,상업지역,민간
충청북도,청주시 청원구,오창 미래코브,지식산업센터,(주)혜움,승인,청주오창과학일반산업단지,오창과학산업단지관리공단,지방산업단지,[신설]승인,공장용지,7457.60 ,45205.55 ,19999.11 ,25206.44 ,충청북도 청주시 청원구 오창읍 양청송대길 18,충청북도 청주시 청원구 오창읍 양청리 810-7,분양/임대,미착공,도시지역,공업지역,민간
충청북도,청주시 청원구,청주 청원구 오창읍 각리 644-5 지식산업센터,지식산업센터,(주)명정보기술,승인,청주오창과학일반산업단지,오창과학산업단지관리공단,지방산업단지,[신설]승인,공장용지,9848.20 ,88745.03 ,39957.87 ,48787.16 ,충청북도 청주시 청원구 오창읍 과학산업3로 168,충청북도 청주시 청원구 오창읍 각리 644-5,분양,,도시지역,공업지역,민간
충청북도,청주시 청원구,청주미래누리터,지식산업센터,청주시,등록,청주오창과학일반산업단지,오창과학산업단지관리공단,지방산업단지,[완료신고],대,8342.45 ,8397.49 ,2557.32 ,5840.17 ,충청북도 청주시 청원구 오창읍 양청송대길 10,충청북도 청주시 청원구 오창읍 양청리 810-13번지,임대,건축완료,도시지역,주거지역,공공
충청북도,청주시 흥덕구,HS비즈타워 ,지식산업센터,한세이프(주) ,등록,청주일반산업단지,청주산업단지관리공단,지방산업단지,[완료신고],공장용지,1659.00 ,9982.29 ,2902.58 ,7079.71 ,충청북도 청주시 흥덕구 직지대로 442 (송정동),충청북도 청주시 흥덕구 송정동 70-60번지,분양,건축완료,도시지역,공업지역,민간
충청북도,청주시 흥덕구,세중테크노밸리,지식산업센터,(주)세중,등록,청주일반산업단지,청주산업단지관리공단,지방산업단지,[변경완료신고],"공장용지, 공장용지",6992.00 ,39896.59 ,13758.58 ,26138.01 ,"충청북도 청주시 흥덕구 공단로 134 (송정동, 세중테크노밸리) 외 1필지",충청북도 청주시흥덕구 송정동 279-5 번지 외 1필지,분양/임대,건축완료,도시지역,공업지역,민간
충청북도,청주시 흥덕구,스타에이치(벤처스마트복합산업센터),지식산업센터,한국투자부동산신탁(주),등록,청주일반산업단지,청주산업단지관리공단,지방산업단지,[완료신고],공장용지,7348.00 ,41248.99 ,11377.55 ,29871.44 ,"충청북도 청주시 흥덕구 공단로 100(복대동, 청주 벤처스마트 지식산업센터)",충청북도 청주시 흥덕구 복대동 265-12 청주 벤처스마트 지식산업센터,분양,건축완료,도시지역,공업지역,민간
충청북도,청주시 흥덕구,직지스타,지식산업센터,(주)하나자산신탁,등록,청주일반산업단지,청주산업단지관리공단,지방산업단지,[변경완료신고],"공장용지, 공장용지, 공장용지",10655.00 ,62534.01 ,11720.36 ,50813.65 ,충청북도 청주시 흥덕구 직지대로436번길 76 (송정동) 외 2필지,충청북도 청주시 흥덕구 송정동 70-73 외 2필지,분양/임대,건축완료,도시지역,공업지역,민간
충청북도,청주시 흥덕구,청주산업단지 스타트업센터,지식산업센터,(사)청주산업단지관리공단,승인,청주일반산업단지,청주산업단지관리공단,지방산업단지,[신설]승인,"공장용지, 공장용지",5379.00 ,4088.58 ,1726.45 ,2362.13 ,,충청북도 청주시 흥덕구 송정동 248-16 외 1필지,,건축중,도시지역,공업지역,민간
충청북도,청주시 흥덕구,청주테크노S타워,지식산업센터,도시개발(주),등록,청주일반산업단지,청주산업단지관리공단,지방산업단지,[변경완료신고],공장용지,9037.00 ,26129.38 ,9271.61 ,16857.77 ,충청북도 청주시 흥덕구 직지대로 530,충청북도 청주시 흥덕구 송정동 407번지,분양,건축완료,도시지역,공업지역,민간
충청북도,청주시 흥덕구,티원타워 ,지식산업센터,(주)삼다산업개발,등록,청주일반산업단지,청주산업단지관리공단,지방산업단지,[변경완료신고],"공장용지, 공장용지, 공장용지",7316.00 ,40763.33 ,9437.72 ,31325.61 ,충청북도 청주시 흥덕구 봉명로 31 (복대동) 외 2필지,충청북도 청주시 흥덕구 복대동 100-5번지 외 2필지,분양/임대,건축완료,도시지역,공업지역,민간
충청북도,충주시,충주 지식산업센터,지식산업센터,충주시청,승인,,충청북도 충주시,개별,[신설]승인,,7328.10 ,9654.70 ,4388.42 ,5266.28 ,,충청북도 충주시 주덕읍 화곡리 1256-1,임대,미착공,도시지역,공업지역,공공
